timestamp,temperature_C,salinity_ppt,dissolved_oxygen_mgL,pH,ammonia_mgL
2025-01-01 00:00:00,15.944428456897048,2.8457654967738324,7.387133669577965,7.421132706816006,0.0296907728754389
2025-01-01 01:00:00,16.230657853867015,2.1139781055744873,7.271564435088363,7.401655350902934,0.02600791151032184
2025-01-01 02:00:00,15.814551636814157,2.4937248731839143,7.101772730022523,7.326022435290055,0.03994155135527125
2025-01-01 03:00:00,16.77033859647371,2.4640619867154188,6.810345020553756,7.452431786162541,0.030948196554025927
2025-01-01 04:00:00,16.801158037228873,2.4441638107368853,6.520277454955416,7.1118276373327705,0.04387395610122314
2025-01-01 05:00:00,15.256598037145686,2.4464093124913853,7.733624277558033,7.413490632509436,0.05105435867656444
2025-01-01 06:00:00,16.873108248090876,2.4249467897280383,6.388651514495614,7.320562034080619,0.04531536130006675
2025-01-01 07:00:00,14.72772409059227,2.3435543957749108,7.553715312690851,7.427852331390129,0.046198014016064125
2025-01-01 08:00:00,15.518224936658141,2.5342250006851392,6.962178140761717,7.522653615906261,0.00981696818949971
2025-01-01 09:00:00,15.790319782590934,2.6418867226479925,6.562497762844083,7.411316024455078,0.03871874061236487
2025-01-01 10:00:00,16.246788025443035,2.2158699913753797,6.884490594584452,7.378327354596155,0.03247537739994153
2025-01-01 11:00:00,15.65610018429284,2.2942440980044423,7.007440925114765,7.54026778127964,0.027999584739032156
2025-01-01 12:00:00,15.967932710624352,2.856456028680682,7.159758440030564,7.373938569641007,0.05867229867600562
2025-01-01 13:00:00,16.755706719773002,2.5271390730667926,6.278700300726425,7.3078926832714615,0.041374976212132396
2025-01-01 14:00:00,16.520702171580336,2.1825303182863474,6.880734489500996,7.179310456277979,0.042559638323810337
2025-01-01 15:00:00,17.712864603205578,2.1591826879911924,6.696094236376689,7.402364777377518,0.030848894068920583
2025-01-01 16:00:00,16.38255585659013,2.213479534795176,6.8678500240989715,7.3948575085699355,0.03182796345875249
2025-01-01 17:00:00,16.597393275983187,2.5501919430052333,7.0534461268725615,7.188481092358233,0.04931542559729799
2025-01-01 18:00:00,16.06902028067622,2.4656263569077237,6.758695931566288,7.381180442643737,0.03666432857191843
2025-01-01 19:00:00,17.013580402864143,2.5646512203853007,6.959482634385424,7.39208221066987,0.04636001771323093
2025-01-01 20:00:00,16.22133326031776,2.5783099921395527,6.702804039526931,7.3819327828558485,0.04698005309062479
2025-01-01 21:00:00,17.32238638038488,2.5912398922011084,6.550564987411853,7.319556966411008,0.044765817094300143
2025-01-01 22:00:00,16.0778585899383,2.343302704573305,6.817011608799791,7.121758725836665,0.04593273634444926
2025-01-01 23:00:00,16.822846443983522,2.53549846590215,6.84843144769679,7.456298543364222,0.03942246489522789
2025-01-02 00:00:00,16.51306563669901,2.313609169584516,6.917486820111578,7.2167052292945275,0.04450738857233197
2025-01-02 01:00:00,16.724370489215325,2.567448988707692,6.563359808663313,7.456036359931298,0.061151059589393306
2025-01-02 02:00:00,16.64209880699016,2.692813598232772,6.819405217407659,7.429637181357333,0.05144259087209238
2025-01-02 03:00:00,16.396392070943804,2.4602934459947003,6.598134038356474,7.0720088333284865,0.04126820543333385
2025-01-02 04:00:00,16.145533801957434,2.4095941291059257,7.235412251995654,7.486394822419094,0.04651169493015791
2025-01-02 05:00:00,16.972718883294622,2.2427736021106823,6.833109969396323,7.296338726336986,0.041500611600748735
2025-01-02 06:00:00,16.01479399089897,2.2234363857235997,6.937214203288999,7.405364850851861,0.04689949243384308
2025-01-02 07:00:00,16.953230652925924,2.6056013831906486,6.634253817052598,7.210654228093155,0.05188417136986566
2025-01-02 08:00:00,16.329835215272272,2.7259184806888097,6.679988052933332,7.367733677554175,0.05378672209104297
2025-01-02 09:00:00,16.945331650663874,2.3463910139679225,7.4180467962592145,7.413242351160327,0.058758160151344205
2025-01-02 10:00:00,,2.549894124577589,6.549156681810389,7.460119821084102,0.03726298235604016
2025-01-02 11:00:00,16.474371042489608,2.6405344752047015,6.503306555274618,7.365294147342527,0.049017862244698916
2025-01-02 12:00:00,16.53880946574226,1.9990964059823275,6.780922687532878,7.315842866323204,0.04712388030957701
2025-01-02 13:00:00,16.92568193901759,2.679211277675952,6.561657635786783,7.373019414130338,0.059074896736265016
2025-01-02 14:00:00,17.73530064326862,2.6318974875978234,6.295590245076181,7.576693981908993,0.05795728297999486
2025-01-02 15:00:00,16.96228660908881,2.4248082714327803,7.003520461778849,7.083014681577639,0.0412908345269619
2025-01-02 16:00:00,16.911738637972082,2.5507270352455906,6.871438454231342,7.348048318988686,0.062273352319785494
2025-01-02 17:00:00,17.786438376640557,2.5334561766203683,6.122504382176105,7.426989713277206,0.037858598924844535
2025-01-02 18:00:00,16.689868338098076,2.1865983193836556,7.0366411035482725,7.31285681306226,0.05135235797894715
2025-01-02 19:00:00,17.69995750146644,2.4571794849895654,6.586104269970649,7.519235371895665,0.05374500362095726
2025-01-02 20:00:00,16.41040077617065,2.5341408353354598,7.149299777735309,7.408659940738808,0.05144501969278678
2025-01-02 21:00:00,17.134282017224052,2.3323272099613037,5.964176411510008,7.403958614817726,0.04852653021955708
2025-01-02 22:00:00,17.664782111417026,2.202048802017247,6.362354415364458,7.417337020667817,0.043431867530159464
2025-01-02 23:00:00,17.220191016656084,2.583630699250628,6.774377578970536,7.438028170058493,0.050368282000541054
2025-01-03 00:00:00,17.164830856319142,2.7083201619699415,6.710227545364736,7.34266553176053,0.054322228731669864
2025-01-03 01:00:00,17.17815802273488,2.402809873114474,6.629581500290448,7.435940713893321,0.04542207659951938
2025-01-03 02:00:00,16.913902048967554,2.748294340540672,6.015503672140253,7.494379587312507,0.034447603948405445
2025-01-03 03:00:00,15.974806588303428,2.577672691247673,7.146481349953264,7.36258939001847,0.03423245465612038
2025-01-03 04:00:00,17.318687765668297,2.562994042733145,5.926612342026873,7.355839860566084,0.04355157752477403
2025-01-03 05:00:00,17.066375427436594,1.9770852261546712,6.753589418935889,7.413540700220469,0.03273419816457391
2025-01-03 06:00:00,18.2254463482161,2.520375274210005,6.191512979421905,7.482394679910385,0.041680429897481386
2025-01-03 07:00:00,16.980526191488902,2.329305324399613,6.477326687160634,7.626785784174274,0.04723008488041987
2025-01-03 08:00:00,17.34683248462275,2.800849620192819,6.908787696788713,7.323816029822994,0.03693620744203292
2025-01-03 09:00:00,16.860856890851856,2.727328865596802,6.990401540215435,7.534320798158792,0.04286886057242776
2025-01-03 10:00:00,17.77183764406624,2.563568071052759,5.956351773619474,7.2099082364165055,0.04744766590218375
2025-01-03 11:00:00,17.311241003595384,2.7800368767270847,6.278743777562317,7.597681558608405,0.03923900228773226
2025-01-03 12:00:00,17.927986575312403,2.3898923530855196,6.252636919113498,7.4949071730430665,0.04061128804960836
2025-01-03 13:00:00,18.167301254551802,2.2790101648386503,6.357442401903932,7.5080469673745505,0.036733553787249656
2025-01-03 14:00:00,17.04349524454415,2.3864322037427255,7.15526966555839,7.314882861134616,0.042341212704029026
2025-01-03 15:00:00,17.41832198951063,2.528654125934625,6.707905529066573,7.445231507362689,0.040281900102188614
2025-01-03 16:00:00,17.64805319936745,2.7920341919390954,6.451951213761083,7.139375436591788,0.04785387915018217
2025-01-03 17:00:00,18.280979336491274,2.5281832441229493,6.378560538883653,7.30614706730714,0.06348382876559712
2025-01-03 18:00:00,17.842647496492397,2.0550167844380636,6.043357477088302,7.358673732630898,0.05506798516603552
2025-01-03 19:00:00,18.095862366453517,2.458212023047063,6.1190389404503955,7.184894108230002,0.04237542241582645
2025-01-03 20:00:00,17.655041544781206,2.240994223738526,6.477061730987518,7.370643886260697,0.055015157785608323
2025-01-03 21:00:00,16.76771222218841,2.4781866392017005,6.76776687049486,7.584059545286261,0.04263784605205451
2025-01-03 22:00:00,16.757073486351008,2.486902209714038,6.628254803426282,7.3835604873814376,0.04475269698242586
2025-01-03 23:00:00,18.432627750270576,2.7558748418163543,6.059444115488161,7.333470686488072,0.04483852927659259
2025-01-04 00:00:00,17.731513653779746,,6.6378969555560055,7.268305897995706,0.032619607428985745
2025-01-04 01:00:00,17.293617231293677,2.2830075629943276,7.216883958286891,7.598321537364079,0.04123616501150522
2025-01-04 02:00:00,17.612509882533793,2.4179766692559244,6.602125753449895,7.283233393852277,
2025-01-04 03:00:00,18.356158186437636,2.3259601469116546,6.417872945257015,7.256479096210851,0.03294141328106435
2025-01-04 04:00:00,17.8075466387605,2.552900681748903,6.3931243003606815,7.383850655455171,0.03673238877511764
2025-01-04 05:00:00,18.38211299026329,2.2532105647791156,6.342830353804648,7.461198962012821,0.051332466471702906
2025-01-04 06:00:00,17.86263639016714,2.186316547434863,5.961107384952986,7.565151934138242,0.021700002082274922
2025-01-04 07:00:00,18.548102532318964,2.2860347733496704,6.264961096110661,7.124638348243283,0.03296981454652683
2025-01-04 08:00:00,18.16373221997574,2.490514898659615,6.399347422448099,7.542658434395965,0.03413629123754663
2025-01-04 09:00:00,17.99434684875509,2.7661660869896605,6.630316990458511,7.425929563055844,0.03900601412052481
2025-01-04 10:00:00,18.151352181544315,2.169965712435143,6.330405280359258,7.269893089033291,0.04390007277224282
2025-01-04 11:00:00,17.720757049678372,2.247651652942152,6.755766667719449,7.410343326657517,0.029904387826675188
2025-01-04 12:00:00,18.303735444309954,2.1703331205953034,6.59283848430893,7.332863782210435,0.03484735510621675
2025-01-04 13:00:00,18.459896167589733,2.3953828056767468,6.2297637813815125,7.328861082912077,0.045780290924018564
2025-01-04 14:00:00,17.833417432387822,2.7771441650406734,6.300363107041672,7.359194418137591,0.042233816942314754
2025-01-04 15:00:00,17.95069281703979,2.459950868717101,6.297101764594418,7.308093619379954,0.03188765965691229
2025-01-04 16:00:00,17.57079513655871,2.2657469871351994,6.391401261694946,7.292826998785712,0.032438546895610806
2025-01-04 17:00:00,18.56882105477735,2.2906139179627014,5.854113120187293,7.505799523311797,0.01884831673999114
2025-01-04 18:00:00,17.734049058137852,2.228876589624755,6.57217421474769,7.453388837469927,0.023605312362666386
2025-01-04 19:00:00,18.47013259967899,2.406349692699473,6.397977226072354,7.431982388211489,0.03932185642311385
2025-01-04 20:00:00,17.979285141537233,2.498030078366263,6.161373129181008,7.449536363348339,0.027984256625446496
2025-01-04 21:00:00,17.979792089333337,2.3243954075712283,6.273176488047917,7.271208408261063,0.042741070965082804
2025-01-04 22:00:00,18.105846682903977,2.3527085613687575,6.684152534124072,7.4430412833208415,0.0396378154704996
2025-01-04 23:00:00,17.07563408680215,2.1783604063256794,6.050979350646681,7.315715032544183,0.030566887951779195
2025-01-05 00:00:00,17.64657282064161,2.6829750770183467,6.225336854474983,7.304007178258013,0.03912091905144918
2025-01-05 01:00:00,18.508469233318046,2.6379714231806237,6.456895972457505,7.466547305400242,0.02153151552463481
2025-01-05 02:00:00,18.03177009258785,2.563833058553712,6.278082272312674,7.28396971777844,0.030574763323606376
2025-01-05 03:00:00,18.637473458334597,2.7575562786241012,6.021791351841118,7.453235343570718,0.03632807009197733
2025-01-05 04:00:00,17.83077858506005,2.312107331109228,6.593996645290692,7.159423557266103,0.012787926781162673
2025-01-05 05:00:00,18.57949798197697,2.391486489872784,6.195402887409908,7.359055674810481,0.030936030755488873
2025-01-05 06:00:00,18.718385783192065,2.803084101902478,6.024822289945124,7.269199057228574,0.03183974519637297
2025-01-05 07:00:00,18.001290582541838,2.616307989256233,6.571392655591954,7.4649336782543845,0.024548654704072942
2025-01-05 08:00:00,17.865148045013573,2.5545984405277804,6.910338591046173,7.616547222239621,0.04068295619723804
2025-01-05 09:00:00,18.10576914775512,2.614855460964911,6.3693996063724905,7.350501310579552,0.0120646316028958
2025-01-05 10:00:00,18.296432833972478,2.5616310712833466,6.954701586931339,7.651255034306926,0.014803626215776924
2025-01-05 11:00:00,17.695342341802572,2.609631655778364,6.387934696528337,7.41653719532911,0.041395154022845895
2025-01-05 12:00:00,18.34212079504913,2.2422531951071183,6.411315024202495,7.162358754800371,0.02459617987178784
2025-01-05 13:00:00,18.677640711403345,2.0511293244811757,5.980410973653651,7.406551598340747,0.017271973112724
2025-01-05 14:00:00,17.62704153140158,2.6198628243977664,6.882420125098287,7.491927968701817,0.024960406137776472
2025-01-05 15:00:00,17.715294861914632,2.9588708228607086,6.443880252771365,7.400066905858105,0.01931881810598686
2025-01-05 16:00:00,18.80365623633255,2.2417218004936004,6.463060213701174,7.411603781051405,0.017297619084037076
2025-01-05 17:00:00,18.58161941633331,2.5750360042374165,6.38076444440794,7.308021493061001,0.014895637121930488
2025-01-05 18:00:00,18.542392312862177,2.6187110664432267,6.434525750081223,7.454692180150904,0.020010621992648435
2025-01-05 19:00:00,18.527318414497902,2.707466853927212,6.603322521041196,7.424690353912315,0.0349091311777297
2025-01-05 20:00:00,18.341273300023737,2.8989801409902087,6.304728540045727,7.474569124666998,0.027065188040906137
2025-01-05 21:00:00,19.075649114548874,2.967908425763831,6.165350523814866,7.583188288070219,0.026767590981390973
2025-01-05 22:00:00,18.096377826434413,2.5085264940747236,6.12421435528296,7.431346733446305,
2025-01-05 23:00:00,18.713440681301876,2.4721305657810593,6.082389551211879,7.347605750845363,0.02224313841839399
2025-01-06 00:00:00,18.80816535945052,2.4672460460283214,6.188722608376507,7.2607169054003755,0.018122255564938836
2025-01-06 01:00:00,,2.717693523110508,6.2311257811699745,7.588086086081174,0.02871959075814911
2025-01-06 02:00:00,18.981162369314635,2.3689249023427528,6.3083574804871265,7.293605282679892,0.031838518898837515
2025-01-06 03:00:00,18.388474623971838,2.193395958798315,6.408387997999427,7.638680035865492,0.036509532898305996
2025-01-06 04:00:00,18.180373072836648,2.3661487928857845,6.856689514672672,7.502582161659472,0.02274636634850941
2025-01-06 05:00:00,,2.5975327922739218,6.609214290378832,7.4984345475881184,0.029276180011536593
2025-01-06 06:00:00,18.518605540825195,2.6989899628632665,5.852904079424855,7.339203375430152,0.018528712643944095
2025-01-06 07:00:00,18.797492866124188,2.6508070688313676,6.059126754083643,7.375040438385038,0.0070066356398904225
2025-01-06 08:00:00,18.17813762884131,2.4672109194902454,6.623775010757242,7.51816056377597,0.030008600721749667
2025-01-06 09:00:00,18.421542680852827,2.5035152095903,6.302572352815672,7.220561700054699,0.033397072374713566
2025-01-06 10:00:00,17.924660170902012,2.534674391849017,6.296693869524787,7.584564546669358,0.029253271887576527
2025-01-06 11:00:00,18.786367004228687,2.6385661494541433,6.103443715857563,7.505850790645795,0.020520838745259253
2025-01-06 12:00:00,18.102729368706182,2.2666146001269563,6.760979072601962,7.525199974566745,0.029759773119983575
2025-01-06 13:00:00,18.53661836159064,2.461072871527331,6.254271941319082,7.37220487875767,0.03890806023234554
2025-01-06 14:00:00,18.67439519821052,2.4946070850735333,6.279991955272359,7.399416085306689,0.026110137516492743
2025-01-06 15:00:00,19.870435350479386,2.3617228310423695,6.07828867375694,7.380153265150198,0.020614634915608616
2025-01-06 16:00:00,19.170996552571676,2.469034855868153,6.437722516904023,7.432511258799765,0.029412851556296145
2025-01-06 17:00:00,19.339228667789477,2.5086326564091386,6.0727639600628125,7.347094104748644,0.018114610931399558
2025-01-06 18:00:00,19.45422925308436,2.345184172293833,5.601151705353917,7.5608966124317,0.03057597966329388
2025-01-06 19:00:00,17.6116383484507,2.602733565173596,6.559167150064715,7.405298087397253,0.020399753710213256
2025-01-06 20:00:00,19.360730047336947,2.9042478415167885,6.417323105819376,7.409361645189202,0.03460395179231013
2025-01-06 21:00:00,18.858257712828063,2.6904459969449817,6.275941644413493,7.364764081366017,0.030960273848168123
2025-01-06 22:00:00,19.10872466352296,2.531202603759432,6.00397404897178,7.417517540798783,0.01882305372446004
2025-01-06 23:00:00,18.98299692578208,2.6222928714939915,6.309136568712882,7.274572729029581,0.027867571843152916
2025-01-07 00:00:00,18.7967589661265,2.5729941378708205,6.104604153735327,7.294390620597462,0.028531362159565317
2025-01-07 01:00:00,18.7836032697885,2.217771089433976,6.849627560653385,7.3827484950925,0.011258300844492954
2025-01-07 02:00:00,18.9585010280756,2.512995726989239,6.117015308492777,7.200818975414051,0.04211692474717714
2025-01-07 03:00:00,19.127910742660283,2.3096799613613808,5.8487712604476805,7.37966896234135,0.015396480221123459
2025-01-07 04:00:00,19.209961473216758,2.2668473334225605,6.058391686835405,7.139770969330967,0.03130999476561623
2025-01-07 05:00:00,19.444429512850842,2.4960407401962805,5.867583233474736,7.32975270466557,0.020845765211063516
2025-01-07 06:00:00,18.371253101403873,2.2440090646607462,6.337734390868722,7.49214427788069,0.03237937188149108
2025-01-07 07:00:00,19.181155643348287,2.3664850757202847,6.00088543426982,7.586921809629266,0.029574537997220963
2025-01-07 08:00:00,19.21352498954581,2.50544897882132,6.132679738873052,7.251402593595479,0.02930900858539846
2025-01-07 09:00:00,19.38973159416754,2.8340612967957655,5.758217073509845,7.4425141857246295,0.03776426722532373
2025-01-07 10:00:00,18.92710902614372,2.4950495301098767,6.538399136648273,7.49860632034026,0.024509520413296283
2025-01-07 11:00:00,18.270709897790514,2.67115530556538,6.283417176323662,7.307213763328956,0.027776400620214328
2025-01-07 12:00:00,18.831112076203,2.1292500009287605,6.127774095518825,7.471189189856686,0.029238082417104766
2025-01-07 13:00:00,18.854538376502614,2.045792671250325,5.724538513280423,7.325635121051576,0.029117627350669487
2025-01-07 14:00:00,18.342311161572674,2.7860807958743017,6.495578766018912,7.492647571572999,0.024615606860656
2025-01-07 15:00:00,18.926806928848492,2.233634091189004,6.477787145667637,7.414901962892262,0.03535301051066624
2025-01-07 16:00:00,18.602243562056742,2.2908402119792677,6.383857690979464,7.487886264205499,0.03994138856020121
2025-01-07 17:00:00,17.877350965474058,2.3757869378093286,6.6156689331916985,7.546750660338184,0.048772169142562646
2025-01-07 18:00:00,19.73795242211374,2.1927928664115455,6.3931292607156385,7.560017040115098,0.025370077916850305
2025-01-07 19:00:00,18.9621562409155,2.520207041717007,6.049088771055864,7.482771283666414,0.029915906255669773
2025-01-07 20:00:00,19.94336877286263,2.21415908219362,6.154173713058921,7.486578417439866,0.03138452294368144
2025-01-07 21:00:00,19.516888486947064,2.3396966914788817,6.094179786201666,7.503428914496599,0.03657256219978545
2025-01-07 22:00:00,18.75992307939683,2.3756840343068992,5.722801983850467,7.264203355475582,0.027111113918835597
2025-01-07 23:00:00,18.194741635143597,2.6335727192532015,6.327223824297172,7.396685838634199,0.02454883323036601
2025-01-08 00:00:00,19.26640477039646,1.8942838237355843,6.010981070732873,7.501770898705247,0.04279689328387418
2025-01-08 01:00:00,19.38936035066081,2.921640501296938,6.205050978884498,7.390997051222603,0.03319977378868005
2025-01-08 02:00:00,18.958328216681046,2.2711449146733984,6.15164969425858,7.2151000051478915,0.030540931118514622
2025-01-08 03:00:00,18.818639158601208,2.800545339611628,6.144487487223292,7.52064317234422,0.03548907564772537
2025-01-08 04:00:00,19.26506320015409,2.457385584540357,6.309265933939725,7.42464750725326,0.041711481361784555
2025-01-08 05:00:00,19.11808493642159,2.448770311019406,5.805868520839282,7.307924818114305,0.03217565394847981
2025-01-08 06:00:00,19.59922495894312,2.742163762919617,5.919701603220805,7.41147374039093,0.03557526745192595
2025-01-08 07:00:00,19.568761348823827,,6.0689311256158165,7.275157752459198,0.04029901264408048
2025-01-08 08:00:00,18.241972243952944,2.2254761362284117,6.348338623907059,7.426270683547869,
2025-01-08 09:00:00,18.379577316781095,2.9244783652878317,6.0088361106304635,7.311710377998506,0.0457846134040322
2025-01-08 10:00:00,19.1546913368287,2.775351231791184,6.08000658141273,7.398573626922549,0.02604261524025711
2025-01-08 11:00:00,20.000742818975905,2.4685448178350784,5.980465239620897,7.3462991936870505,0.04939084737089312
2025-01-08 12:00:00,19.69460376613771,2.3292451543471073,6.160722266455387,7.388874004838296,0.04118637319070158
2025-01-08 13:00:00,19.19456955044275,2.5486396663206015,5.903560171812228,7.267648741971028,0.0520391284267833
2025-01-08 14:00:00,18.66865585488945,2.557486195813583,6.418088053995377,7.343028165920785,0.05548884683005307
2025-01-08 15:00:00,18.992042396288838,2.3606233326905803,6.149755036623913,7.407652571247688,0.05600401231911095
2025-01-08 16:00:00,19.507003922843396,2.48713706733932,6.418328278561708,7.231785501616365,0.0596409357990578
2025-01-08 17:00:00,18.422896645647864,2.558996839635088,,7.513734772046273,0.05952003897220863
2025-01-08 18:00:00,19.29832188162506,2.4112757933324334,6.166453794375104,7.627146210639531,0.04897198319466498
2025-01-08 19:00:00,19.40313465718102,2.249708109615371,6.187503210778411,7.48853027799963,0.04739537768270547
2025-01-08 20:00:00,19.322928613989582,2.1102252282288303,6.2085788148892735,7.294257025706008,0.04533732398622343
2025-01-08 21:00:00,19.493733647511252,2.433504866489117,6.115229574423568,7.33901280918969,0.03938018551849984
2025-01-08 22:00:00,17.79286505364526,2.6518654114891125,6.388893721202014,7.4009179084863295,0.032488521499042466
2025-01-08 23:00:00,18.78602095327481,2.4191042327528027,6.100936137239948,7.407752031909307,0.05342833288669762
2025-01-09 00:00:00,18.536545103902988,2.4495853203460562,6.133323468116975,7.388255568465123,0.043093489493901294
2025-01-09 01:00:00,18.13391188877649,2.1365424582374946,6.625366215433323,7.5918178423221345,0.042024474707644574
2025-01-09 02:00:00,18.364423513608422,2.3611437413987866,6.495791727766404,7.299649937880963,0.0405007429189679
2025-01-09 03:00:00,19.465462526589537,2.6764258023698013,6.187937243427939,7.105366564464841,0.04589261053067188
2025-01-09 04:00:00,19.127488907998924,2.371231259848091,5.911956717129779,7.324529233930088,0.04893776942983771
2025-01-09 05:00:00,20.156099798443385,2.471970368103665,5.334686456455639,7.46604738574749,0.03362882647570722
2025-01-09 06:00:00,18.962509581702175,2.5285586124404227,6.252570757642739,7.297616860250953,0.041122356056275594
2025-01-09 07:00:00,18.48386990026452,2.382928429744088,6.6524610719252815,7.429163556563469,0.044998159111841275
2025-01-09 08:00:00,18.822953049221002,2.254774906456876,6.217013819069612,7.463901635479335,0.043358060649087135
2025-01-09 09:00:00,18.94317100943107,2.302797774282518,6.067461674795096,7.327343570099468,0.029434755801972738
2025-01-09 10:00:00,18.960560056805953,2.4786641651295134,6.339836110300913,7.443273379318415,0.047319999792725255
2025-01-09 11:00:00,18.45631018202181,2.2082464722192814,6.498574257221356,7.437473433133391,0.03532860426309953
2025-01-09 12:00:00,18.39057762167177,2.538889631203508,6.254587594080463,7.398310965562566,0.049314878989646906
2025-01-09 13:00:00,18.733227414016483,2.7086336175782724,6.3288127371015435,7.540378420044964,0.04178318257838824
2025-01-09 14:00:00,19.607573447046036,1.9343072526316742,6.308057765954209,7.445896382560138,0.041152761977408955
2025-01-09 15:00:00,18.746614296563667,2.9682651068789814,6.043028040361817,7.442088147902154,0.055293566816918285
2025-01-09 16:00:00,18.84454597875051,2.4147286272407955,6.491700878167645,7.324405880244129,0.04525842442929082
2025-01-09 17:00:00,18.62198066926004,2.332530269827143,5.940457426427345,7.640327833593812,0.04633370335543239
2025-01-09 18:00:00,18.00344132761945,2.6772373345868976,6.2593484323664565,7.514105284968429,0.04577506934656928
2025-01-09 19:00:00,19.072923939097947,2.926344207055584,5.994090250404383,7.260597012955533,0.05748719203575533
2025-01-09 20:00:00,18.377203330294048,2.328806873009748,6.0983996062660495,7.471751862925947,0.045314110352465374
2025-01-09 21:00:00,20.125914081020774,2.313718033086416,6.047715974157105,7.316522927531593,0.049986392563426005
2025-01-09 22:00:00,18.776425935035537,2.4554894234973417,6.504769456843027,7.0911527601436,0.044980910361451874
2025-01-09 23:00:00,18.289450401215166,2.6017888344333633,6.253955483288247,7.354809135979931,0.044049371942011896
2025-01-10 00:00:00,20.38540784382034,2.4340132746108147,5.680051135782689,7.3542060142490095,0.045307847291285806
2025-01-10 01:00:00,18.781986347970054,2.4424266975291524,5.934203194287397,7.445676002170723,0.04619111915688237
2025-01-10 02:00:00,19.32864680878651,2.356131524828306,5.282690460866539,7.394358576103823,0.05257471357683585
2025-01-10 03:00:00,19.18559997585021,2.992511069229354,6.679329043275443,7.444118544907594,0.0547749155470806
2025-01-10 04:00:00,19.912728800966434,2.271065511204527,6.352464512705996,7.406727765705653,0.055825815924764516
2025-01-10 05:00:00,19.39575590669622,1.972883515034688,6.081271518488005,7.381842836372437,0.06718753884936421
2025-01-10 06:00:00,18.023616042036558,2.622162231412693,6.5591183941155,7.469805566318158,0.044339974629612394
2025-01-10 07:00:00,18.86066335193889,2.4738766033050634,6.195379239951577,7.434129328161525,0.041603320264950006
2025-01-10 08:00:00,18.607541188804138,2.6233804090872015,6.2779273438810215,7.294262798402941,0.07139456142677633
2025-01-10 09:00:00,18.97765711718928,2.62601246867304,5.831409719392571,7.429395600495037,0.048484420751041715
2025-01-10 10:00:00,19.14335738450574,2.432560466404526,6.3141904578109695,7.250234511754233,0.025963352946097792
2025-01-10 11:00:00,18.250669947789454,2.5066180595035594,6.0445405425381935,7.307857714075834,0.045633676594161884
2025-01-10 12:00:00,18.6519365501951,2.331523056944429,6.045538730600153,7.333260556846761,0.04487856394771041
2025-01-10 13:00:00,18.209182179339443,2.5504279848033935,6.158665395548464,7.368340770756457,0.038224715428065714
2025-01-10 14:00:00,18.60193654304224,2.5966046402162286,6.6422761196989235,7.485123486408416,0.02587301625989625
2025-01-10 15:00:00,17.8258288776906,2.682064732272231,6.678373955804393,7.348952516350741,0.05226350591722176
2025-01-10 16:00:00,18.099525471265796,2.375915859828069,6.231628857096714,7.471444320649884,0.0485269970180304
2025-01-10 17:00:00,18.692993221143006,2.667034859312482,6.01843594444108,7.427140580881727,0.04005356323044701
2025-01-10 18:00:00,17.910595515770908,2.518358991646707,6.3803898552802245,7.531872030193092,0.05480922479704768
2025-01-10 19:00:00,18.208836564464175,2.619454213388921,6.095307859641751,7.448363128969049,0.04305061814414138
2025-01-10 20:00:00,18.808571002348984,2.6895395870339027,5.836649586559427,7.380012155647644,0.035493087824827844
2025-01-10 21:00:00,18.81629462867664,2.760874641245643,5.987549975951976,7.317202078739824,0.04319734785978814
2025-01-10 22:00:00,18.460263358636738,2.5710623930129737,5.867460788469808,7.3250594070692125,0.03966070723243537
2025-01-10 23:00:00,18.953727935066116,2.4758756480725954,6.439030343068141,7.504753157501836,0.020019653329335366
2025-01-11 00:00:00,18.04598285928554,2.4886141007289275,6.570895790639276,7.075374822485126,0.028732109077569352
2025-01-11 01:00:00,18.322344134412912,2.18323443662687,5.894764221981634,7.45062222533736,0.03262647759270894
2025-01-11 02:00:00,18.04029281587536,2.6226807946481614,6.502645633867049,7.262732816545625,0.04786199450037481
2025-01-11 03:00:00,19.060881099819042,2.597586638989822,5.95703692169714,7.201929112210345,0.04410909938146019
2025-01-11 04:00:00,18.620461059383533,2.476876651689103,5.953550684756488,7.4817846739063185,0.03697616294550997
2025-01-11 05:00:00,18.816316376177106,2.371109683970085,6.259546916069259,7.445482334264577,0.03433788489720503
2025-01-11 06:00:00,18.85075103496521,2.3547090327520146,6.175953866263465,7.3044712909655045,0.047072518717189926
2025-01-11 07:00:00,17.33179717533831,2.601185031232304,6.365892310000117,7.290538860203822,0.03707590486206354
2025-01-11 08:00:00,18.27788507776624,2.8544938488077065,5.920274556106686,7.218600179394876,0.027804379143251012
2025-01-11 09:00:00,19.535878724614513,3.0345815723548126,5.660154102596027,7.395576293833878,0.02923157089308784
2025-01-11 10:00:00,17.805435768044198,2.637271324724873,6.499452475084198,7.582511451741551,0.03211559641036825
2025-01-11 11:00:00,18.65524088045699,2.2645729695142545,6.1750354835873225,7.333510434927424,0.03152254381144979
2025-01-11 12:00:00,18.503832264180016,2.396784057647115,6.085047690489753,7.395743852761458,0.042530725502236966
2025-01-11 13:00:00,17.649888809042665,2.52094948820429,6.404109194637823,7.413743680907634,0.03139770611677106
2025-01-11 14:00:00,18.89042776607358,2.4457057364033097,6.500844400528762,7.553930235951413,0.0513486173704693
2025-01-11 15:00:00,18.224548960950504,2.590203360700512,6.116779889741646,7.427144802907083,0.04196372925295904
2025-01-11 16:00:00,18.918945263743453,2.422253020160103,6.587603276396008,7.385210934336301,0.04326464138593927
2025-01-11 17:00:00,18.578441452756728,3.0169107889777322,6.431672054792424,7.493261077486694,0.04297267135052294
2025-01-11 18:00:00,17.700371127190678,2.5607979975883555,6.766525985923636,7.365129203563754,0.02778167384278086
2025-01-11 19:00:00,18.242121753190823,2.3545048029200526,6.279496631349254,7.487051656933637,0.038271575518558414
2025-01-11 20:00:00,18.384573531483152,2.5828052945923874,6.201244742207151,7.341206459914825,0.040144772499237535
2025-01-11 21:00:00,17.76973432594304,2.417909565438155,6.570298103083472,7.40594099002236,0.02539005301565074
2025-01-11 22:00:00,18.47395122909115,2.6419913496496465,6.557503855513559,7.301468973710594,0.03695608409297745
2025-01-11 23:00:00,18.196839286615276,2.5538778755036966,6.404903223739792,7.437266038902478,0.01677600528733684
2025-01-12 00:00:00,17.67416365907674,2.3541768936342184,6.522353970974497,7.2021084693874835,0.03650614548902629
2025-01-12 01:00:00,17.563271625246216,2.3010155533638716,6.730382967659799,7.5290736372114955,0.029839243670242748
2025-01-12 02:00:00,18.25340608696368,2.720228740664039,6.310829017780829,7.397915066245388,0.04296623303247643
2025-01-12 03:00:00,18.389421324535927,2.68822858763781,6.275731267587549,7.591559798582649,0.027495749256375594
2025-01-12 04:00:00,18.07724415354683,2.38995991291884,6.753557864148551,7.468902872138497,0.024149796423372318
2025-01-12 05:00:00,17.96884717662894,2.2975783327860793,6.386229306543239,7.468374421821832,0.022898278429865145
2025-01-12 06:00:00,18.449959926811616,2.339088900061368,6.513317228036602,7.672246080004302,0.029952212112143172
2025-01-12 07:00:00,18.01235526965604,2.8395866910675656,6.46740000557268,7.359863906533289,0.02022998040147876
2025-01-12 08:00:00,18.668634544441566,2.7795216902449433,6.075407544875243,7.331411995128219,0.03163375695432283
2025-01-12 09:00:00,18.767590537491607,2.537599343233526,6.6661302442525665,7.572342483414712,0.019734396313018474
2025-01-12 10:00:00,17.41739593635297,2.3252010737556965,6.943564789499742,7.510150953699775,0.0241376753927971
2025-01-12 11:00:00,18.514773795413333,2.4392454830885986,6.163169272338768,7.44379087073414,0.03178880833949723
2025-01-12 12:00:00,17.4179375026545,2.820912433961614,6.870257050178155,7.432868045839466,0.02316769520697765
2025-01-12 13:00:00,17.50090311201579,2.6639041608286913,6.448940286213068,7.262015157023877,0.024902970244130917
2025-01-12 14:00:00,19.58003353858804,2.6257103122243834,5.917452491288911,7.357337833652492,0.020876321946611424
2025-01-12 15:00:00,18.027631381695635,2.6067604932385953,6.2565582765006305,7.618929249660457,0.010461852251209373
2025-01-12 16:00:00,18.15699784971381,2.140622878060071,6.179849394619973,7.374242191058767,0.02800236762234793
2025-01-12 17:00:00,17.564780592277597,2.3299451582128077,6.221390853830771,7.3263089286762275,0.014204029608037535
2025-01-12 18:00:00,17.402288253092642,2.465411669078378,6.706350893123628,7.411026964687729,0.0244563588494211
2025-01-12 19:00:00,18.97499896221454,2.6867266687255533,6.000560919570445,7.5839474700546505,0.033436753830508
2025-01-12 20:00:00,18.446365929257553,2.2937568945294666,6.618732467338236,7.54147695665346,0.02177012529643157
2025-01-12 21:00:00,18.24149788246073,2.2767273626229665,6.477698425461706,7.6067544184206835,0.013092726935736855
2025-01-12 22:00:00,17.411572537762563,2.123354302707888,6.792314132336696,7.414500430379758,0.034895898790022944
2025-01-12 23:00:00,16.790856208710093,2.2731330721727323,6.83355280961123,7.064375385619327,0.019906461725479458
2025-01-13 00:00:00,18.004090486870755,2.8931272436195252,6.359426796320122,7.380714424120447,0.024874384882096756
2025-01-13 01:00:00,17.732945351202183,2.2581582638377284,7.2835371078865165,7.404497971386081,0.03142555340292264
2025-01-13 02:00:00,17.593690782786926,2.4174664485988107,6.443968318436009,7.496664579276527,0.026542646476310456
2025-01-13 03:00:00,17.009285859844262,2.6220084743876995,6.9299140038026685,7.438052665187272,0.01211920201671787
2025-01-13 04:00:00,17.111098699931716,2.6203894973162667,6.817856278749532,7.32932494051782,0.02344372873312503
2025-01-13 05:00:00,17.708103133795547,2.928313216246999,6.791608113181942,7.416915661974701,0.012362262038701503
2025-01-13 06:00:00,17.85341737454036,2.5097559433079404,6.476478988933444,7.281453452074237,0.03143945997943774
2025-01-13 07:00:00,,2.4797381051487157,6.507623629980466,7.439320260352085,0.02696340979248512
2025-01-13 08:00:00,17.22129117557981,2.720407456919207,6.233703697976498,7.447566474353131,0.02457048866502647
2025-01-13 09:00:00,17.47650384447668,2.375452481602827,6.523451373316051,7.436045787976559,0.03872237641901486
2025-01-13 10:00:00,17.284175246007795,2.2433474481062383,7.173020210053398,7.465505289097134,0.019812856738364706
2025-01-13 11:00:00,17.989010776673265,2.594857527360786,6.488189200196056,7.502027171519438,0.031183928338231526
2025-01-13 12:00:00,17.480827469645824,2.41634754701678,6.60249885436051,7.647672872933073,0.023970742919835406
2025-01-13 13:00:00,16.85824599608695,2.2926820399623535,6.828517682681047,7.372099650526241,0.02698322440398196
2025-01-13 14:00:00,17.628222083197475,2.6445810886965098,6.5824495023391805,7.484300847609762,0.03789129119583043
2025-01-13 15:00:00,17.267091327954738,2.2575589468876247,6.7405581365317575,7.488606143985302,0.02344840958899773
2025-01-13 16:00:00,16.803159220394242,2.5425282071772455,6.6671351555877285,7.4267841435423705,0.03551163596780862
2025-01-13 17:00:00,16.654267900668277,2.857906212874804,7.14040234580801,7.470923067023314,0.049368163833753566
2025-01-13 18:00:00,17.044750476769263,2.526474780278308,7.018451854850286,7.341028044823778,0.024789640785653936
2025-01-13 19:00:00,17.080182955620092,2.5517452126913227,6.705429289122137,7.298841882464092,0.02370664502151876
2025-01-13 20:00:00,17.440314098609154,2.639963234318531,6.7371087692205895,7.278298160664863,0.01985667993975981
2025-01-13 21:00:00,16.23118303009334,2.368047696175092,6.682582803315542,7.551758874179809,0.023689055975058913
2025-01-13 22:00:00,16.05657149856851,2.545354295551321,7.003425299134256,7.427738850722835,0.032177596668392754
2025-01-13 23:00:00,16.83998811945698,2.8002913785543324,7.089398461941445,7.374032815243766,0.02749833483282485
2025-01-14 00:00:00,17.76036953217137,2.5583518210362937,6.4097682057528615,7.471042759787405,0.02334392753168079
2025-01-14 01:00:00,16.978749523484375,2.4206176138160806,6.283138887695185,7.315555569912471,0.0268140736029511
2025-01-14 02:00:00,16.489528183373448,2.4102766654885164,6.922404174441282,7.406485164165243,0.022971955235535482
2025-01-14 03:00:00,17.28067316434807,2.349232208503587,6.59430620726499,7.421772281734844,0.017598028993172053
2025-01-14 04:00:00,17.931009923475507,2.4971976030984124,6.599404262021337,7.306052516390756,0.026829078305690764
2025-01-14 05:00:00,17.526965907042165,2.346253822901589,7.000135344582512,7.330561493703562,0.03023946462406989
2025-01-14 06:00:00,16.790088437962538,2.5173121064788053,6.645230241974933,7.141850722297631,0.046721159083126525
2025-01-14 07:00:00,16.923959824634895,2.3873457423181863,6.506193020345904,7.414239964380929,0.0373139040041896
2025-01-14 08:00:00,16.536652953857274,2.5778736407110596,6.562000464763011,7.427546715584513,0.01923090702899104
2025-01-14 09:00:00,16.88913434388782,2.4058282935183564,6.4276647688566415,7.660835269526726,0.03338390683359373
2025-01-14 10:00:00,15.81249640504268,2.7364933609564734,6.544851902699758,7.324662593639352,0.03637595801860963
2025-01-14 11:00:00,17.021446324249418,2.798026143925674,6.4593825970867185,7.454432847027603,0.0295345857748341
2025-01-14 12:00:00,16.91472968166331,2.7307672259839197,6.29997180601764,7.253069439517871,0.02021843806953991
2025-01-14 13:00:00,16.398321292938522,2.0803657554120463,6.755711099497559,7.393121921898577,0.03512095125078513
2025-01-14 14:00:00,17.032654441156996,2.4508926964410267,6.813209116390504,7.237928602114947,0.03851247440373772
2025-01-14 15:00:00,16.17362708664892,2.322046079274517,6.4214990385475055,7.425436163694657,0.03524206848331449
2025-01-14 16:00:00,17.126687377183522,2.415765382585413,6.586585396145247,7.393514967600119,0.038016527896347165
2025-01-14 17:00:00,16.274876357560686,2.6166768131320817,6.518449097674156,7.535163357495018,0.046178900741991345
2025-01-14 18:00:00,16.75019101507837,2.413281611079285,6.919353354952461,7.487175146494076,0.037785034680901004
2025-01-14 19:00:00,16.566576167600168,2.2058895813421477,7.06634665106565,7.558666168741685,0.033275951101485395
2025-01-14 20:00:00,16.312825713203768,2.549463959973791,7.04745629658677,7.576174904273586,0.034416543893169546
2025-01-14 21:00:00,16.482385822749066,2.7622836702869256,6.792772708707711,7.557769185032343,0.03343435540527636
2025-01-14 22:00:00,17.034003731376366,2.7847146986502143,6.759304282455655,7.511356109338259,0.03269884607060266
2025-01-14 23:00:00,17.011485658091537,2.3416588233896873,6.86225901943918,7.500164653523456,0.03375870410656118
2025-01-15 00:00:00,17.19798488064088,2.5364381645937457,6.75787565615126,7.524822404518296,0.04071691756639121
2025-01-15 01:00:00,17.153636547399522,2.5329710764023092,6.615103161146221,7.459702300646034,0.016468510923774944
2025-01-15 02:00:00,17.2762226788931,2.8175330919429546,6.556610188255288,7.374889124985801,0.03600105651729313
2025-01-15 03:00:00,17.081942294956285,2.569547734346099,6.61547285147999,7.360647917616614,0.04440391818094509
2025-01-15 04:00:00,16.37632161116774,2.7195377974822237,7.060061155061307,7.347686723814165,0.022097807681643773
2025-01-15 05:00:00,16.841066919106385,2.5020335170027215,7.203598165068027,7.354678550180558,0.0340864519206799
2025-01-15 06:00:00,17.2693240265107,2.9436596291447708,6.552401794620978,7.21093757221318,0.03482518108492383
2025-01-15 07:00:00,16.043831131083593,2.3179986623743645,6.911137004341024,7.471686485165635,0.03640302177224299
2025-01-15 08:00:00,15.888182736472146,2.398073451909575,6.898659492531397,7.329858216087712,0.024561088096945127
2025-01-15 09:00:00,16.2080632779469,2.189159706709829,6.693111986570622,7.5288528496536715,0.04551173238602459
2025-01-15 10:00:00,17.674431055359328,2.39090378998024,6.85970339822545,,0.04132168952697913
2025-01-15 11:00:00,16.242897853276677,2.330833047301849,7.032461118518483,7.292249296170518,0.03144144080799951
2025-01-15 12:00:00,16.025949545788002,2.3968610883275163,6.999050995783374,7.5302267938848955,0.03688141891561483
2025-01-15 13:00:00,15.022418705599641,2.3807659075077394,7.381362407074285,7.440063071057635,0.042901534785454026
2025-01-15 14:00:00,16.223906874127298,2.460587819174251,7.095195871709509,7.559971551813768,0.04853519286509365
2025-01-15 15:00:00,15.992137713557225,2.5606884480016565,7.1304642856994835,7.37423047457926,0.03520986608734822
2025-01-15 16:00:00,16.219558197751738,2.4275863187562603,7.218401360103539,7.531008785675719,0.04237357267812732
2025-01-15 17:00:00,16.573081076889927,,6.80830877108615,7.381200060002678,0.03310442318648891
2025-01-15 18:00:00,16.679911941316313,2.5755455867203523,6.5687715680860626,7.2102820397254925,0.04613527387343095
2025-01-15 19:00:00,17.146190153340918,2.3412313838674987,6.274440922715939,7.617642074933426,0.056324170474924495
2025-01-15 20:00:00,16.369825069306756,2.2999762544157507,6.6651285093067605,7.327999006204035,0.05492473468069747
2025-01-15 21:00:00,15.463000048244313,2.5509385593794884,7.441897815628384,7.192517980590786,0.04793262261921294
2025-01-15 22:00:00,16.25096129840405,2.3303904953786727,6.285134289897247,7.4254578516034435,0.04145647082706675
2025-01-15 23:00:00,15.924690104078906,2.9042066848796755,7.025982047976308,7.337283130323114,0.03290472106057729
2025-01-16 00:00:00,16.373533120225765,2.130150452979202,6.788406353661926,7.3178686183247725,0.04708980499440408
2025-01-16 01:00:00,15.699892201049794,2.4761097682776043,6.77243552668907,7.324709071027991,0.038362254939800194
2025-01-16 02:00:00,15.470976057678172,2.437221624117656,6.870352648058285,7.581557242549566,0.05447982957437725
2025-01-16 03:00:00,15.528445566859697,2.431708656465443,7.2699784914260075,7.335097688416692,0.04597769923486848
2025-01-16 04:00:00,15.521265654664598,2.3753401090494988,6.748375425251572,7.355239149065012,0.047359166041481396
2025-01-16 05:00:00,15.34214676081572,2.468619243950227,7.385170323331506,7.452727175039227,0.03920523620981646
2025-01-16 06:00:00,16.68355624839365,2.486699394793745,6.83579790728436,7.433379904465778,0.04614242468995546
2025-01-16 07:00:00,16.202285822561095,2.307355481786915,6.774909934998831,7.4743301913220375,0.05401578995898365
2025-01-16 08:00:00,15.677984392032899,2.423848209509628,7.258756321616789,7.475429816589262,0.05161680962650336
2025-01-16 09:00:00,15.876972511402583,2.3922329478724538,6.961581479689719,7.501368076547683,0.03989547813583346
2025-01-16 10:00:00,15.317082130843644,2.8138415345001926,6.657067740684831,7.474657669648313,0.04298689515968796
2025-01-16 11:00:00,16.238087165717847,2.4537786179083048,6.786356078414254,7.564579978615468,0.03817924346116652
2025-01-16 12:00:00,15.467776841559134,2.6204442026465213,6.996422828676374,7.310010897424061,0.04529518758945685
2025-01-16 13:00:00,15.078687808126588,2.494700284153177,7.147840680737199,7.419382308169005,0.03775932690340021
2025-01-16 14:00:00,15.378217411639485,2.6306250809385725,7.419358405885858,7.411919073371526,0.028383011411278795
2025-01-16 15:00:00,15.683083660833509,2.5397132611173405,7.043740018958368,7.39747445359157,0.03883510089023289
2025-01-16 16:00:00,15.150920861154281,2.337931318831613,7.023532704295149,7.373777295224973,0.045711469447264605
2025-01-16 17:00:00,15.515381257624709,2.51355393708205,7.043079304165623,7.451689705053225,0.038202581625316034
2025-01-16 18:00:00,16.165930360632878,2.490279060513697,6.944179704229451,7.46133852362807,0.050977748938017604
2025-01-16 19:00:00,15.11841363564307,2.34560710576135,6.902125919642501,7.44079070759752,0.044335685620530245
2025-01-16 20:00:00,14.840400180301566,2.480512113235029,7.051383788471006,7.28640925592008,0.04746019229653966
2025-01-16 21:00:00,15.590159383332061,2.4465346455771355,7.056006969428933,7.383106862329821,0.047618521381166214
2025-01-16 22:00:00,15.690586124278715,2.4656403529642685,6.9382849862625635,7.306885166813374,0.044553020259711196
2025-01-16 23:00:00,14.988291724738586,2.3106744253241533,6.985247906660538,7.474610892950679,0.056321589262352006
2025-01-17 00:00:00,16.526758436242385,2.260149302270691,7.321264359944267,7.259846688908827,0.0459836621069475
2025-01-17 01:00:00,15.508116773625876,2.683253776982651,7.047509680213433,7.32826403950992,0.04278079352678209
2025-01-17 02:00:00,15.568045877265762,2.4218660223871424,6.97304068936888,7.5868463613485,0.049404953749303385
2025-01-17 03:00:00,15.867626296363069,2.591841256402603,7.153721462640811,7.384732839664539,0.06028634667600691
2025-01-17 04:00:00,16.096111366692238,2.4074558162679205,,7.412197165894803,0.048711170825938406
2025-01-17 05:00:00,15.256486291483387,2.8206643123443014,7.2334788557005885,7.325930675463755,0.045983490881450026
2025-01-17 06:00:00,16.160057074785563,2.4056774383281585,6.866188692416095,7.460289305280316,0.04104518741200285
2025-01-17 07:00:00,15.503737540431604,2.552083569675672,7.141547060815021,7.124681540804127,0.0325103830006672
2025-01-17 08:00:00,15.216276959676476,2.502222121880862,7.348616892746483,7.463414863083167,0.039035516367408235
2025-01-17 09:00:00,15.743284011864128,2.6773825025160436,6.908629396463209,7.4996521741170765,0.03620070287763073
2025-01-17 10:00:00,14.28090891175934,2.576833904150879,7.884023409512204,7.1262282822970535,0.05642493736577138
2025-01-17 11:00:00,14.563468318070855,2.5513759818890525,7.191940013531498,7.550102547383351,0.04022812497001163
2025-01-17 12:00:00,15.613473451176157,2.7302476455100395,6.678717960871283,7.362395836429165,0.0626473322677689
2025-01-17 13:00:00,15.64956407991927,2.53477585277143,6.410968482426032,7.370612044321907,0.05221916451380606
2025-01-17 14:00:00,14.057422376033491,2.6812002942339976,7.493482076403686,7.45908754447688,0.05439380253407646
2025-01-17 15:00:00,15.120806656986206,2.6074088912168936,7.415211928214218,7.487832271575053,0.04014563255407273
2025-01-17 16:00:00,16.053761723083007,2.776849227851345,7.117565594865305,7.358989829620347,0.04824089458100062
2025-01-17 17:00:00,14.836110620921842,2.42100301093472,7.442605741854153,7.473822745962016,0.0404879538694913
2025-01-17 18:00:00,14.259248312853574,2.6502719604039444,7.352728794283495,7.224459123135972,0.03727470032809272
2025-01-17 19:00:00,15.54022321159062,2.4749953144721926,7.2612663485357825,7.539162883390426,0.040514717100822495
2025-01-17 20:00:00,15.03192525999846,2.607377264526714,7.36283856356334,7.46098990632625,0.039471613598575185
2025-01-17 21:00:00,14.51628461269057,2.044058932835986,7.413361264388728,7.486091070502328,0.04356084547928214
2025-01-17 22:00:00,14.968483826889559,2.498262217501682,7.187718591583197,7.38606996116235,0.04906980516467882
2025-01-17 23:00:00,14.79344970283438,,7.500425325230388,7.5985210822493165,0.020781836030715626
2025-01-18 00:00:00,13.847506962443862,2.524965270050271,7.822006985723539,7.428628239039399,0.04402859817327759
2025-01-18 01:00:00,14.716124815737558,2.429576240756232,7.28245237545553,7.29403031663232,0.038594099777563
2025-01-18 02:00:00,14.849179317216775,2.5571828137444146,7.7574719366843325,7.2994954626421045,0.03721988981725981
2025-01-18 03:00:00,14.91330194333048,2.373638588189638,7.200548972098397,7.371219712252946,0.042957609298722166
2025-01-18 04:00:00,13.712294044950827,2.5438897099572757,7.733696241388354,7.324382393854918,0.03964950394397814
2025-01-18 05:00:00,14.47695751475242,2.3223952769619984,7.105030884182189,7.235846177631164,0.042612319295127016
2025-01-18 06:00:00,13.700604661595754,2.1808918515835116,8.07384405239238,7.418249731374292,0.039029335591851747
2025-01-18 07:00:00,15.490583106221601,2.355416113262999,6.913933106635506,7.3231949403631535,0.04973581271519164
2025-01-18 08:00:00,15.098006362067933,2.3013173183913014,7.381798185036217,7.330550582336188,0.03204408422294917
2025-01-18 09:00:00,14.353949175973357,2.516417901984727,7.3070028911466,7.205386709449163,0.04667833519592728
2025-01-18 10:00:00,14.286072535485301,2.4064621310806564,7.072310628865568,7.285893320572234,0.03427662156224805
2025-01-18 11:00:00,14.86139232900125,2.727301685225248,7.300096303004333,7.553557206951512,0.026847898686830338
2025-01-18 12:00:00,14.127622134997004,2.1449331202579387,7.492722576405911,7.501233862020028,0.0255336431390716
2025-01-18 13:00:00,14.546380459553962,2.5259309643393295,7.6049141642373295,7.577494398467736,0.041775415696835426
2025-01-18 14:00:00,14.798290931710467,2.3397551575063815,7.180996975647206,7.474085757387441,0.03891892464781726
2025-01-18 15:00:00,14.954124448990171,2.369976660883099,7.3647831117556235,7.33446835068313,0.03916064926254076
2025-01-18 16:00:00,14.225209094508681,2.538659437148479,7.4745729028548595,7.284818461245116,0.02795285085874027
2025-01-18 17:00:00,14.434876090078875,2.462241123897932,7.1361826939529625,7.393767256896509,0.01978739889163514
2025-01-18 18:00:00,13.594561306368917,2.2962812229124006,7.803912526705663,7.3848689925494755,0.031008572755754107
2025-01-18 19:00:00,14.674572917066508,2.4360556825836235,7.549564544723182,7.32995442102941,0.03930417063247939
2025-01-18 20:00:00,14.067359336805415,2.5748145618326874,7.319189829669272,7.476225297931369,0.03589374617255764
2025-01-18 21:00:00,14.199314292548008,2.451554500512123,7.3853067359927,7.432511940797501,0.04576453137099009
2025-01-18 22:00:00,15.714526632001897,2.4825930340335094,7.146541039600427,7.398696400200316,0.025335369425572997
2025-01-18 23:00:00,14.046388521661145,2.5001831797376677,7.733006769247543,7.429867140601008,0.03157147020695384
2025-01-19 00:00:00,14.14389100327689,2.7903903613845564,6.987568321299419,7.3257791169907085,0.041868296239844095
2025-01-19 01:00:00,14.20215929392291,2.2415800508509256,7.39871753739433,7.521521433746163,0.019437988407631883
2025-01-19 02:00:00,14.72003297091186,2.5187527080384573,7.169698745988908,7.303171176372863,0.03207830111399402
2025-01-19 03:00:00,14.158064565900585,2.5913377651222653,7.205890003314619,7.39264695302441,0.029524887682616154
2025-01-19 04:00:00,14.458087994929668,2.523791844641231,7.354185365285027,7.569583378685598,0.022835992347879974
2025-01-19 05:00:00,14.836945100520795,3.020058207813987,6.93279958725819,7.3818327489761115,0.019623044142724404
2025-01-19 06:00:00,13.265405759334733,2.4156173315779315,7.5625382431216615,7.428861720528811,0.018125015966384488
2025-01-19 07:00:00,13.33267839791472,2.3550820356061837,8.232541839103941,7.419431639252295,0.017252040657438152
2025-01-19 08:00:00,13.537691559155748,2.556286208242306,7.781128067553421,7.29049116381223,0.022923392023810503
2025-01-19 09:00:00,13.381080618901496,2.3608275417139115,7.628036706415969,7.314140475039371,0.023267188199562465
2025-01-19 10:00:00,13.888183200709134,2.4392618464182725,6.976953327166155,7.417999075837858,0.03262414446570841
2025-01-19 11:00:00,13.373252948921666,2.159515121325687,7.921678673275075,7.173590031018934,0.04125381570060971
2025-01-19 12:00:00,14.043762280902424,2.735026061655706,7.432600813766951,7.25478910216804,0.02619939617041705
2025-01-19 13:00:00,14.1755622880866,2.1658149242230063,7.316024934190071,7.341024803299116,0.028378993943073066
2025-01-19 14:00:00,14.18343099357694,2.342484118658721,7.446434581512969,7.38327498319555,0.017520009865967297
2025-01-19 15:00:00,13.540887603822178,2.651750220621543,7.641939935435019,7.713885517169755,0.018177412035115838
2025-01-19 16:00:00,13.997093084174791,2.7109632436179725,7.143545414456012,7.300458332290942,0.026843946363136376
2025-01-19 17:00:00,13.786782827249699,2.7211400154971335,7.122086471541479,7.512193052894926,0.028705451495533357
2025-01-19 18:00:00,14.950512574343257,2.528556994475557,7.157964718797895,7.33222414691259,0.02184807730151965
2025-01-19 19:00:00,13.288477440153713,2.588130844143404,7.512069872249433,7.2708982471600985,0.018689403279996068
2025-01-19 20:00:00,14.688873917074762,2.424623270141206,7.554282483916161,7.4854097429558095,0.03126507366699078
2025-01-19 21:00:00,13.638245476617056,2.4835732412190357,7.387723073210594,7.35279851489529,0.01634618643214797
2025-01-19 22:00:00,13.623023718559427,2.3623971142761375,7.570704448611745,7.383783847396204,0.02626873668351235
2025-01-19 23:00:00,13.308860782602224,2.886117590066507,8.089911430618232,7.3285733301733815,0.03472859370523658
2025-01-20 00:00:00,14.939594343202636,2.7871747350595615,6.727468754394909,7.217185496963139,0.029944428315065028
2025-01-20 01:00:00,13.163953499192779,,7.9549484834273105,7.257791703402759,0.02969421060812445
2025-01-20 02:00:00,13.228056676843952,2.5637642190040757,7.70614350932311,7.487303773648649,0.039810041838308705
2025-01-20 03:00:00,13.606151361563812,2.579683221175689,7.285248515799943,7.459530519548422,0.01208375105071737
2025-01-20 04:00:00,13.224913555922985,2.5715552105385275,8.214385921611076,7.320239453386484,0.020060378290409773
2025-01-20 05:00:00,13.174844318939478,2.920357769379266,7.965127550931114,7.339268609961321,0.026226778644383997
2025-01-20 06:00:00,12.912609435567735,2.449893946245105,7.76686558796428,7.428863773899531,0.016915615301461115
2025-01-20 07:00:00,13.468184617962558,2.7955649725198497,8.065835069738919,7.462375491242683,0.023808974579930968
2025-01-20 08:00:00,12.389997435259783,2.4491955977049567,8.274977545504266,7.483886360423707,0.035074037570583666
2025-01-20 09:00:00,13.440944399744298,2.63971105868685,7.383687599151014,7.494050395964034,0.0369538139900831
2025-01-20 10:00:00,14.144853882789677,2.4134088484004868,7.818754401079819,7.399402502938866,0.016976973045069267
2025-01-20 11:00:00,12.781086105217343,2.3991882654336476,7.83084242011551,7.479650049974459,0.022767613655730497
2025-01-20 12:00:00,14.379864587062062,2.537487078078653,7.268264710503429,7.509642008839514,
2025-01-20 13:00:00,13.715006042762264,2.294246481222337,7.673711155220399,7.4789672991755145,0.020816776534818306
2025-01-20 14:00:00,13.120332613895851,2.463807403360972,7.850867730483168,7.312193252086092,0.025501545197008823
2025-01-20 15:00:00,13.80605922496424,2.5156485035677787,7.643347223325017,7.464166560239911,0.016550091506631743
2025-01-20 16:00:00,13.629640503599402,2.096923150389779,7.717426148929299,7.673477607874835,0.03489764232043448
2025-01-20 17:00:00,13.156667567539248,2.4142656512788303,7.957810275875843,7.452303360633355,0.02554743158199651
2025-01-20 18:00:00,13.061317336541444,2.714433159668069,7.59417592444856,7.438863349120327,0.029099133197845933
2025-01-20 19:00:00,13.743492504016722,2.354208269641797,7.148654596259986,7.36053805553716,0.02966846547087474
2025-01-20 20:00:00,13.58859672611055,2.776940795840715,7.9012535681866805,7.357680364941597,0.0181232551204919
2025-01-20 21:00:00,13.157618707460262,2.4701685225574894,7.680749463497947,7.399759680227743,0.015217030174817944
2025-01-20 22:00:00,13.697767930816424,2.2497464889109056,7.361040595067942,7.213292482626893,0.015534958066887082
2025-01-20 23:00:00,13.229160475599537,2.69383808620646,7.337155599774806,7.5280290469387365,0.01433044998612552
2025-01-21 00:00:00,13.461938294730833,2.6290400909568685,8.246696841048303,7.42023662313313,0.02323824725349725
2025-01-21 01:00:00,13.114695720369335,2.3535737636116827,7.795906543758808,7.653957675637196,0.02230003777439588
2025-01-21 02:00:00,13.798854970571094,2.507039359297922,7.456759014445602,7.430556277069546,0.025819990484791208
2025-01-21 03:00:00,13.742580808290382,2.24074154620543,7.365290143872077,7.497397643060177,0.03411175612157122
2025-01-21 04:00:00,12.395801258909392,2.3856476883774054,7.698026420604449,7.394214753671696,0.021879781217128014
2025-01-21 05:00:00,13.27067457649756,2.3562296636176523,8.16470122483343,7.419462031855378,0.037627979802071915
2025-01-21 06:00:00,13.10151839489338,2.490450180565709,7.439354959419793,7.235388329158514,0.02951461453218232
2025-01-21 07:00:00,13.462748856644703,2.4956005698229053,7.325689699871398,7.4835587448749,0.04499795234845244
2025-01-21 08:00:00,13.692321313960056,2.4706788082025986,7.269704975112283,,0.02075483873598917
2025-01-21 09:00:00,13.137591957694564,2.3938577958740757,7.873279527480505,7.329672654918039,0.0231285048412573
2025-01-21 10:00:00,13.595341578796246,2.498587364330104,7.925819038623079,7.358945460593633,0.03907417233968339
2025-01-21 11:00:00,,2.3022617483613184,7.59594879904743,7.4618006621570485,0.037964059726570125
2025-01-21 12:00:00,14.608769167525177,2.3522239341696993,7.303394908571803,7.5824585566511535,0.04079910315067353
2025-01-21 13:00:00,13.659223858800912,2.6351211635390235,7.240217553898062,7.390385310571604,0.029689312531396443
2025-01-21 14:00:00,13.034767698996594,2.806898417018106,7.235513718031671,7.4720712374334735,0.03355623934769041
2025-01-21 15:00:00,13.681093081684871,2.5823033915443157,7.601253894054916,7.442762465332938,0.027940109507716707
2025-01-21 16:00:00,13.023504029342295,2.617912535614989,7.5518186063544315,7.44079812340413,0.04639195486014634
2025-01-21 17:00:00,12.637720868672139,2.8370142853728035,7.761585763071054,,0.03772951524534656
2025-01-21 18:00:00,13.0625541452428,3.0849102423666883,7.7345019521429395,7.577643436116226,0.05043026438548666
2025-01-21 19:00:00,12.76053498210156,2.2875678118568517,8.237424335357654,7.328657120740891,0.019507247741557314
2025-01-21 20:00:00,13.490117165365843,2.6420865853002864,7.694658692799287,7.372838526172324,0.028566134815785137
2025-01-21 21:00:00,13.486616628439048,2.375620529463691,7.450872264095152,7.359715146024172,0.0292264754366787
2025-01-21 22:00:00,13.276892364703894,2.520303978177222,7.736423158654139,7.4344165135056555,0.02178315847343018
2025-01-21 23:00:00,13.388981449281351,2.516618779448721,7.660375926223243,7.532388509173966,0.04022772683049554
2025-01-22 00:00:00,12.94523274686753,2.8716920925140137,7.406324391459451,7.286599888911647,0.02892699195416333
2025-01-22 01:00:00,13.395479949589827,2.4860349752742543,7.274123474796152,7.364278110744474,0.053759431821918134
2025-01-22 02:00:00,13.3872674376334,2.444868869611381,7.789978152650911,7.301020401568355,0.025296737458358916
2025-01-22 03:00:00,12.949933104037704,2.3603066119734133,8.028174455071973,7.444480573114814,0.04630058217782429
2025-01-22 04:00:00,12.544542286525864,2.6782196761876076,8.156041870878077,7.309534164647461,0.02967797134644902
2025-01-22 05:00:00,13.13627294441394,2.3719447781090426,7.939999204915574,7.61622363419924,0.045882809442755135
2025-01-22 06:00:00,12.74461761080472,2.5715272071055684,7.701370694309274,7.268883144731114,0.02122879737362269
2025-01-22 07:00:00,12.55091684433755,2.4778098001903346,7.870633972021522,7.29006919331773,0.026236935540425013
2025-01-22 08:00:00,13.25250429815378,2.4088405447014947,7.691008225868104,7.269411282265863,0.03283078152205499
2025-01-22 09:00:00,13.323483926469864,2.5235637750633666,8.000082699367969,7.257887633523465,0.04339069618456529
2025-01-22 10:00:00,13.061611006238897,2.3426473713028697,7.82858260194922,7.491721293730345,0.020514213956354263
2025-01-22 11:00:00,13.350743701780903,2.5070626091629173,7.783648677885671,7.649499447504094,0.05659755583775542
2025-01-22 12:00:00,12.86574941413831,2.485557883489588,7.5249151250346635,,0.051341565811718795
2025-01-22 13:00:00,12.833954181519676,2.366037722098508,7.717149045551705,7.405818063340902,0.03622424030960284
2025-01-22 14:00:00,13.656124698069446,2.2509330622135044,7.804296017908163,7.261819608931458,
2025-01-22 15:00:00,13.242353042659978,2.2304808313982063,7.389945143049179,7.476175628617431,0.03907207906021789
2025-01-22 16:00:00,13.21450856280295,2.292366669807392,7.496938017655897,7.436194415118616,0.04252695655401684
2025-01-22 17:00:00,13.14349706429724,2.7647564755082614,7.761317394553493,7.42624615172652,0.039885241377793784
2025-01-22 18:00:00,12.350125552361726,2.670455094682517,8.078702469726059,7.428842643607603,0.029348443522701148
2025-01-22 19:00:00,12.565932996242264,2.6769695995870677,8.53968873213954,7.407794862536271,0.05212487933672788
2025-01-22 20:00:00,12.35375272182079,2.7404032534447333,7.988656436761152,7.42500286172382,0.04906859310740765
2025-01-22 21:00:00,13.237137564504643,2.6555244154521436,7.430393325600274,7.31609613813884,0.04113520188234716
2025-01-22 22:00:00,13.610938233148268,2.7321562954421275,7.547737283169771,7.496039353659781,0.050225016752689665
2025-01-22 23:00:00,13.376608901064955,2.638136398077429,7.553402760782015,7.425392824515757,0.04796562185432347
2025-01-23 00:00:00,12.91838231349029,2.352021407070908,7.6372484785989805,7.183848000968808,0.04661069770190452
2025-01-23 01:00:00,13.550839053245872,2.262335479402063,8.04189547651847,7.528545542366359,0.04566361624812122
2025-01-23 02:00:00,12.975786830016775,2.431600896914291,7.99416292860324,7.495460142451501,0.04273116275496517
2025-01-23 03:00:00,13.7960387434467,2.420983172174314,7.489718761231387,7.473757349222524,0.04670005900931045
2025-01-23 04:00:00,12.764683662241596,2.4389515799973394,7.639057839579039,7.438434936480317,0.04640200137800955
2025-01-23 05:00:00,13.851151156730873,2.3267780162409584,7.555169574051777,7.339645133241666,0.048100894448243045
2025-01-23 06:00:00,13.049591576110139,2.487262722941042,7.689961294839848,7.343663391773852,0.036383177582912346
2025-01-23 07:00:00,11.972102121451362,2.1237260687422124,7.780005541381666,7.147503755426062,0.04419341240512244
2025-01-23 08:00:00,12.973649548972203,2.456946765723264,7.817998298819228,7.266363700099248,0.038445281200664705
2025-01-23 09:00:00,13.158994179960523,2.4406872405798,7.64308335915879,7.437709038272931,0.05282047823818797
2025-01-23 10:00:00,13.214416912713608,2.710875929999248,7.872560403995609,7.348295339342288,0.03340604316337426
2025-01-23 11:00:00,12.27975715736444,2.3989192390122076,8.280870329275833,7.378122511506688,0.05334429526059773
2025-01-23 12:00:00,12.953911889019656,2.7199908593723405,8.067258483345157,7.377999332140385,0.049272155005586474
2025-01-23 13:00:00,12.594488411485052,2.368033201964414,7.765655039272847,7.494527915295723,0.039329686823158946
2025-01-23 14:00:00,,2.522248614624266,7.743555343670733,7.268574136260868,0.037492300034374405
2025-01-23 15:00:00,12.35127544905081,2.750961710946222,7.718905476064836,7.218075934841381,0.06213837599039513
2025-01-23 16:00:00,13.47227897968046,2.6700402951860607,7.805492510772675,7.274621621887552,0.05035562501753327
2025-01-23 17:00:00,13.771511011332546,2.2816117891200935,7.324154066956918,7.181029438951949,0.04466439634111331
2025-01-23 18:00:00,13.159110115834986,2.6278521375047803,7.91051287077992,7.340513823415309,0.04994044240171539
2025-01-23 19:00:00,13.21938214197339,2.685948345771625,8.082284356987241,7.44127886995638,0.04149500775366915
2025-01-23 20:00:00,13.671448559431242,2.4096743779517773,7.988224640995766,7.205200804591928,0.06002141105690584
2025-01-23 21:00:00,13.841638842855293,2.839177250775112,7.125145018136765,7.338670305104284,0.03962098065618128
2025-01-23 22:00:00,13.794753797579215,2.5986578456068146,7.410905162070402,7.316594127557906,0.04243015476133986
2025-01-23 23:00:00,11.97026535836135,2.4771818127945098,8.092164767040108,7.4646954709102324,0.04832242058702516
2025-01-24 00:00:00,12.92101877925396,2.2787533778262175,7.737901251533097,7.473337312704071,0.05614240989382867
2025-01-24 01:00:00,13.104459214942562,2.675171136846635,7.189935721251527,7.452762337437759,0.05439499450895672
2025-01-24 02:00:00,13.103455222151853,2.7633166269955898,7.381884777397355,7.470468131416397,0.049121792118395534
2025-01-24 03:00:00,12.387880814421267,2.3428865495674858,8.105947521396235,7.483950141350211,0.040758746167136053
2025-01-24 04:00:00,13.050632756534824,2.291695384878026,7.90143827640479,7.485972139128905,0.04613352181658474
2025-01-24 05:00:00,13.249743297366972,2.745770169218642,7.876283819591146,7.2695676898759025,0.053077284220971174
2025-01-24 06:00:00,12.894616078215186,2.3596525011394145,8.267310326287811,7.373889121742782,0.053451113466178014
2025-01-24 07:00:00,12.444951292494862,2.533025614956833,7.583924833754561,7.235198475114431,0.04615997203360616
2025-01-24 08:00:00,12.61298343021151,2.704002151211779,7.866694423712359,7.3809370300611725,0.04063021496661591
2025-01-24 09:00:00,13.182060254065446,2.2164517273739457,7.59802025107117,7.469535266404599,0.057371818396229554
2025-01-24 10:00:00,13.530758208700648,2.1869620351130905,7.417092134239001,7.305272265896962,0.03339879347372953
2025-01-24 11:00:00,13.20363899927311,2.2591869875148443,7.964235789194462,7.584012939196821,0.045450921818472025
2025-01-24 12:00:00,12.92004245738743,2.6823776609713184,7.955375627645085,7.413351938763318,0.04422521809297517
2025-01-24 13:00:00,12.654992016766132,2.648700211317338,7.7227253282318555,7.451873831801271,0.044654047732600066
2025-01-24 14:00:00,12.392196334461275,2.722263375661413,7.920202633496695,7.3836248143991945,0.04412789507640828
2025-01-24 15:00:00,13.450250840436736,2.5753641357513573,7.375394890958873,7.356318284731417,0.051719135861685916
2025-01-24 16:00:00,13.502720150894568,2.5011202968161785,7.808768984519392,7.396793014435912,0.03555334073078523
2025-01-24 17:00:00,12.98537871033211,2.2717858345781767,7.834059611976438,7.2195408523314315,0.02785391626218943
2025-01-24 18:00:00,12.456972540543584,2.4573658749184353,7.896435014480215,7.448012718982802,0.04627706358813541
2025-01-24 19:00:00,12.849703009647657,2.387596502254134,7.5127954150530805,7.57794525879852,0.047375730928576915
2025-01-24 20:00:00,12.743810180107788,2.8125574498843626,7.831726027917349,7.431612176074538,0.043200974953996996
2025-01-24 21:00:00,13.200194416351476,2.522409343281815,8.53528076711155,7.408903688713103,0.03457893064217947
2025-01-24 22:00:00,13.226078482283084,2.799544857279143,7.923056880466323,7.602349921733411,0.04515191396737709
2025-01-24 23:00:00,13.474806371977353,2.132982018006528,7.498859126804447,7.435989086600298,0.050718008255028646
2025-01-25 00:00:00,12.872868011135433,2.6015264281756734,7.710778090787443,7.327088817901483,0.04202862648440809
2025-01-25 01:00:00,13.374408671995532,2.461644632340088,7.433065964621734,7.505353544176201,0.027544344982417784
2025-01-25 02:00:00,13.17019557181487,2.4392283330677853,7.56126594156354,7.36663207998043,0.03086681952407922
2025-01-25 03:00:00,13.311895429540266,2.436458164984328,7.605699715023517,7.43696782397525,0.05016525586011204
2025-01-25 04:00:00,12.825448524130708,2.5705880864389403,7.871878192507705,7.40435355184105,0.03887590573581988
2025-01-25 05:00:00,12.967339582774844,2.353504680373789,7.903740676719653,7.371589933023018,0.0422591429505147
2025-01-25 06:00:00,12.516193345520696,2.706755578838515,8.377635634666607,7.5443960694397605,0.03939598380149875
2025-01-25 07:00:00,,2.3436454857696067,7.516852802962299,7.433102642465328,0.04036190644560207
2025-01-25 08:00:00,13.502766315673506,2.7117547606886596,8.063471458212508,7.410930639150133,0.02388196378056114
2025-01-25 09:00:00,12.891597473798544,2.3864519123090466,7.753925604975953,7.3241965164528535,0.0365719434076881
2025-01-25 10:00:00,14.005421091236311,2.1641920607930056,7.312669083487399,7.275675288931396,0.025069709439231914
2025-01-25 11:00:00,13.997889871102752,2.2704402545492965,7.410419904723005,7.408932634694149,0.03564748081970656
2025-01-25 12:00:00,12.767685268027439,2.726488879659219,7.465560526414916,7.2207738470143585,0.03616184329410962
2025-01-25 13:00:00,13.471326196283849,2.365436726308179,7.549951682490528,7.6860194656995,0.04139781482888018
2025-01-25 14:00:00,13.168884282901256,2.2423745416180108,7.814120594322211,7.244597386710349,0.03387667410088794
2025-01-25 15:00:00,12.912629967236557,2.1974512669243533,7.597173132220026,7.692078622806058,0.030927916583643425
2025-01-25 16:00:00,13.511897330480279,2.3295398563784007,7.858611339363975,7.405753157689578,0.02419734052126822
2025-01-25 17:00:00,12.204979746110308,2.563230759780217,7.782600689083082,7.3535468501790735,0.050828911392099954
2025-01-25 18:00:00,13.964307922736273,2.549577785684275,7.508633493522369,7.376848810613625,0.043140365563656816
2025-01-25 19:00:00,12.095402792353228,2.681179519550184,8.162683751770677,7.623969209027079,0.026037642436003053
2025-01-25 20:00:00,13.94427009842629,2.2977782510874647,7.462264375615957,7.313058709696526,0.03751360419993132
2025-01-25 21:00:00,13.428031340813957,2.719832077959585,7.593902743306036,7.499962387702081,0.031139339964595177
2025-01-25 22:00:00,12.604159610503531,2.4232735970301493,7.819685576882006,7.512734336786067,0.03479080982005262
2025-01-25 23:00:00,13.171607414149747,2.328583424089026,7.6722304101466445,7.252369456706019,0.02747617695407787
2025-01-26 00:00:00,14.149181744861979,2.672245426587322,8.219641372029791,7.587565218849449,0.020236315716627443
2025-01-26 01:00:00,12.772437533922666,2.3206373916942837,8.387066217321275,7.2825638771363925,0.03591405564668671
2025-01-26 02:00:00,14.003875862651341,2.6792420460432904,7.000090385926329,7.208037479424194,0.03048993162835249
2025-01-26 03:00:00,13.50414279298607,2.5901110734279102,7.333269221396478,7.412568375256648,0.019892749268793877
2025-01-26 04:00:00,13.217738757688842,2.595115860839451,8.162136649373872,7.345964072071642,0.028076989692462744
2025-01-26 05:00:00,12.819598837818692,2.710916307346901,7.9772672334364785,7.459378170035686,0.03325774023703055
2025-01-26 06:00:00,12.92396373609657,2.6595527999239588,8.103428425147241,7.456348081664096,0.02496279085918885
2025-01-26 07:00:00,14.297974883328054,2.4769886305487767,7.030973394142553,7.373961337722241,0.02158348688261798
2025-01-26 08:00:00,13.349478490546757,2.5504170916414752,7.673850091370763,7.498397637524487,0.015076235803907531
2025-01-26 09:00:00,13.924696832103177,2.5282187761772428,7.73606069945296,7.314377772586238,0.017805526966550363
2025-01-26 10:00:00,13.98304583694759,2.4352322321364186,7.654520575154188,7.1424238669981674,0.027801843630480716
2025-01-26 11:00:00,13.608186490304414,2.480793614783055,7.4860079133148325,7.363555043331971,0.028248150382475596
2025-01-26 12:00:00,13.44658804994598,2.5641678006045843,7.834733813831062,7.4191573129914214,0.015008189656903198
2025-01-26 13:00:00,13.118486337978249,2.335222204232929,7.654917414659548,7.331516731716978,0.022632762497212657
2025-01-26 14:00:00,13.406660048607161,2.3995341856838754,7.69538506492434,7.406901873396227,0.021854214359675994
2025-01-26 15:00:00,12.56517688076098,2.798042258440307,7.9459710178467455,7.323956453727201,0.019059700286993247
2025-01-26 16:00:00,13.034183757626204,2.0560673159944436,7.834149154905391,7.440185046326269,0.028360070580267037
2025-01-26 17:00:00,13.787790357372044,2.563960600866469,7.3650719290757625,7.202019207656912,0.008939141410276527
2025-01-26 18:00:00,13.493700749619887,2.3213010734632253,7.511407333344062,7.356093023640713,0.025551327819661792
2025-01-26 19:00:00,13.49732335824328,2.3680830445189343,7.462741999151181,7.334904353255436,0.0323559828418712
2025-01-26 20:00:00,13.773263451070001,2.590456672060512,7.734164470415014,7.285770661065249,0.026406000231172712
2025-01-26 21:00:00,13.979608897792367,2.584721948581965,7.3825766929163805,7.388428526281249,0.023756667158330736
2025-01-26 22:00:00,14.465964516019245,2.0292092806625592,7.470793984379393,7.365026922742369,0.020158328541152376
2025-01-26 23:00:00,13.77576578837151,2.5696762348472157,7.591467842587213,7.318080455150026,0.03066844019350566
2025-01-27 00:00:00,13.517241429312966,2.468347520199056,7.564001461335997,7.57275050997467,0.031943024472344615
2025-01-27 01:00:00,13.070219992330301,2.4179760709050906,7.5233465804174156,7.289585629721636,0.02997868040064803
2025-01-27 02:00:00,13.663624064231646,2.2608332489383267,7.515808739908644,7.257049991474522,0.0387941535849977
2025-01-27 03:00:00,14.431226731923397,2.585094664137811,7.018541617816881,7.529602649814763,0.02726347490249893
2025-01-27 04:00:00,13.893801404108984,2.543188378447317,7.233708621722585,7.63543324969868,0.027165032931732884
2025-01-27 05:00:00,14.110813375096258,2.622352704686301,7.488660166502255,7.507243118832873,0.03350150218561243
2025-01-27 06:00:00,13.352163907275527,2.534587952293505,7.372706012573084,7.17039446592917,0.03731596196633467
2025-01-27 07:00:00,12.733434768793181,3.0089232504560544,8.082308814697944,7.528244444625926,0.006232214405323559
2025-01-27 08:00:00,14.294537870193265,2.4763572464083223,7.775996632728579,7.284306429971498,0.014381934922375545
2025-01-27 09:00:00,14.393649974760725,2.464746039975529,7.484214221805256,7.378716809006661,0.010282980603147824
2025-01-27 10:00:00,13.59145095960377,2.2164422618029116,7.1978032594903025,7.485828783342385,0.03007820790812464
2025-01-27 11:00:00,14.500820229040938,2.581625759687022,7.11517996931166,7.6038820161464615,0.012748069356625326
2025-01-27 12:00:00,13.029367124612929,2.531258092402903,7.456270902279033,7.502430256244323,0.019935235634479135
2025-01-27 13:00:00,14.13778941317177,2.532216151626395,7.785159034048283,7.354339042652166,0.028506635297641886
2025-01-27 14:00:00,14.924881786433833,2.375824547309125,7.021565677177017,7.290737964583629,0.0219206704166951
2025-01-27 15:00:00,14.340831192849548,2.593844698850775,7.028392745512361,7.478911545273528,0.03926595581096933
2025-01-27 16:00:00,14.140335947553517,2.636508098765365,7.272379356237134,7.228701121498717,0.021975312432053626
2025-01-27 17:00:00,13.344094738096448,2.516785667068727,7.913178140365296,7.10992245048522,0.03039459325418294
2025-01-27 18:00:00,13.985027126453547,2.905437501406834,7.216380799774312,7.317717319429809,0.02458397813425967
2025-01-27 19:00:00,13.481780687064505,2.744966802942238,7.528004155718437,7.241071414403466,0.024367345684292243
2025-01-27 20:00:00,13.847539426085033,2.2916850742082033,7.58379527563971,7.4521679820364035,0.014053075601108822
2025-01-27 21:00:00,13.499670725806498,2.6482198095194867,7.905521425052569,7.258892017006922,0.03493904995110151
2025-01-27 22:00:00,14.94016816438947,2.592752760722408,7.245819841375,7.330713063055386,0.03130828615486479
2025-01-27 23:00:00,14.362484880905823,2.353922557948242,7.203186759174934,7.405202374079889,0.013840990883748287
2025-01-28 00:00:00,14.111454342106322,2.456431461450136,7.568297988003082,7.314747921993823,0.02466366410211439
2025-01-28 01:00:00,13.491552111986882,2.379208917422092,7.49072291934673,7.356674723090659,0.023526470308944707
2025-01-28 02:00:00,14.319774418354168,2.529982410534833,7.6813899730916795,7.379938406828383,0.03382958559898348
2025-01-28 03:00:00,,2.4771661465166708,7.084272501256732,7.340959102598855,0.027350432478325255
2025-01-28 04:00:00,14.768851444006486,2.5327073624244294,7.234164167393581,7.220531766292039,0.018232900380494042
2025-01-28 05:00:00,14.522357130672107,2.4901862441296423,6.9671981118679005,7.4779245353512405,0.016355874790972832
2025-01-28 06:00:00,14.386434720664678,2.6170842629712623,7.439746183165759,7.326797669878147,0.021145836719074555
2025-01-28 07:00:00,14.536833365027402,2.4707691917457733,7.710316369236502,7.433339696947361,0.03253965352207544
2025-01-28 08:00:00,14.313116457017252,2.474408911698105,7.57077754398241,7.612390272403726,0.024169432605063854
2025-01-28 09:00:00,14.840255436090535,2.6379779947385673,7.562655778629633,7.631629818465151,0.03897580071890456
2025-01-28 10:00:00,14.67898956604382,2.7551794520281754,6.902670195007451,7.242160082624969,0.03647685105527713
2025-01-28 11:00:00,14.847440941786461,2.776775835464095,7.4953417766083605,7.461331946167487,0.03062882622795914
2025-01-28 12:00:00,14.22433947947734,2.2477917922520874,7.6838157450309374,7.336119355750361,0.026321405579787273
2025-01-28 13:00:00,14.251764189311999,2.892891943571329,7.404561382857229,7.291339364656975,0.020326255309051397
2025-01-28 14:00:00,13.878266329964084,2.287976981818951,7.357365567605347,7.441341765031908,0.03500922568518302
2025-01-28 15:00:00,14.302608645463572,2.5284474813457876,7.102148890248015,7.335395518000862,0.02781135604653768
2025-01-28 16:00:00,14.755949029839206,2.633519713616676,7.575288399740349,7.472049217425321,0.03532644484778138
2025-01-28 17:00:00,14.982644444925223,2.5720552912842503,7.075669146124182,7.18736713610253,0.02667770071197584
2025-01-28 18:00:00,14.080492026162695,2.370805638729249,7.320168699878786,7.288032007412146,0.04518307514999159
2025-01-28 19:00:00,13.721772365068576,2.645673999192102,7.393136559337255,7.388689093290134,0.03148866886193389
2025-01-28 20:00:00,14.969608763330651,2.5830313393021047,7.054481576718648,7.510828089844221,0.03659701327596172
2025-01-28 21:00:00,15.662306285470438,2.7103503152023,7.590700836329844,7.40011624155066,0.04012892696172471
2025-01-28 22:00:00,14.561487641591032,3.148345300054319,7.508717372289333,7.4771771624648204,0.04493764766821251
2025-01-28 23:00:00,14.420626476081019,2.4023595948331202,7.290534303169836,7.465271057418909,0.03027672064011479
2025-01-29 00:00:00,14.061759887125092,2.448929735669779,7.357668655240077,7.268824593780935,0.027432365994595698
2025-01-29 01:00:00,14.452160949096445,2.474229512023092,7.464471216700018,7.315167350485549,0.01712102931250118
2025-01-29 02:00:00,14.73984656688947,2.561281090666627,7.27744712392609,7.3729334940361095,0.03977667126656653
2025-01-29 03:00:00,14.975501514523753,2.619596470317097,7.0148639293191035,7.335494226969514,0.040216932406997107
2025-01-29 04:00:00,15.033053336133117,2.627110293919903,7.246674237879678,7.398615406580552,0.029189008664564732
2025-01-29 05:00:00,14.250143869154984,2.3695456216657282,7.670587779035847,7.459512909730653,0.04593810621592284
2025-01-29 06:00:00,15.505976760696269,2.5176279050659858,7.005672157486486,7.463614326843284,0.026148926468383904
2025-01-29 07:00:00,15.286000637718068,2.8329626955342575,6.447689620102689,7.28866648164638,0.04437943628766773
2025-01-29 08:00:00,13.966141243815624,2.7768564145539965,8.065827233681295,7.433255037133851,0.04157309225460679
2025-01-29 09:00:00,14.916809274945335,2.709367001518265,6.89616742331858,7.5154955439569795,0.04349540546391781
2025-01-29 10:00:00,16.52289622404025,2.4251350560092386,6.682872493395065,7.589206659714302,0.03926394327505128
2025-01-29 11:00:00,14.511008506420898,2.645039028639756,7.457550522989962,7.42058638454913,0.051767640659026386
2025-01-29 12:00:00,15.55700469855281,2.475304576578238,6.912840100264666,7.244309405802492,0.03889315483254598
2025-01-29 13:00:00,15.15430749701707,2.4209568833398833,7.637619136277675,7.348618072793584,0.03414120900634425
2025-01-29 14:00:00,14.947031568379332,2.5781785376624784,7.04841786127265,7.254581340821916,0.0548852614230931
2025-01-29 15:00:00,15.340987220801331,2.189196954881187,7.042603011125108,7.291900336609731,0.03967740762299845
2025-01-29 16:00:00,14.489599045305471,2.264902219177415,7.396331062495332,,0.04784543190206256
2025-01-29 17:00:00,,2.522760288369216,7.405468622698744,7.41875142098059,0.024390696112665085
2025-01-29 18:00:00,15.71343100878267,2.888487687838104,7.128297706427679,7.438536743785899,0.03919658795017735
2025-01-29 19:00:00,14.76920825681469,2.442100987486012,7.542937333463048,7.490398259401478,0.03968892293159432
2025-01-29 20:00:00,15.333024555011859,2.1484201386444215,6.814722080292093,7.647906539040245,0.03675899896179095
2025-01-29 21:00:00,15.234246692230874,2.4651550623885248,7.145418934408919,7.6892600165975615,0.04244733621731072
2025-01-29 22:00:00,15.516627688334589,2.4196517051061446,7.311015951596461,7.417275050104962,0.03480649809204025
2025-01-29 23:00:00,15.476776930632267,2.343663789738502,7.401295702693496,7.355090796190441,0.049662158594483155
2025-01-30 00:00:00,15.973093632189912,2.5854394085713164,6.9291729686524235,7.200028230931947,0.06310670961125997
2025-01-30 01:00:00,15.221025712288792,2.351870526777107,7.340631754392051,7.626982005638542,0.038304318889540306
2025-01-30 02:00:00,15.869293459594482,2.2587173091984405,7.246522854866882,7.368943847988113,0.04041970736725108
2025-01-30 03:00:00,14.991071076987781,2.6686265802871727,7.835231980652329,7.456143718052932,0.056379240010512865
2025-01-30 04:00:00,16.366740594783327,2.456755066677294,6.783002873196322,7.406614710196307,0.043926309383273285
2025-01-30 05:00:00,14.715144601356995,2.240822635325232,7.061467531322156,7.395412706514074,0.04289537036692888
2025-01-30 06:00:00,14.752108872045792,2.3959427077580244,7.308780221937492,7.284831162859145,0.055478893449987465
2025-01-30 07:00:00,14.636891154079853,2.2763023289554014,7.37839981258795,7.484950953513261,0.050623183034295034
2025-01-30 08:00:00,15.772504390925826,2.6587799804988395,7.598865187339851,7.556279599267569,0.033944018261750426
2025-01-30 09:00:00,16.332809125500585,2.56475902838153,7.041109080461262,7.414033502266925,0.04562410463279061
2025-01-30 10:00:00,16.330363804973032,2.2646102821468648,6.716926663478142,7.4806444302504005,0.059997002411959974
2025-01-30 11:00:00,15.17983520838199,2.665350462278317,7.013118905099897,7.391694234627583,0.04875740189104396
2025-01-30 12:00:00,14.747782576051039,2.6955627195449052,7.266888929416649,7.343615013001416,0.057146705056932305
2025-01-30 13:00:00,16.017147455884793,2.5465494472024126,6.945098030443077,7.308025742861674,0.03838425227470284
2025-01-30 14:00:00,,2.552921564956938,6.868100318874624,7.436791990545543,0.05028648841088188
2025-01-30 15:00:00,15.398002472232907,2.5359090232162127,6.970078685694658,7.442106513817294,0.033856952890853845
2025-01-30 16:00:00,15.642799387819425,2.614913178257615,6.765182385613653,7.307030489808416,0.027573053592450544
2025-01-30 17:00:00,15.582917950930723,2.927700053103629,6.759728697187144,7.5507111812006,0.057079227608923644
2025-01-30 18:00:00,15.75359538378292,2.348510742037322,7.007055260252964,7.547204859658888,0.04690549438922721
2025-01-30 19:00:00,16.155953977844273,2.550554128769638,6.699917550974447,7.388346721722186,0.04958598994048224
2025-01-30 20:00:00,15.996275877643653,2.276639471479694,6.726576758186318,7.576580416192366,0.042281498472678106
2025-01-30 21:00:00,16.304439036233262,2.584632796964641,7.412376467013094,7.365384401628109,0.04253788175588324
2025-01-30 22:00:00,16.31687182133154,3.013279790647819,6.8479378595643885,7.199892028687671,0.05580209436502652
2025-01-30 23:00:00,15.595781198409718,2.5103180809857646,7.147657842522216,7.222668207861057,0.04857104344342123
2025-01-31 00:00:00,15.942023876244766,2.505847141272707,6.600950788321101,7.425386256161214,0.032204616641899435
2025-01-31 01:00:00,16.22389605440412,3.101077630338869,6.797769314472141,7.460819178943952,0.052566784169966144
2025-01-31 02:00:00,16.813113398424424,2.320443706704524,6.678425859062355,7.220626487958925,0.04840431322385987
2025-01-31 03:00:00,16.245655501941187,2.651327777727626,7.04741379716947,7.394645490265122,0.05114696030356586
2025-01-31 04:00:00,15.521747413670681,2.5255987619988307,6.742519730030756,7.404632126814682,0.044538221048490194
2025-01-31 05:00:00,15.86054477144415,2.6310628352564245,7.281817896332838,7.277147626862308,0.049943402147800804
2025-01-31 06:00:00,15.271766081166556,2.372983781028068,7.174363823296951,7.365943631738951,0.05033820794259421
2025-01-31 07:00:00,16.507327642615415,2.5045100905083992,,7.284799168822947,0.04060726020641314
2025-01-31 08:00:00,15.9009315802976,2.57449453274766,6.7048154553584265,7.388338392204531,0.028315343259332305
2025-01-31 09:00:00,16.338442784898053,2.4122722165304213,6.845684747989835,7.418218585907503,0.04267339955193633
2025-01-31 10:00:00,16.73589298021024,2.5114788308022438,6.558761162239556,7.363048431384341,0.05336460212954264
2025-01-31 11:00:00,16.224508575326148,2.7042411915674487,6.769003398622923,7.16942452776461,0.04833194173577416
2025-01-31 12:00:00,16.95095835347622,2.498219907472146,6.534717258769172,7.324971025358975,0.049303816342720394
2025-01-31 13:00:00,16.019563457971756,2.320785850732096,7.184800453028147,7.276122597189356,0.0443556023810658
2025-01-31 14:00:00,16.039907277491267,2.2126749126556198,7.12649599856957,7.4332067186174555,0.047499150384082145
2025-01-31 15:00:00,16.541316946773716,2.36027304733091,6.786299805309487,7.383320982759434,0.055403365337641716
2025-01-31 16:00:00,16.665122510388745,2.392061066854918,7.023774402283588,7.316941640767004,0.044654548922601595
2025-01-31 17:00:00,15.363943989342422,2.358567391964356,7.29584510511239,7.164790717853255,0.03720119169527678
2025-01-31 18:00:00,15.754241186879437,2.5382412286953286,6.79080904001367,7.242193515885205,0.037711714863507315
2025-01-31 19:00:00,15.443206093927504,2.4912949503009014,6.828537089876777,7.40383615933865,0.04267217514533472
2025-01-31 20:00:00,16.50334942762897,1.9855639642083802,6.80138141920998,7.5261851518381695,0.056825612284682414
2025-01-31 21:00:00,16.03901088112487,2.7479725335513123,6.699525937053591,7.248389913223065,0.05183395700212996
2025-01-31 22:00:00,16.843491440865606,2.459733083256987,6.764945894273991,7.3673002715443126,0.042302304154196564
2025-01-31 23:00:00,17.206993401890248,2.597146404536591,6.449961768050201,7.322314760498579,0.04845705401579435
2025-02-01 00:00:00,17.371015332970927,2.17565012040391,6.714874113483945,7.432933722288132,0.04523976064318093
2025-02-01 01:00:00,16.64220852776719,2.558755914681844,6.751078444785275,7.5166303734505675,0.023840601704892543
2025-02-01 02:00:00,16.550873343541777,2.2728982384158662,6.915186191574644,7.581891182725619,0.040496386825876945
2025-02-01 03:00:00,16.12044454785047,2.1509887530740577,7.046638127449457,7.315522420939478,0.03179131588118097
2025-02-01 04:00:00,16.67976156820492,2.709293680158256,6.644586380068336,7.534663802455944,0.04086608985394913
2025-02-01 05:00:00,16.477973226256623,2.2497207341669307,7.155348063537515,7.232828896182472,0.03999419468211004
2025-02-01 06:00:00,16.90566007762359,2.2767862944988497,6.827532886499241,7.329990692345665,0.04484443515815965
2025-02-01 07:00:00,16.74315326722409,2.282431652004085,6.722973095811761,7.4025321264859905,0.04253608243022543
2025-02-01 08:00:00,16.95833867570074,2.7493279585738915,,7.360460716706262,0.02276649312697967
2025-02-01 09:00:00,16.287423496737166,2.401497085925643,7.1248521553829125,7.3121143618419016,0.03746622016706105
2025-02-01 10:00:00,16.326459540822555,2.400498751755345,6.925269696253494,7.484168205440226,0.03252373193105205
2025-02-01 11:00:00,16.86268768161573,2.5506675853304612,6.674766382904282,7.402581917132267,0.040152794932329657
2025-02-01 12:00:00,16.306649807498328,2.5279070743318663,7.2357586673057375,7.474489535891965,0.03553208914459518
2025-02-01 13:00:00,16.48636935981009,2.372117389517962,7.342384672205118,7.208231883333129,0.031339310380885985
2025-02-01 14:00:00,17.281874635880087,2.558925450440489,6.874781403260459,7.370479002501669,0.03745054305421205
2025-02-01 15:00:00,16.459277991118118,2.339664858932849,6.765663952624202,7.351037803550422,0.04165502134769872
2025-02-01 16:00:00,17.071006018449083,2.3569616773281634,6.717757395125985,7.600045437869621,0.039945152658520014
2025-02-01 17:00:00,16.507030398690283,2.459999693149332,7.042141207378996,7.357502096170757,0.02761872409586591
2025-02-01 18:00:00,18.301351776948177,2.3299222180211334,6.605082197405187,7.51598811927014,0.042116308528506424
2025-02-01 19:00:00,17.402008938825805,2.398390809913795,6.868328143688214,7.326304206906714,0.02159690614441161
2025-02-01 20:00:00,17.62041385856197,2.7454199164160977,6.555837170445373,7.319976362292868,0.03676627124599485
2025-02-01 21:00:00,17.6011523038427,2.6195994596712415,6.586577174703576,7.545439031178747,0.038163732845847925
2025-02-01 22:00:00,16.973471626909102,2.694402190272473,6.611265324286434,7.513484050603329,0.028425451181122274
2025-02-01 23:00:00,18.188519154460487,2.3687098784363,6.627119016974408,7.55182598797086,0.03383578960317898
2025-02-02 00:00:00,16.793099249304806,2.4567412134068745,6.279720565756914,7.355520073549782,0.03281784506582838
2025-02-02 01:00:00,16.89843918790861,2.1670241105377124,6.494274831760188,7.458055474319382,0.04035060465298748
2025-02-02 02:00:00,17.60124096044068,2.7797025317464805,6.61071568635924,7.303948688479879,0.027884051056661287
2025-02-02 03:00:00,18.19631479979139,2.759378929816584,6.45992191542308,7.454391891698584,0.027459723033419533
2025-02-02 04:00:00,16.50626996448797,2.4343952329762173,6.9138153995941405,7.3526970491574435,0.041270911958931726
2025-02-02 05:00:00,16.940077845150345,2.592428499161154,6.560592159844109,7.494996075292201,0.03397142922908291
2025-02-02 06:00:00,17.83443095992654,2.121430095372732,6.340076672041061,7.433863953481189,0.03408609104951088
2025-02-02 07:00:00,16.943783747652425,2.548795386943415,6.639571303154862,7.3437847834309515,0.01873810840033051
2025-02-02 08:00:00,18.142914676422674,2.781834367666678,6.125764873704048,7.30456720928587,0.02650632119490255
2025-02-02 09:00:00,17.358188008525293,2.5045888234929268,6.591569678608457,7.359268756630176,0.002309842473978224
2025-02-02 10:00:00,16.995941114817747,2.3976682524224113,6.600403502767765,7.3320206961484375,0.0253951595274134
2025-02-02 11:00:00,17.423904242845666,2.376014258321219,6.512232967277176,7.290867003827193,0.010478226226045098
2025-02-02 12:00:00,17.042198663366737,2.341725220349111,6.7212166506338695,7.280746299862937,0.03346191681502597
2025-02-02 13:00:00,17.79802070543624,2.06645973550416,6.729975435372611,7.450631641274902,0.020283444394155376
2025-02-02 14:00:00,16.79126490652641,,7.221111410995362,7.505553927791513,0.036602806681769164
2025-02-02 15:00:00,17.084279234170907,2.3329627573802396,6.770120642013181,7.475764755401552,0.02277137905412615
2025-02-02 16:00:00,17.706242527326786,2.473852834732025,6.866967500917185,7.448655399512054,0.031128465186336433
2025-02-02 17:00:00,17.563989253658967,2.8517575952505014,6.542262674875078,7.543021628050181,0.02783868013988508
2025-02-02 18:00:00,18.04454759583384,2.1653223825775125,6.234413480043251,7.384522638438412,0.013819995666678894
2025-02-02 19:00:00,17.86287932100081,2.7225657216439223,6.245752698718567,7.392505020697067,0.026034866315613595
2025-02-02 20:00:00,17.870106941075516,2.6191650185779243,6.689056842327867,7.2083221625593845,0.02715971638856343
2025-02-02 21:00:00,18.836655872091637,2.406038243321345,6.3701767355603565,7.6933430344537985,0.02261594055300919
2025-02-02 22:00:00,17.480368394580623,2.284798649203069,6.445079643947047,7.368136575107868,0.016251443351826603
2025-02-02 23:00:00,17.50572681961297,2.5628200936371353,6.753087926761057,7.123490053934242,0.024357568751207336
2025-02-03 00:00:00,18.298022891932856,2.6594173201695703,6.504995153620793,7.302130030125348,0.02618858179108035
2025-02-03 01:00:00,18.412386126091356,2.339692190987379,6.446475415265544,7.50957883481844,0.013323784326124584
2025-02-03 02:00:00,18.154182709936727,2.425019808890103,6.289161853846719,7.567074585298093,0.013004807100603335
2025-02-03 03:00:00,17.897597057215222,2.4247277940066985,6.141937029635031,7.412114662033541,0.01645532081919157
2025-02-03 04:00:00,17.461451938650413,2.487933635347582,6.570207289633691,7.286790466545779,0.01808394832470032
2025-02-03 05:00:00,17.57971262358753,2.2265127731071126,6.518552616653506,7.4686478660720885,0.022377417728699788
2025-02-03 06:00:00,17.816131907599818,2.440875573243561,6.490596801530416,7.275198838087306,0.026338846079680026
2025-02-03 07:00:00,18.00970153284764,2.079206165148408,6.3552613725115865,7.406410958277689,0.03328295315771147
2025-02-03 08:00:00,17.672316233405173,2.4072427201459714,6.125501542919091,7.432396756180401,0.026438567217811692
2025-02-03 09:00:00,18.43841070297792,,6.169872408469191,7.499143393909372,0.02685785862744309
2025-02-03 10:00:00,18.514382720209035,2.1794345970720945,6.510500048833239,7.1934560182759535,0.028442559338438478
2025-02-03 11:00:00,18.12228931979086,2.272702070766222,6.366300948448997,7.467104807638052,0.029902609961292265
2025-02-03 12:00:00,18.31513639438866,2.5637319148648006,6.3187070273942,7.422962652418042,0.015669438416647294
2025-02-03 13:00:00,17.33955813307282,2.436984745245146,6.102959215734693,7.224429342166454,0.005153793443233228
2025-02-03 14:00:00,18.60740923083405,2.165008061472868,6.270145016992782,7.470034155829339,0.024842546197373257
2025-02-03 15:00:00,18.410330515854163,2.1442535832393763,6.066345348071151,7.4728699612239335,0.018039802902081955
2025-02-03 16:00:00,18.192343907022533,2.404712880692819,6.482430611280747,7.368099304046333,0.024981543309922447
2025-02-03 17:00:00,17.9689548309293,2.8579913985921817,6.101127527264094,7.291684326669906,0.016417696797725034
2025-02-03 18:00:00,17.829161198325554,2.534158057374655,6.315742536515078,7.366976232097485,0.020186792908489813
2025-02-03 19:00:00,18.010683563990916,2.5089079056708945,6.268590757872333,7.426871772446107,0.025060609916630217
2025-02-03 20:00:00,18.11986850367729,2.051719022402692,6.470692232004078,7.12233738331092,0.04481574469680192
2025-02-03 21:00:00,17.57424865000074,2.804083943926481,6.767110988959545,7.342372983381732,0.025999162459774315
2025-02-03 22:00:00,18.713081658223025,2.695825486288571,5.905769746866323,7.384566165929168,0.030875836613743983
2025-02-03 23:00:00,17.875215449805346,2.3770804702111166,6.334639713867042,7.320538464904362,0.030724946247122163
2025-02-04 00:00:00,18.283730243661417,2.279279924027307,6.208653779838386,7.333890384551174,0.02618513656059925
2025-02-04 01:00:00,18.882523144566804,2.5654502049059746,6.312812240483471,7.223882303001577,0.012656182106339271
2025-02-04 02:00:00,18.207342670021237,2.4810887003762416,6.798114390921957,7.6239247792637705,0.024964235831429836
2025-02-04 03:00:00,18.43762823488033,2.5050877999004526,6.313492317638011,7.550473459102621,0.035087157772230815
2025-02-04 04:00:00,17.980965499121712,2.641171892328642,6.240662929708455,7.485653576521183,0.01739811734721084
2025-02-04 05:00:00,17.640483417637228,3.0157036945860294,6.555936492518585,7.419645179841379,0.02332368140608871
2025-02-04 06:00:00,17.61072741988726,2.7843410156502673,6.979181531310519,7.461853892293284,0.02135675670770218
2025-02-04 07:00:00,18.824301013997466,2.4535083919010203,6.3973538534900944,7.405748740630387,0.03293819796086092
2025-02-04 08:00:00,18.065062553907946,2.3462828673678144,6.319008778555133,7.37245850865606,0.024509082011149524
2025-02-04 09:00:00,17.86581527284572,2.3081205773205378,6.129725424290976,7.281540828268534,0.034806969801488806
2025-02-04 10:00:00,19.31435551816976,2.4648607515481906,6.082016697610357,7.419312320976552,0.03210107259307974
2025-02-04 11:00:00,18.59516335379615,2.8140586051062115,6.5752229350079725,7.424755063192606,0.030631398189183163
2025-02-04 12:00:00,18.378413704816165,2.913380041461915,6.311421263940829,7.366118980580747,0.0072646074487131215
2025-02-04 13:00:00,18.7657701656563,2.377736840090109,6.099925936045728,7.344780667637904,0.026561706805868498
2025-02-04 14:00:00,18.047439137276726,2.392758934387195,6.268701871686201,7.377730545363958,0.02469849618467363
2025-02-04 15:00:00,18.331918438557413,2.5781273058438896,5.5880643536584484,7.2683776338713635,0.03493776369352545
2025-02-04 16:00:00,17.751774302332784,2.522021889582523,6.272363727614784,7.697734931737466,0.03416918721283185
2025-02-04 17:00:00,18.296581839863677,2.073859533571302,6.588074176667407,7.4445707089100965,0.025247781229038677
2025-02-04 18:00:00,18.666716764243873,2.5849137917515366,6.304277938343744,7.3205645456261195,0.03782798518457148
2025-02-04 19:00:00,17.845694194396955,2.4933089366289716,5.998184586715468,7.418660209461611,0.04430224068011975
2025-02-04 20:00:00,18.48429488034232,2.2762319756605964,6.494158283888977,7.535967556101803,0.04475198214576419
2025-02-04 21:00:00,17.924419438400495,2.669194264400537,6.073079877996888,7.432991611888284,0.03307904890363656
2025-02-04 22:00:00,19.1985982917047,2.824059521942072,6.121926583468041,7.230771223173256,0.03366215090209898
2025-02-04 23:00:00,18.588328270288887,2.559594513855606,6.469268790656571,7.45896454762278,0.036332061828405746
2025-02-05 00:00:00,18.987948484751275,2.616747269080958,6.211253204639256,7.264651344431662,0.04525665016572121
2025-02-05 01:00:00,18.667403606729923,2.758702659082863,5.74735649182304,7.460459504500778,0.025454414205375864
2025-02-05 02:00:00,19.053561871992194,2.729281782106219,6.135529866616751,7.342041070495306,0.03127040179172476
2025-02-05 03:00:00,18.742307727453184,2.4862582700003255,6.148999285993865,7.330866870550056,0.03322223508334832
2025-02-05 04:00:00,17.648699626819127,2.6419879016538745,6.346712385751197,7.440350722513128,0.03939445860739145
2025-02-05 05:00:00,18.27074084038169,2.307477102865731,6.360072638673534,7.323210462779257,0.03857098671063536
2025-02-05 06:00:00,19.134691784798083,2.4958465770832676,6.4638240855457205,7.583236733757036,0.025195593723110494
2025-02-05 07:00:00,19.850687988803898,2.1459252588313382,5.958376920532693,7.422785213499089,0.039133934877804956
2025-02-05 08:00:00,18.78654209528744,2.371819180938992,6.452356339591954,7.385061397049579,0.03455992027622117
2025-02-05 09:00:00,18.47834880715286,2.383602701996366,6.4962675606943705,7.4546365334048605,0.029600118210604015
2025-02-05 10:00:00,18.9122453222283,2.375091676983185,6.1392137274105005,7.569050865880717,0.03377026249989601
2025-02-05 11:00:00,18.280371487966935,2.257608506398508,5.968535254130784,7.407606459461963,0.020643385012621262
2025-02-05 12:00:00,18.84476547728719,2.4613671207555274,6.173548398526713,7.606687552061623,0.044119242109466
2025-02-05 13:00:00,18.080266857105332,2.5513562315920995,6.7874989826405265,7.42067662200821,0.04448049610355733
2025-02-05 14:00:00,19.059097717752906,2.4797784770216977,6.741618241799398,7.394940633820667,0.04813471816638413
2025-02-05 15:00:00,19.739464055733883,2.4726437658240434,5.986704887026224,7.418415832472802,0.029440028483872675
2025-02-05 16:00:00,17.909062226793566,2.4456372614617017,6.540140874296738,7.43687731872217,0.02664119559996324
2025-02-05 17:00:00,18.412082269260186,2.838412061421519,6.1332147626196,7.22814282045202,0.04157349440618094
2025-02-05 18:00:00,19.132327068018874,2.4208717460552838,6.345163491445862,7.21842129209435,0.05861349586370404
2025-02-05 19:00:00,18.456184070196052,2.3359560650972893,6.579917033316062,7.291925193733664,0.04342048240928859
2025-02-05 20:00:00,18.29207311054307,2.6471000013805104,6.690292899607295,7.451385844778099,0.03439873012070101
2025-02-05 21:00:00,18.815200383271517,2.4674819255690674,6.238632020621821,7.301543329272385,0.0433793601957238
2025-02-05 22:00:00,18.901347126617512,2.4003757836548845,6.079133039912269,7.316784802037683,0.05127969095299681
2025-02-05 23:00:00,17.72642548974944,2.810926075406913,6.332659428268579,7.2801881177663015,0.044268070630180185
2025-02-06 00:00:00,18.798036316133267,2.57285421217965,6.372062198028588,7.46542248180565,0.03621006015198604
2025-02-06 01:00:00,18.667896656621863,2.4684187073284716,5.636332356482197,7.184415877783527,0.036307820738743016
2025-02-06 02:00:00,17.970918526173968,2.680404037744221,6.159877742979837,7.532461419261178,0.04832522202240028
2025-02-06 03:00:00,18.603955962877905,2.486862332286759,6.207573814818904,7.54656903939358,0.04677199828213361
2025-02-06 04:00:00,19.16381876707733,2.824782331726299,6.4132196368558345,7.442102187642138,0.03703384732073868
2025-02-06 05:00:00,18.155559338472017,2.5304180055859677,6.354694073967616,7.37272753295374,0.049203053941781684
2025-02-06 06:00:00,18.039889827421284,2.5707306939582124,5.869185285426468,7.436926604805718,0.050571763663357104
2025-02-06 07:00:00,18.61948428599014,2.7124335737230614,6.25647246521469,7.508037638383713,0.04078385484558463
2025-02-06 08:00:00,18.49689914918202,2.5810454701351744,6.492779613832985,7.3869878329269785,0.05585484961360829
2025-02-06 09:00:00,19.920123740194153,2.4778472534729943,5.8481472992666745,7.315036398549076,0.05247269951570118
2025-02-06 10:00:00,19.52613199820779,3.0006261314300864,5.68843736222442,7.331703321437231,0.04201985842666528
2025-02-06 11:00:00,18.96450085305875,2.4248424606415924,6.317545135771706,7.436721730218956,0.051833598473758756
2025-02-06 12:00:00,19.20234856549354,2.414837613726122,6.2767761091989644,7.401940328496075,0.04957298098765255
2025-02-06 13:00:00,18.959914625606324,2.531641230224604,5.861926770027951,7.521216689587241,0.03512930268262134
2025-02-06 14:00:00,18.203046001630675,2.232449054109234,6.423198698612429,7.346702354802431,0.05978166557704835
2025-02-06 15:00:00,19.52762324382341,2.823831966633121,5.936847733440429,7.40516994793185,0.044309596850216834
2025-02-06 16:00:00,19.252563217804315,2.4419792370824447,6.014174390924973,7.341805813119677,0.052453291401499645
2025-02-06 17:00:00,18.666547125741932,2.3031648563991443,6.40467644310198,7.429718888023164,0.041616684627937724
2025-02-06 18:00:00,19.265867957823744,2.5015285575170614,6.128482334788527,7.49744049436573,0.04418741059134079
2025-02-06 19:00:00,19.454964634514248,2.704456013850927,6.3568211983075225,7.559371860943245,0.04093577494469523
2025-02-06 20:00:00,18.551510892288665,2.600906595190677,6.222556198035631,7.334202615800813,0.054899707777062934
2025-02-06 21:00:00,19.185009244661774,2.6481131534769973,6.397559966971418,7.291173664647958,0.04515390580225057
2025-02-06 22:00:00,19.452302017213665,2.604074287362061,5.943466351416602,7.504848319226853,0.04814401286262623
2025-02-06 23:00:00,18.09066315937218,2.4101714384590984,6.9045269493806165,7.405361197835765,0.0432980763747695
2025-02-07 00:00:00,18.753369618881518,2.3196094768657325,6.404173385680125,7.479444779783799,0.04755747936202625
2025-02-07 01:00:00,18.88594593887443,2.562926911958395,5.678960098143799,7.331822515460519,0.037070460586072176
2025-02-07 02:00:00,18.672479585032264,2.5276093217244755,6.059874869661533,7.295293542773932,0.0349623903563214
2025-02-07 03:00:00,19.273215142986956,2.612926335103719,5.867079920185373,7.41389992442256,0.05928520543431248
2025-02-07 04:00:00,18.78540567581176,2.6833566631765104,6.377345878562015,7.236697699449212,0.057510035304613766
2025-02-07 05:00:00,18.295659322654256,2.6001055360367378,6.012743435359607,7.301621083834916,0.057545015294417065
2025-02-07 06:00:00,18.638555693430362,2.238327281399927,6.259141036127955,7.531850480068142,0.03802333556115835
2025-02-07 07:00:00,18.736069768464795,2.303384604316243,6.421517723710942,7.056480923371475,0.05448251544208327
2025-02-07 08:00:00,17.954226142377284,2.0454778637992876,6.6235708953253525,7.431111630283684,0.051677130133576644
2025-02-07 09:00:00,19.557417825046535,2.6370803871148145,5.5342898708265205,7.480128129224868,0.06045930338406997
2025-02-07 10:00:00,18.104078209516803,2.3057987216073728,6.085848204038711,7.3223473374934205,0.045709853191066574
2025-02-07 11:00:00,18.42163336923836,2.473123981319536,6.538275012321387,7.324711366517076,0.03376212429453194
2025-02-07 12:00:00,19.391030851657742,2.4424014570778736,6.481713205737201,7.34042101871281,0.043450610097797826
2025-02-07 13:00:00,18.820340392272232,2.620131394318225,6.038051338531713,7.549454812361513,0.056039666377983785
2025-02-07 14:00:00,19.040673168585645,2.677117494485384,6.245297897014253,7.270781707823171,0.037546640077451024
2025-02-07 15:00:00,19.169553842747874,2.6572148354569958,5.943880532275685,7.38856752810755,0.03540632590075271
2025-02-07 16:00:00,18.58454909202595,2.1916183795347552,6.295898816725869,7.401784328801212,0.033163387058853466
2025-02-07 17:00:00,19.055297469943323,2.3342127807465682,5.863111872077201,7.4355777641282295,0.04887971670265631
2025-02-07 18:00:00,19.601215181076622,2.2798722381074548,5.790644987491787,7.392389598374066,0.04346152539139885
2025-02-07 19:00:00,19.100678271243346,2.373602123298071,6.009621929913825,7.571082023714965,0.0503764909410948
2025-02-07 20:00:00,18.82960130662426,2.4702761204523305,6.105073634808991,7.266587550089676,0.04926849743877041
2025-02-07 21:00:00,18.55702180603925,2.639451630827585,6.333434968371992,7.348673980553303,0.03848183716129845
2025-02-07 22:00:00,18.98301913060182,2.708885796956857,5.889413763557416,7.535087233927972,0.04752836428910127
2025-02-07 23:00:00,17.54595399332812,2.6091556844247488,6.6347803797691896,7.275144491331855,0.04581257775448399
2025-02-08 00:00:00,18.874661685552212,2.679934365361494,6.38864854170357,7.334683634324725,0.04020438107477275
2025-02-08 01:00:00,18.873502057744272,2.4914245638937507,6.35848027720508,7.380123610199878,0.03801176957669442
2025-02-08 02:00:00,18.687658965227158,2.858476103203214,6.3875103967251174,7.373379376507614,0.044743474529850474
2025-02-08 03:00:00,19.279428380132345,2.18688484087677,6.300692165021631,7.257264595930124,0.047508752213592534
2025-02-08 04:00:00,19.302196514806962,2.0120034208515962,5.852280122729509,7.601277366451389,0.027663832530975794
2025-02-08 05:00:00,18.943595278741746,2.5428574678541036,6.229824340299514,7.541578726614808,0.05041559471908546
2025-02-08 06:00:00,19.132652419537084,2.478102110647948,6.336994389403818,7.2449846193734695,0.03242529909022779
2025-02-08 07:00:00,18.257001655751004,2.7920511772482377,6.425975687412797,7.3485258620792395,0.04341689051873392
2025-02-08 08:00:00,17.76204598976188,2.5159829308649786,6.484253924050568,7.343941609955051,0.03150270398977529
2025-02-08 09:00:00,19.368715897472647,2.2694619236933957,6.183009261832023,7.550483781624685,0.03879178144821251
2025-02-08 10:00:00,19.42874389665622,2.466998539271515,6.119984674954091,7.3767990410925774,0.03662249513092278
2025-02-08 11:00:00,19.658483482113766,2.7456000502760425,5.95957124105407,7.3587140156142095,0.03616628680736255
2025-02-08 12:00:00,18.68948437006229,2.3062733096365946,6.374085430733857,7.3729067752824395,0.0393883836494463
2025-02-08 13:00:00,18.45981901082437,2.3813026504331303,6.50887057898422,7.368952679139825,0.033387280238480394
2025-02-08 14:00:00,19.77123366316813,2.4278461348058884,6.260581375807131,7.445815762341472,0.037082766804850203
2025-02-08 15:00:00,18.432056531604978,2.562934701809698,6.534870632986255,7.370134059118076,0.023409244167936542
2025-02-08 16:00:00,18.989109096854513,2.6099266162856827,6.502044879897983,7.330570225536954,0.02814579337489348
2025-02-08 17:00:00,18.274679929698635,2.411062053960658,6.302011421664064,7.340193253045601,0.041814459932531994
2025-02-08 18:00:00,18.661780883885353,2.532779594666458,6.712512962485037,7.396913274340747,0.030007443175215472
2025-02-08 19:00:00,18.402545317556093,2.8456720291276802,6.813302531560715,7.304332819330023,0.02708404705620027
2025-02-08 20:00:00,19.255096384865254,2.5376608288446905,5.922768933937294,,0.025186801975702236
2025-02-08 21:00:00,18.955339386961587,2.751706848143201,6.173298250308405,7.3486890215286005,0.031177362812728458
2025-02-08 22:00:00,18.882747910028634,2.605529371141694,6.013909304501928,7.568940572515952,0.04873133680580803
2025-02-08 23:00:00,19.23464164580365,2.7512186989675405,6.383855504648052,7.444061212961452,0.034071424367353914
2025-02-09 00:00:00,18.590594079271597,1.8818118172746674,6.302789944413276,7.500463458869544,0.021153087756035006
2025-02-09 01:00:00,19.36291568676127,2.7702952533114065,6.58176279572408,7.357215678290007,0.02985181871405411
2025-02-09 02:00:00,19.592022926347642,2.4172742459574033,6.3127817722552635,7.510348879574268,0.018672687185679694
2025-02-09 03:00:00,18.525403991605767,2.457722918954049,6.1942837643952595,7.40680561897582,0.016886493611125694
2025-02-09 04:00:00,19.093040330814876,2.6281845519062608,5.734520785275668,7.515877005195744,0.03960741014279034
2025-02-09 05:00:00,18.32982082381808,2.764217899426402,6.277763861866323,7.258279146361303,0.02898032356688461
2025-02-09 06:00:00,18.138762303437016,2.975720068572933,6.499178514230625,7.468025227851644,0.029071380194051283
2025-02-09 07:00:00,18.91127081631984,2.6681698818293773,5.93370021446856,7.313650137593688,0.024801376736093513
2025-02-09 08:00:00,19.029046912512484,2.6113509302167257,6.030452471944681,7.594286238060916,0.02487609544047931
2025-02-09 09:00:00,19.08534968291668,2.7798913575893525,6.078321193523147,7.460823266061945,0.04015525688119394
2025-02-09 10:00:00,18.24211348279398,2.776981650297551,6.350911940252386,7.197327307250718,0.020665369832469294
2025-02-09 11:00:00,18.379163866388836,2.726580610424675,6.184740755510864,7.493539974428493,0.027148699363665305
2025-02-09 12:00:00,17.812045668620183,2.67641921635448,6.663566791947092,7.350672482518609,0.02893113966389879
2025-02-09 13:00:00,18.264993826060085,2.825562241197234,6.354397701935812,7.390198584150151,0.027193895652219295
2025-02-09 14:00:00,18.61723945588065,2.3504841789690705,6.350297505853616,7.660923503035676,0.025585932053448078
2025-02-09 15:00:00,18.517485083008225,2.7247871426915404,6.257494599318102,7.389231248793057,0.04288650785400003
2025-02-09 16:00:00,18.771672029252624,2.4825115999131078,6.386009344446893,7.182033528227176,0.028995353610460153
2025-02-09 17:00:00,18.232603547551353,2.7814162852773863,6.433686812565661,7.332928902143776,0.027598076533719262
2025-02-09 18:00:00,18.66576200883693,2.3739743144449,6.259979274921975,7.411270006670505,0.03071987069238095
2025-02-09 19:00:00,18.3427188805539,2.709205721254011,6.2991210953786485,7.581566804235303,0.03094469919436846
2025-02-09 20:00:00,18.683930888383852,2.509032946742386,6.255269410746063,7.366367923493403,0.009890363436689129
2025-02-09 21:00:00,19.180752079839376,2.487718691195995,6.178231320313784,7.523554177275052,0.020562554153312016
2025-02-09 22:00:00,18.819159986514276,2.5544819923756172,6.0839562223171475,7.4776491953747515,0.02412855180734096
2025-02-09 23:00:00,17.922567914329353,2.1905605435196467,6.355649092886841,7.698037321091994,0.02571253801156199
2025-02-10 00:00:00,18.450901841345598,2.5307537987696334,6.075268064783459,7.3978676101031615,0.024446347280615992
2025-02-10 01:00:00,19.575664695747385,2.6287516362063297,5.871140458048158,7.701316709830935,0.029670957548725833
2025-02-10 02:00:00,18.93023410998275,2.517077791501269,6.529783795780929,7.509425361296205,0.02097436548594676
2025-02-10 03:00:00,17.874755172062596,2.351004842628651,6.3619095909846965,7.303178736277316,0.02553168057562683
2025-02-10 04:00:00,18.643815269041898,2.877265081196107,6.538745561529279,7.396126739347476,0.017427657255120653
2025-02-10 05:00:00,18.34515647415112,2.708034002878717,6.260913506515965,7.416774264329468,0.019087734248841283
2025-02-10 06:00:00,18.79201276186097,2.523268319808435,6.225341405737223,7.370678169076828,0.021833318333905727
2025-02-10 07:00:00,18.369543608426927,2.1875151913543562,6.668006849585425,7.433579629363528,0.004856932595863291
2025-02-10 08:00:00,18.34106769530008,2.764926963286941,6.070232536312852,7.151773959354871,0.02644373120020366
2025-02-10 09:00:00,18.242201677980795,2.7465432659305575,6.511384458562162,7.5338543064211825,0.02011946626401153
2025-02-10 10:00:00,17.706451204435254,2.4144268645624667,6.504791807554123,7.468032265674619,0.03272902726046162
2025-02-10 11:00:00,17.807478654385328,2.4522909460392994,6.610148934938627,7.410391851614099,0.02800515404088629
2025-02-10 12:00:00,17.54763571972385,2.4960242222784776,6.356200707645988,7.474916899648966,0.027505267414265167
2025-02-10 13:00:00,18.25919030995187,2.540812108716856,5.724160653162563,7.474172721368341,0.012957258114331046
2025-02-10 14:00:00,18.957723678869446,2.3344005602386058,6.2749809088773985,7.3272352268487255,0.028175519219788094
2025-02-10 15:00:00,18.105908295323303,2.4727935260470155,,7.413928398278476,0.03709821333444098
2025-02-10 16:00:00,19.351888301033295,2.385880171125112,6.130884279432956,7.613290538650975,0.028983391006309537
2025-02-10 17:00:00,18.330934586735264,2.4909494567322863,6.371270834540919,7.299825733444534,0.03577588032407835
2025-02-10 18:00:00,17.600668533368324,2.5705727577283093,6.531263378170629,7.376338632809816,0.02780791104923807
2025-02-10 19:00:00,18.41757162474092,2.3418950262383076,6.441602501841241,7.319771782180832,0.02810744700504733
2025-02-10 20:00:00,18.458299949753343,2.441358865013689,6.51074708946533,7.379197085685028,0.027676376441908516
2025-02-10 21:00:00,18.95954481588399,2.5524493991320036,5.825130535708448,7.63810495248595,0.020969334430605016
2025-02-10 22:00:00,18.283825639709573,2.6283583712181398,6.060427201063887,7.2157575406228744,0.01706766354786568
2025-02-10 23:00:00,18.668923424855794,2.641064354356785,6.3368933214087555,7.363234144610096,0.016213043898764448
2025-02-11 00:00:00,17.831776246462066,2.376530186850317,6.575581377691276,7.3855747061088595,0.020725902144405006
2025-02-11 01:00:00,17.677571780386867,2.477832450105548,7.042321938592347,7.139708359486592,0.013552543143104473
2025-02-11 02:00:00,18.76552036318927,2.5662468902144986,5.951093797552082,7.356138922529617,0.022946014533167407
2025-02-11 03:00:00,19.360045506946935,2.4769717408615297,5.899064837677926,7.418782424212515,0.030519347874860485
2025-02-11 04:00:00,17.619753944326643,,6.303456889144427,7.552419077453725,0.028975733734836223
2025-02-11 05:00:00,17.240329404605397,2.81602506712024,6.900556640898358,7.281849837495103,0.035020772713573414
2025-02-11 06:00:00,17.98980928899024,2.2619709689765486,6.413768660438861,7.296120015887879,0.028636044533972654
2025-02-11 07:00:00,18.33069549637754,2.5051501692668467,7.123536790057712,7.588665134613955,0.022079991798432244
2025-02-11 08:00:00,17.12484204456654,2.6772289275827705,6.442620278065424,7.522368352551391,0.03259868808367829
2025-02-11 09:00:00,18.346881051667346,2.4243669360911397,5.893223823856393,7.484881997870922,0.022755159726564
2025-02-11 10:00:00,18.738691059055995,2.5681362844518345,6.426096570892408,7.603554736820984,0.019243828019915817
2025-02-11 11:00:00,18.450050864780263,2.394052355214833,6.431965630529932,7.433327825162073,0.030415836768813324
2025-02-11 12:00:00,17.94001884814897,2.436817095561097,5.980161517976684,7.553272528421604,0.030908424101081206
2025-02-11 13:00:00,17.517372722064565,2.2120673324446853,6.525741146224409,7.597179875346533,0.031461452631816475
2025-02-11 14:00:00,18.706819643869544,2.2083749718796883,6.073877707927509,7.376599199973504,0.033288696631315375
2025-02-11 15:00:00,18.344837505010833,2.963329802725603,6.365886232143026,7.6862824568533625,0.03507870810006425
2025-02-11 16:00:00,17.74419641959478,2.446191003134758,6.653152885810839,7.439857446286601,0.04015117199878062
2025-02-11 17:00:00,17.833057467080316,2.8397446427027537,6.531597626313102,7.38915649123602,0.03265280000154797
2025-02-11 18:00:00,17.83423350723519,2.2967967334922412,6.290819242524794,7.645004142161649,0.04413079434564398
2025-02-11 19:00:00,18.220530316988885,2.276289923731946,6.527325428126853,7.232994496658504,0.02452817919208393
2025-02-11 20:00:00,18.53250838558167,2.7023796289310007,6.047230316441992,7.557004464631308,0.04850209366553844
2025-02-11 21:00:00,17.865840231104436,2.2479969100570854,6.469958809679366,7.4317035503856905,0.02492772979971221
2025-02-11 22:00:00,16.437295343028325,2.4540685430505107,7.237961897966917,7.410628511903897,0.036095662803696436
2025-02-11 23:00:00,17.568560364044497,2.4821758132709277,7.000050483410335,7.222102578500663,0.03116454468046832
2025-02-12 00:00:00,18.199306254625697,2.368786845726442,6.2300729134868424,7.513306871880184,0.03164762428914609
2025-02-12 01:00:00,18.229786275602745,2.4945504330008896,6.442650119440833,7.451352976486964,0.040008577385712674
2025-02-12 02:00:00,17.55454835091557,2.5386371311355487,6.69792221201652,7.245105318575809,0.024969148573113987
2025-02-12 03:00:00,17.052029947109762,2.559930262043951,6.519574583790367,7.586234824920946,0.03968383824036038
2025-02-12 04:00:00,18.323093558516007,2.5133696598822124,6.246754657879839,7.31227562820256,0.02039950647742745
2025-02-12 05:00:00,18.57817468712866,2.5698179801756234,6.508500162795415,7.318263539049151,0.04180321150875035
2025-02-12 06:00:00,17.612745757272968,2.530714782509167,6.693833256611632,7.3915546408373185,0.04200751160736786
2025-02-12 07:00:00,17.99845354908783,2.672226769731556,5.806494267992133,7.372131145838553,0.03495805992808523
2025-02-12 08:00:00,17.020085162114505,2.6203411814514035,6.782793594110875,7.295235904149546,0.03593278537108399
2025-02-12 09:00:00,18.767399079799475,2.3421196543073415,6.678691224286419,7.438415458487665,0.058838750794014225
2025-02-12 10:00:00,17.628918355897156,2.4432953191508773,6.49295802345055,7.5720097229713605,0.035003257317058445
2025-02-12 11:00:00,17.307844979408053,2.6537858140922084,6.675310605842716,7.479919203938694,0.03409525043475109
2025-02-12 12:00:00,17.10573712137141,2.648717883733873,6.824632946123901,7.467617683795477,0.03025071456602297
2025-02-12 13:00:00,17.50422154635893,2.715120321150413,6.769628163699366,7.310129449820194,0.047695108801012256
2025-02-12 14:00:00,16.97696704912028,2.660467117316859,6.855590032832962,7.46990047967285,0.042212850659949806
2025-02-12 15:00:00,17.43324130067414,2.6395247970911777,6.580500628689804,7.441810413232738,0.042032070864430525
2025-02-12 16:00:00,17.27756452567523,2.1228959542056867,6.692327730192848,7.639118234269568,0.03335591399278706
2025-02-12 17:00:00,17.821382693138307,2.9248131777477537,6.164853589515031,7.5266392319703455,0.04337920612065298
2025-02-12 18:00:00,16.818306638706797,2.4517683130505934,6.630543894405136,7.4718129870112024,0.04422044929629463
2025-02-12 19:00:00,17.72438584639218,2.5036029651432274,6.330477547976586,7.38484300955339,0.04885600334068474
2025-02-12 20:00:00,17.60978848422212,2.678825632373198,6.634966191977923,7.348125748724762,0.04646181594117274
2025-02-12 21:00:00,17.115275606827538,2.245019429721867,6.815637724086941,7.347076640991403,0.04056381249836989
2025-02-12 22:00:00,17.165786329979838,2.4426181475344277,6.854593614799149,7.331915661302109,0.04966033064347648
2025-02-12 23:00:00,17.201540630832753,2.3739789810227587,6.657366603204775,7.454967065705732,0.04312862782715995
2025-02-13 00:00:00,17.698010190749866,2.509031010824422,6.82378698658154,7.183794024130453,0.04939933717258719
2025-02-13 01:00:00,17.773646027255555,2.5968812141866278,6.248829521755184,7.515043944312873,0.04473864433963066
2025-02-13 02:00:00,16.691097126819095,2.486338600250009,6.754721354017597,7.495431439870121,0.044273181927394385
2025-02-13 03:00:00,17.211464672855506,2.4769557511028397,6.826389899083721,7.405156783222854,0.05548320176716983
2025-02-13 04:00:00,17.384709640290794,2.4416806610577075,6.916472121959004,,0.03661963153419526
2025-02-13 05:00:00,17.53854872550378,2.5321942487435667,6.582489609426218,7.274958092549167,0.053414899131796964
2025-02-13 06:00:00,17.192265165891047,2.3924181098503254,6.319360124870685,7.260802093259496,0.04343193703497335
2025-02-13 07:00:00,16.599264354946698,2.866733365703724,6.913768663096008,7.303468437011853,0.05029634136095255
2025-02-13 08:00:00,17.637007444025947,2.2758292887580684,6.895784661041658,7.582678351475402,0.03327865554727321
2025-02-13 09:00:00,17.87707623372527,2.6588953525427415,6.296264430249719,7.346537107806056,0.04408555720041401
2025-02-13 10:00:00,17.248274845811956,2.479811591476045,6.804796090294141,7.696546786075811,0.013288875187567557
2025-02-13 11:00:00,16.657290083744858,2.353157168754167,6.511549179352594,7.337559169451775,0.05838927974969054
2025-02-13 12:00:00,16.758791709604775,2.5428200364908538,6.564816290954158,7.661164781725089,0.04956118448238013
2025-02-13 13:00:00,16.8343651977406,2.204840090979526,6.543275033304371,7.309600589834607,0.03964829244111998
2025-02-13 14:00:00,16.86405383528283,2.805811617068137,6.29427869366938,7.327435258197751,0.036614720355221876
2025-02-13 15:00:00,17.077278969663276,2.7221760544071585,6.752213639971343,7.129364578251297,0.05071597244186199
2025-02-13 16:00:00,16.91030453398694,2.4197411448315527,6.969570115175438,7.319565397466812,0.06443457061125199
2025-02-13 17:00:00,17.42763648138738,2.916986739502043,6.556458301824996,7.4847755205490945,0.044572034265287906
2025-02-13 18:00:00,16.218864264664077,2.192473583696307,6.626737112992816,7.309726649380084,0.03494435685465589
2025-02-13 19:00:00,16.457438453934465,2.509532648485435,6.946575684569789,7.446336363028136,0.03254492379891437
2025-02-13 20:00:00,16.948826325172057,2.3586330081723195,6.8414864074187145,7.435753757818899,0.056213066390653876
2025-02-13 21:00:00,15.883632988270847,2.2900990047668035,6.686528974107982,7.389524314370649,0.04733991533916667
2025-02-13 22:00:00,16.882047929070936,2.440617573425236,,7.308544886164995,0.045714265119869965
2025-02-13 23:00:00,17.17058347841606,2.7529966657531375,6.5081775288245005,7.507541162548377,0.059690008652833054
2025-02-14 00:00:00,16.638345636775703,2.184153082170444,6.708097617330301,7.480959141593993,0.05325989735248274
2025-02-14 01:00:00,15.90675113628342,2.686854435386882,7.012102318458161,7.362662722701334,0.04416656586122843
2025-02-14 02:00:00,16.93115057513524,2.2617197607478556,6.7502139329963855,7.182841957891113,0.03342683275045616
2025-02-14 03:00:00,16.679374484368395,2.6994752794241594,6.609091352621748,7.264028676884348,0.039570171981555415
2025-02-14 04:00:00,16.5989636273114,2.426306842988164,6.923783457592366,7.492779844295961,0.05827067495366527
2025-02-14 05:00:00,17.097367219527964,2.554237960155783,7.129874390179556,7.197573420822137,0.05824364990912683
2025-02-14 06:00:00,16.99553100394038,2.4514931109745532,6.2060392674812235,7.558933075454091,0.04123489467544755
2025-02-14 07:00:00,16.2722782230827,1.9500928492902574,7.095263871895109,7.4006618412481755,0.03937399775736741
2025-02-14 08:00:00,16.59600614995434,2.3466866611481416,6.973029698035287,7.263458424895639,0.0456450547569087
2025-02-14 09:00:00,16.47695955830096,2.4144623536795913,6.927626351530564,7.311935603319885,0.0376510331793478
2025-02-14 10:00:00,16.11810554248243,2.191020256689378,6.926568333432498,7.56431895700531,0.04214597864327889
2025-02-14 11:00:00,16.219755283799426,2.3028699308484737,7.301449563760886,7.362487314785893,0.047119730995269435
2025-02-14 12:00:00,16.064826588215933,2.3948001179369975,7.04226350739075,7.33381230196012,0.04771005629145587
2025-02-14 13:00:00,16.443569881258757,2.635911384509305,6.769099200090279,7.502115134751596,0.04112454773550941
2025-02-14 14:00:00,16.475342733860614,2.6357445808306683,6.571077499809781,7.403571269941199,0.05412031997264403
2025-02-14 15:00:00,16.181669686218456,2.4869509264436678,6.637505853392864,7.278626469505814,0.04673555110238034
2025-02-14 16:00:00,15.445192963578037,2.6467660930817347,6.8631061081011335,7.355987406803922,0.05593123155426576
2025-02-14 17:00:00,15.617914819268131,2.56988824593621,7.014923558082568,7.500741748855764,0.031324857129716895
2025-02-14 18:00:00,15.907824534884686,2.4558701105135445,6.8889267659888995,7.3453326611059735,0.04428064203936347
2025-02-14 19:00:00,16.635268882852735,2.1414144963586663,6.487398766131723,7.584300652833542,0.04271241808852178
2025-02-14 20:00:00,16.866439388455625,2.8737814531886143,6.945029683031746,7.469705416339869,0.0318358596398713
2025-02-14 21:00:00,15.538626016518887,2.947985387088896,7.16769256451977,7.426000222588391,0.04920736148823083
2025-02-14 22:00:00,16.076725397207863,2.5609574148522727,7.009201659148556,7.281221842449919,0.02942140245224449
2025-02-14 23:00:00,16.595542375429922,,6.467096531960656,7.452782710345041,0.03386543984287586
2025-02-15 00:00:00,16.345419994164384,2.433865319615239,7.234953098860292,7.326585978257658,0.0312764177142352
2025-02-15 01:00:00,15.384090322181656,2.0717836967880165,7.141044844635422,7.454320716820777,0.0365597046033428
2025-02-15 02:00:00,14.87383961201625,2.9861419833390483,6.857284879188379,7.352018724990792,0.026120631895589285
2025-02-15 03:00:00,16.977701552879953,2.6348592786054175,6.751844846216694,7.259814075686383,0.045398852947377825
2025-02-15 04:00:00,16.086482841511828,2.8346247934839033,7.105352016059073,7.495127097226655,0.03594212982836226
2025-02-15 05:00:00,15.574720830323848,2.3929468723303438,6.781006395326289,7.158566968630608,0.025774095258631155
2025-02-15 06:00:00,15.369273464431101,2.563757029380312,7.3677034138017365,7.317045052257163,0.03841402917339726
2025-02-15 07:00:00,15.749752206976336,2.465476007065247,6.68335510144556,7.291655089730536,0.03315444246334001
2025-02-15 08:00:00,15.068082885624184,2.5895821461564097,6.96178594404779,7.5369860323161015,0.03360778412888642
2025-02-15 09:00:00,15.652925731671589,2.6406996287313933,7.220899991222891,7.3167012492355505,0.04043529188401914
2025-02-15 10:00:00,15.30646332876578,2.23626856014063,7.390143530894332,7.4888031711826715,0.037898522099997445
2025-02-15 11:00:00,15.60616977253886,2.2340947568784544,6.998193691470607,7.421248525691244,0.03938161426772989
2025-02-15 12:00:00,15.805109473897222,2.751337717763766,6.825834754434725,7.381109792054945,0.025585130121275813
2025-02-15 13:00:00,15.549169593282548,2.4461230944403205,6.6784163324174814,7.425076663986153,0.035288299888852175
2025-02-15 14:00:00,14.94554617390479,2.307935386239367,7.695944048063668,7.1200655153207215,0.027169989719877708
2025-02-15 15:00:00,15.660250101188977,2.59960166986669,6.944414717143553,7.908099922477285,0.035473814175816125
2025-02-15 16:00:00,15.767761318149649,2.421741828348585,7.340503940916626,7.238917374253814,0.02921026922442512
2025-02-15 17:00:00,15.372933543044173,2.9048234592731923,6.771368424412568,7.5380222006134385,0.04016772282273132
2025-02-15 18:00:00,15.066680457531378,2.6372942733370155,7.304132133917636,7.26683063951537,0.030621201380849897
2025-02-15 19:00:00,15.518674337694387,2.241295059248913,6.945637039033527,7.494375447438509,0.04107174745891089
2025-02-15 20:00:00,15.679808417488651,2.203439883511812,7.147761980856598,7.433696304432329,0.034003186500679135
2025-02-15 21:00:00,15.736936907773963,2.156513009249423,6.7211869255961965,7.235014495760869,0.02957297675679679
2025-02-15 22:00:00,14.491183471883886,2.716275808234783,7.853899223437492,7.239174537852911,0.02803291387977498
2025-02-15 23:00:00,14.819776087521493,2.488236922977752,7.313206564407531,7.336545330099782,0.04244130979820524
2025-02-16 00:00:00,15.304908693903101,2.500211784870674,7.649523528534723,7.3805367174096,0.026584585599236866
2025-02-16 01:00:00,15.51892580325082,2.5635367696296707,7.45579162154623,7.482090026781544,0.02613043320552426
2025-02-16 02:00:00,15.153238242885958,2.55952178716765,7.324551914660913,7.348681417131293,0.039761466667974435
2025-02-16 03:00:00,14.979642653494063,2.370410479340396,7.2507373533882955,7.206079072642649,0.03493358081693392
2025-02-16 04:00:00,15.75334869024474,2.3876910712150314,7.2104594536484745,7.293856930904699,0.02635390433480101
2025-02-16 05:00:00,15.154399843120714,2.2597858265971045,7.350968873630372,7.327658709760465,0.024824979732679362
2025-02-16 06:00:00,14.593693311374485,2.2969832468487312,7.512489343311828,7.3753329907052745,0.02766750990378014
2025-02-16 07:00:00,15.060359026437842,2.2002750902214476,6.931424111981037,7.199105050038396,0.024620774824284104
2025-02-16 08:00:00,15.062129037290743,2.392626714409224,6.952177820598237,7.213379549064417,0.01687296815561394
2025-02-16 09:00:00,15.549911568733187,2.552202915473807,7.184437343621218,7.422460747581584,0.030675608929357848
2025-02-16 10:00:00,14.540310735120975,2.256111521789285,7.503005229789558,7.4406648755489275,0.025387507330931553
2025-02-16 11:00:00,15.546843417754642,2.3234188658000465,7.436480904023689,7.351240679911749,0.02857958719511192
2025-02-16 12:00:00,14.066388639993338,2.6272819613188947,7.166042503788426,7.485730351652732,0.021165415107287228
2025-02-16 13:00:00,14.768131820718306,2.119008678912594,7.891569124908282,7.423578426417109,0.027100951123371193
2025-02-16 14:00:00,15.448462793136867,2.51454163624416,7.153640420922942,7.3735697332983685,0.028739706789481602
2025-02-16 15:00:00,15.513316199134053,2.5483270278203753,7.483142721200479,7.196884537905934,0.024576374413545002
2025-02-16 16:00:00,14.054997038832001,2.620587196713594,7.426517793960244,7.471332258981149,0.022581336757733456
2025-02-16 17:00:00,15.45237247999803,2.512640866232398,6.994520283266073,7.418110859556683,0.008604107637065216
2025-02-16 18:00:00,13.631240990657538,2.3866624609072247,7.33597141405857,7.5086882621799145,0.01596490681502649
2025-02-16 19:00:00,14.859548291698477,2.4139041291528436,7.6247185854331825,7.410432188481154,0.02763465392830136
2025-02-16 20:00:00,15.179841310386525,2.28672317456988,6.8928705435233475,7.270495675627784,0.01981480839840318
2025-02-16 21:00:00,14.944358683040386,2.3352772825927652,6.783320493861855,7.272599110728678,0.027689119109779777
2025-02-16 22:00:00,14.235655300795152,2.319727931495351,7.794303351331808,7.204731868599541,0.032345647833254706
2025-02-16 23:00:00,14.621097622669447,2.3557374944617124,7.7231819845306715,7.4263819906758375,0.01464047879156518
2025-02-17 00:00:00,14.606345144025044,2.4968450634116897,6.995078276000229,7.258190225328037,0.022916151647077103
2025-02-17 01:00:00,14.182003204566906,2.434658244621869,7.207293376429151,7.3761918483382765,0.02850810352271363
2025-02-17 02:00:00,14.358988290472082,2.2610737213414533,7.335065390456936,7.233296552912995,0.04111746646370974
2025-02-17 03:00:00,14.752442978568288,2.5801635597780814,7.2767808881602605,7.512397273748026,0.015377488016115548
2025-02-17 04:00:00,14.163742377125146,2.4137128042733336,7.439024939807149,7.577626652678917,0.022776281861090045
2025-02-17 05:00:00,14.909388587787745,2.6586056911051124,7.17197834311706,7.189842896014483,0.030128581461183215
2025-02-17 06:00:00,14.08500231062493,2.2960648633874428,7.4930822875634036,7.313906281915707,0.015791806087795995
2025-02-17 07:00:00,13.884529622362964,2.5490774309780204,7.62014385894389,7.232209279327742,0.014306001017979297
2025-02-17 08:00:00,14.292566547766762,2.3468063206140295,7.159174328686969,7.164475974458526,0.011060794427179237
2025-02-17 09:00:00,14.546909486240729,2.3548852777917526,7.448785245911454,7.434675266757519,0.031527817664886576
2025-02-17 10:00:00,14.043426575878629,2.5010575286464882,7.598131778395076,7.36166927356322,0.02139118615140703
2025-02-17 11:00:00,13.72356757800051,2.2467681096914376,7.269805263833164,7.428636549183394,0.03687782122303071
2025-02-17 12:00:00,13.413047455123083,2.527463241029243,7.6476204819518925,7.593310806139517,0.020981999504237056
2025-02-17 13:00:00,14.224004632937206,2.5852205166728677,7.157893311674422,7.320013907951112,0.014960630684802882
2025-02-17 14:00:00,14.100363656195439,2.5376983683136776,7.8531355761403905,7.454603408097762,0.010599592663956577
2025-02-17 15:00:00,14.579326039484332,2.5342390248930893,7.236958519477794,7.735089755020917,0.01982738011315783
2025-02-17 16:00:00,13.769882229601482,2.5150397609393518,7.244611528572517,7.481501642568796,0.024301543701728018
2025-02-17 17:00:00,14.294904798921461,2.5395992348635383,7.226913182739855,7.53574416986726,0.027709861040930747
2025-02-17 18:00:00,14.500847477120791,2.710327633981971,7.510633540960567,7.65262422485376,0.01762643240510632
2025-02-17 19:00:00,15.504539564266908,2.594042514524131,6.929935757714444,7.432581472574781,0.030060271832034018
2025-02-17 20:00:00,13.685936168885835,2.5747584352865998,7.48120774780991,7.3848810004045635,0.023708671194163086
2025-02-17 21:00:00,14.579475235628342,2.4823806436014615,7.63411075227595,7.581725494058545,0.030818213843413007
2025-02-17 22:00:00,13.666670018518992,2.7378846138303086,7.932326420151658,7.330947235663051,0.027626870503423738
2025-02-17 23:00:00,13.970624806530585,2.2139247307503966,7.475157393670516,7.269068169191034,0.013412469257383514
2025-02-18 00:00:00,14.150842043523829,2.868381498248821,7.788448506371434,7.243182109960087,0.0392048864135535
2025-02-18 01:00:00,14.809869312557655,2.10468989226706,7.6543585782508,7.390268373581372,0.034711762111322306
2025-02-18 02:00:00,13.884916191520926,2.415923986886272,7.660203455215881,7.547368559218815,0.030060858760093827
2025-02-18 03:00:00,,2.7080238438133497,7.265344682899596,7.495150210991035,0.02560617289350764
2025-02-18 04:00:00,14.253287243301846,2.536234904971428,7.522195399881304,7.349619231035757,0.024534928151499318
2025-02-18 05:00:00,13.224027219155724,2.1809827775268036,7.6035285012830665,7.453882340300442,0.03396258246036116
2025-02-18 06:00:00,14.431444925821458,2.6784373111556428,7.426845790507957,7.3076676156972376,0.028852485256746784
2025-02-18 07:00:00,13.816463475992602,2.475073006002822,7.819750581807991,7.379589579726688,0.027340265374700037
2025-02-18 08:00:00,13.82820162283462,2.6671305805949124,7.660358799216524,7.290957017011547,0.03686253963839878
2025-02-18 09:00:00,12.818757830930496,2.7783053752466467,8.626441670275618,7.3652704845833945,0.02127435331708246
2025-02-18 10:00:00,13.499776807743547,2.885810107723893,7.7238379652425415,7.397171147447186,0.034011348932189114
2025-02-18 11:00:00,14.602100642196396,2.130618223390155,7.3896321698362835,7.4001836419206155,0.03360894100329215
2025-02-18 12:00:00,14.310571753467814,2.54775376504091,7.402894995293299,7.526488918414682,0.03459378324171552
2025-02-18 13:00:00,14.181962607694846,2.3535865099294933,7.190576537423471,7.169575708626619,0.01984944841770329
2025-02-18 14:00:00,15.138304280151958,2.752944608890072,6.614232757394797,7.202034863275466,0.025347255631681456
2025-02-18 15:00:00,14.332942560478902,2.6250209615953253,7.282524357725302,7.279872452172663,0.02673557225814408
2025-02-18 16:00:00,13.772040259471172,2.861763596271281,7.463450534209991,7.546951558083646,0.032893803993933185
2025-02-18 17:00:00,14.478849313076893,2.552601489216682,7.217974590442137,7.379598573709954,0.03086331261065731
2025-02-18 18:00:00,13.791031684966798,2.6909771613002254,7.581897028106977,7.336345964873036,0.03773930570420126
2025-02-18 19:00:00,12.950870265321267,2.411554643384885,7.943288347576681,7.31222197393361,0.020171346466075254
2025-02-18 20:00:00,14.761113151843459,2.2595887001178094,7.43558939758413,7.705258223054118,0.02026999159260279
2025-02-18 21:00:00,13.572447491800173,2.616662748654471,7.638341135309871,7.385246008411221,0.03471735352367933
2025-02-18 22:00:00,14.457926339916535,2.4060636829476025,7.576583222426754,7.607174807831061,0.033953070658665783
2025-02-18 23:00:00,13.539301392805978,2.3944503917597206,7.213438159539548,7.307701671499411,0.030493377478884275
2025-02-19 00:00:00,13.8310852383254,2.1380222160502464,7.592823349960193,7.38840089943109,0.032018659812019575
2025-02-19 01:00:00,14.087729207905618,2.696750848256749,7.958992842584283,7.307155376463783,0.05123117841298724
2025-02-19 02:00:00,13.90748503200424,2.6840234636087885,7.711588606257409,7.5891071915860575,0.04661302373686419
2025-02-19 03:00:00,13.50119055163385,2.799642170430958,7.642251776818589,7.32103503632179,0.030857667499792782
2025-02-19 04:00:00,14.180787914289287,2.502798577409001,7.574168497320054,7.436755450256,0.028051557189403456
2025-02-19 05:00:00,13.769059822940118,2.3326709381089734,7.755487930072499,7.509628723607481,0.03629001618887223
2025-02-19 06:00:00,14.945796075641343,2.4022646493484987,7.464920192075992,7.4149985653689505,0.04340861766420185
2025-02-19 07:00:00,13.747970359805256,2.5843160720255542,8.079767185898213,7.453688335746017,0.041683413487197694
2025-02-19 08:00:00,13.10161812907721,2.550128863936,7.996111466419967,7.427620801782386,0.036404116489680574
2025-02-19 09:00:00,14.46577708663946,2.3614955370820443,7.162607413575065,7.5104437515046545,0.03780844687664251
2025-02-19 10:00:00,13.041494230406109,2.399256802716539,7.309331476066241,7.626634605689349,0.039106969682514925
2025-02-19 11:00:00,13.083899024286378,2.226385491106835,7.876009256042392,7.263832401553558,0.021931682256491298
2025-02-19 12:00:00,12.973672960658824,2.2037537110346297,7.702783302138522,7.27273405235009,0.03539346723398765
2025-02-19 13:00:00,13.345945316811099,2.367185533675876,7.89713200133766,7.263707050543502,0.0551165282772927
2025-02-19 14:00:00,13.996975140429212,2.6592832771527735,7.435102057199495,7.2111947909988015,0.03814469198753345
2025-02-19 15:00:00,13.926272808739167,2.1654982591985448,7.226650500850665,7.4079769847645895,0.032758520024986755
2025-02-19 16:00:00,12.94143805313977,2.695292163379821,7.394494226837619,7.447135459896688,0.04067674356545932
2025-02-19 17:00:00,14.045849352692118,2.664591065158039,8.016897788805885,7.408273548449339,0.03825147302901071
2025-02-19 18:00:00,13.8595157038237,2.3733101717158855,7.512639023062461,7.308498434893616,0.04116667960947888
2025-02-19 19:00:00,13.101028185566364,2.6559248388627434,7.536636621251434,7.336435813849323,0.04248131914284312
2025-02-19 20:00:00,13.216752480460148,2.6692769656014597,7.597345032504759,7.603829847108086,0.0645857220139425
2025-02-19 21:00:00,13.676509415216914,2.20369833625283,7.721096566805811,7.491941066785532,0.04157780013263815
2025-02-19 22:00:00,13.113365747883288,2.433210436318248,8.164667431597419,7.49402646628066,0.049966020385077
2025-02-19 23:00:00,12.957772816562501,2.7327287012291515,8.120378884699926,7.685147070429862,0.04087320764144459
2025-02-20 00:00:00,13.105124373916425,2.4979460057450744,7.730541693539826,7.560794791002227,0.04805564589259049
2025-02-20 01:00:00,13.655890837647966,2.486333537419501,7.5460248845490066,7.322553289036,0.04899752494029151
2025-02-20 02:00:00,14.44356717632614,2.7463349171103064,7.481092745553538,7.424320370766427,0.05047347431132511
2025-02-20 03:00:00,13.357001771000139,2.575942702341108,7.637094020465192,7.455975077094278,0.04998916131383808
2025-02-20 04:00:00,14.004547227915868,2.346883020625648,7.4830113530403874,7.389132987310898,0.03935221312804397
2025-02-20 05:00:00,13.383712329089036,2.973382035989603,7.594518342207353,7.354649231283893,0.05959031315509056
2025-02-20 06:00:00,13.108710718417218,2.2674352238226185,7.459229210409484,7.344300925717711,0.04472267498499627
2025-02-20 07:00:00,13.07136188918251,2.5736985562528174,7.754615493660933,7.555708656850223,0.044713286951548824
2025-02-20 08:00:00,13.162465848263189,2.5868601977942824,7.800716959887171,7.344186970935199,0.05168681828944237
2025-02-20 09:00:00,13.942714382138007,2.5982362878253507,7.331020527520274,7.397106955264447,0.03982508997709661
2025-02-20 10:00:00,12.796437233386113,2.599789584290971,7.571832945852093,7.382116555991139,0.05138851945290093
2025-02-20 11:00:00,13.350384711395396,2.446156882166022,7.6271022164168905,7.624725846981508,0.044422660103147486
2025-02-20 12:00:00,12.9127362160067,2.105572888409987,7.7280913749612425,7.317850883563984,0.04191746874785357
2025-02-20 13:00:00,13.776999064603393,2.498745002456635,7.21619993707806,7.343148504568627,0.041100481030367474
2025-02-20 14:00:00,12.869868138753516,2.7987009941627385,7.766152133836984,7.390116355966982,0.0597820226514201
2025-02-20 15:00:00,13.368889873643166,2.4147533147182414,7.703568307564048,7.241091702733494,0.05175741155086759
2025-02-20 16:00:00,12.841200936283858,2.4239346602695564,7.9548825325253105,7.510662354410302,0.05473379667787337
2025-02-20 17:00:00,12.988376930775711,2.7810590150715413,7.591161446675949,7.540196903953098,0.05874395892147104
2025-02-20 18:00:00,13.293678804991025,2.476203968979321,7.60190567434147,7.207268170793043,0.039056803314551386
2025-02-20 19:00:00,12.31738361802193,2.5860333839334886,8.446839654822977,7.333101055384947,0.03738654007129022
2025-02-20 20:00:00,13.312920519240137,2.5011305391513328,7.6589801229242775,7.529844537773767,0.04611445285926229
2025-02-20 21:00:00,12.513651233259298,2.264177620739744,8.127473925890138,7.324772524810765,0.05997276578796802
2025-02-20 22:00:00,13.324416693757739,2.7756327102505005,7.875303552086232,7.506443195256524,0.04538784933690395
2025-02-20 23:00:00,13.728197487029957,2.343221588857905,7.427953892307831,7.3861922817622405,0.053618708497374205
2025-02-21 00:00:00,12.959465398608227,2.407011028644133,7.844760176034894,7.3465879461342105,0.034192475377057434
2025-02-21 01:00:00,14.028592538336886,2.2310418842368285,7.370835514104883,7.580269148423314,0.04550227843546195
2025-02-21 02:00:00,13.179858989002826,2.434458999070198,7.850371453781074,7.511128034642887,0.04898864416983769
2025-02-21 03:00:00,12.982876925389174,2.454233549257239,7.727465430233848,7.3086190732497895,0.04575033810579012
2025-02-21 04:00:00,13.09343042178184,2.4841233393814126,7.743602626611018,7.3642937594798425,0.057005488304320624
2025-02-21 05:00:00,12.255684375511107,2.2419445351731286,8.144734028352092,7.249996101341562,0.04654839327851394
2025-02-21 06:00:00,12.575346240232564,2.5576915474429653,7.840090574296125,7.174859070301517,0.029671588136777626
2025-02-21 07:00:00,14.097382883137438,2.557274909188061,7.4292732623507165,7.428624544535765,0.05945759513867837
2025-02-21 08:00:00,12.864349926873892,1.888151143584929,7.909944884334661,7.411872591965706,0.0499891647647524
2025-02-21 09:00:00,11.914412110884108,2.2747259923755507,8.496385118879527,7.545957665206391,0.04360584538414131
2025-02-21 10:00:00,13.337852403658447,2.434925706239549,7.700982063039549,7.2788554990165295,0.04217098641590397
2025-02-21 11:00:00,13.233032902033209,2.4223153251360654,7.437612881695594,7.46924113035297,0.04447978197571885
2025-02-21 12:00:00,13.776922044931469,2.3404343873538105,8.218335544286878,7.308019246860371,0.04094795610182862
2025-02-21 13:00:00,13.344388194825541,2.7753745578135414,7.828764535133584,7.4687941019252815,0.04322578013093042
2025-02-21 14:00:00,12.686983188839989,2.412225737816673,7.19147042883802,7.333149494574089,0.040418876667176536
2025-02-21 15:00:00,13.16030071920632,2.5755508503834803,7.548976762769464,7.150876198172157,0.06172129177432804
2025-02-21 16:00:00,13.390776909860254,2.5466019168869654,7.631965240963589,,0.040763363900945454
2025-02-21 17:00:00,12.601791458402758,2.4913775127643167,8.022001415582517,7.374108347604459,0.04156994997588177
2025-02-21 18:00:00,13.379963869954274,2.3552503912681844,7.499123131482593,7.137690678111599,0.0345822578247162
2025-02-21 19:00:00,13.028979879318161,2.437060613762964,8.056078281732216,7.443179455070558,0.045995947929550335
2025-02-21 20:00:00,13.130810029155526,2.3418563440493863,8.060161683967289,7.179954317727883,0.05176574566090365
2025-02-21 21:00:00,13.596402611088058,2.3906725417300345,7.851921260411667,7.180105511497733,0.0466759716788559
2025-02-21 22:00:00,12.476187291721912,2.419091587000179,7.8959283246752126,7.1660222651420105,0.042291108341186004
2025-02-21 23:00:00,12.467380759588986,2.653083936672912,7.985052065220574,7.551977442222254,0.04022793885626142
2025-02-22 00:00:00,13.028006368623522,2.625101897641833,7.606142699311097,7.625075370658131,0.03537838222666632
2025-02-22 01:00:00,12.392460469803817,2.4608519568938907,7.873139429839066,7.522607555774695,0.04020148504313754
2025-02-22 02:00:00,13.32983827395856,2.5041083330825944,7.919102458295246,7.392411878298424,0.03502893741062739
2025-02-22 03:00:00,13.015342027558223,2.4305477763714607,7.216482506084275,7.455552138629177,0.02591031492436867
2025-02-22 04:00:00,13.030353840039616,2.6235847853951033,7.772301715490254,7.375459053687319,0.04943984349442908
2025-02-22 05:00:00,12.624305639244652,2.4959969803904283,7.763442349805774,7.425335426704709,0.028135362335177
2025-02-22 06:00:00,13.067592957715483,2.300554749850828,7.5707149627185295,7.445657607163476,0.044818109241307774
2025-02-22 07:00:00,12.634814779172174,2.6000028468135823,7.744829155717731,7.389376023809141,0.03664325339541362
2025-02-22 08:00:00,13.127092961351984,2.5361895185832184,7.700818859431793,7.475618413926525,0.034106857375401436
2025-02-22 09:00:00,13.454353522558664,2.392213632496117,7.655448190848089,7.6382905812271655,0.029592472198273906
2025-02-22 10:00:00,13.805978294982275,2.459330484190317,7.535740206066152,7.416914944184894,0.030914365025923388
2025-02-22 11:00:00,13.570566124773753,2.3770462963714705,7.43436726001495,7.3194751763185675,0.03292436438810659
2025-02-22 12:00:00,13.131355326356074,2.431126714788093,7.50841146391484,7.392727845803148,0.039946681920147706
2025-02-22 13:00:00,12.474428968031352,2.567641282458653,8.12102768745309,7.163168140876149,0.033996858490948245
2025-02-22 14:00:00,12.085518043843546,2.338902094950655,7.84878183347758,7.434523821025169,0.040225800769035085
2025-02-22 15:00:00,12.751185627405976,2.8757171348135833,7.313620275558027,7.23882794606058,0.026683352841489143
2025-02-22 16:00:00,13.452934065184104,2.5999636215319595,7.584067690215763,7.378701817949027,0.028710929705894662
2025-02-22 17:00:00,12.31889713209332,2.4278184200670685,7.886373737989662,7.324822277889817,0.02468930336602434
2025-02-22 18:00:00,13.575989492052834,2.326171660102951,7.232854625841741,7.4204841238463075,0.022750557143794474
2025-02-22 19:00:00,13.17326708245329,2.617801503441006,7.3366925546004715,7.230719913206633,0.03417652747133791
2025-02-22 20:00:00,12.676062034445359,2.4333425719653605,7.953833144869243,7.5305135103239325,0.022494810234058783
2025-02-22 21:00:00,13.30449237435172,2.6933938995661646,7.5276748864910505,7.251796677104526,0.03918988095719658
2025-02-22 22:00:00,12.976157897767015,2.8731440754143476,7.83479457164689,7.596864009478916,0.04323571908699653
2025-02-22 23:00:00,13.173075224790434,2.4954403184922103,7.921131741804343,7.525436276479108,0.031073372298118202
2025-02-23 00:00:00,12.476207144076955,2.1948402044915083,7.612986232548384,7.4142607841517805,0.027957901575308964
2025-02-23 01:00:00,12.652891671863328,2.098368565465429,7.600683207609795,7.384714940809784,0.03390732729401059
2025-02-23 02:00:00,13.582660455522936,2.3985980476228175,7.537039670559534,7.470848630635598,0.03611389210874244
2025-02-23 03:00:00,12.631393021437773,2.687963623431657,7.426735936788935,7.241687198916704,0.013975629767186285
2025-02-23 04:00:00,13.522966340266422,2.8166170094479823,7.380170426127655,7.283554697154231,0.03416221495129735
2025-02-23 05:00:00,12.226565501394273,2.618390880516726,8.178981164398227,7.321098965305086,0.02620333489602641
2025-02-23 06:00:00,12.44311622873773,2.548185868499342,7.663777251234453,7.356508736874773,
2025-02-23 07:00:00,13.588909772587172,2.565275779843479,7.898761630861695,7.558328429777301,0.0276548821112049
2025-02-23 08:00:00,11.857019101355466,2.5150867369321483,7.902962826844061,7.694841219281665,0.021109809171233274
2025-02-23 09:00:00,13.142583632040274,2.5570064238664307,7.365694786033242,7.539315579043102,0.026438735932969852
2025-02-23 10:00:00,12.049533471538897,2.6487074746243633,7.980174071246693,7.340428296305193,0.03647547467504687
2025-02-23 11:00:00,12.724548618458392,2.787503527293075,7.570281252777745,7.339807827845782,0.028164356485825767
2025-02-23 12:00:00,12.75402295110013,2.4621168324530727,7.619448255053721,7.518449713745103,0.015050798695685682
2025-02-23 13:00:00,13.86056312683738,2.348278066182541,8.19188600464675,7.211121372243052,0.028092464657188596
2025-02-23 14:00:00,12.240146101024518,2.692947161562739,8.159242392460731,7.407233397008696,0.03767561073627318
2025-02-23 15:00:00,12.948005019019435,2.2412567239370063,8.025555977072825,7.406246352623915,0.03944819688304508
2025-02-23 16:00:00,13.158856991747708,2.6936484444929896,7.519138896467968,7.218116386266259,0.017029132227221227
2025-02-23 17:00:00,13.584786054658158,2.7791948594837357,7.630304863058487,7.35782475502828,0.021274506874982696
2025-02-23 18:00:00,13.114086228044313,2.5304778713738596,7.868747230637024,7.54440172504502,0.03303545530674784
2025-02-23 19:00:00,12.278241205354654,2.5507661421841425,7.850614624086892,7.355843668404929,0.002313953332706214
2025-02-23 20:00:00,12.052166073692005,2.69968968165863,8.142542112358537,7.548356395982331,0.023343837018061524
2025-02-23 21:00:00,12.54199343220001,2.555466420769721,7.869722867555154,7.392826547693742,0.02234369194856945
2025-02-23 22:00:00,12.94250658267043,2.4418394612123815,8.015217900986539,7.23981759077036,0.026777330119453668
2025-02-23 23:00:00,12.693015257102585,2.8756246745074,7.634206301657087,7.313811358265397,0.017752740553722602
2025-02-24 00:00:00,13.149698579216107,2.3912834182181415,7.864873368624451,7.378601460856886,0.02740684101492139
2025-02-24 01:00:00,12.580978314626241,2.350139049503938,7.920939304202087,7.376718902925841,0.03291451117817411
2025-02-24 02:00:00,13.295935215247598,2.613006013030604,7.5665405971472355,7.210805022409301,0.027051354908244195
2025-02-24 03:00:00,13.094323113377275,2.684445681871127,7.745937223190969,7.336049572940875,0.029966351261932755
2025-02-24 04:00:00,12.527679590802443,2.2568047050008904,8.347650085203579,7.331917589558655,0.018610746586962875
2025-02-24 05:00:00,13.750114370680633,2.5889829914488605,7.491498742417653,7.321497009855142,0.025932721633596757
2025-02-24 06:00:00,13.94022784644261,2.6454407911591127,7.804683440906071,7.3546929617456325,0.011282109791563428
2025-02-24 07:00:00,13.305908189858062,2.548390680728348,7.548565637128267,7.470428776852285,0.020585986365864995
2025-02-24 08:00:00,13.322365386707142,2.68129317016679,8.0338029519367,7.458134919121416,0.021323817425771753
2025-02-24 09:00:00,13.04476011907732,2.5718149524727147,7.435111672522187,7.5816500345974385,0.016718797970167457
2025-02-24 10:00:00,13.038816283367058,2.5953025418848257,7.63151315561954,7.406604047565002,0.000923568926900778
2025-02-24 11:00:00,13.834085760904712,2.4900482864190425,7.703713360678939,7.41257507490377,0.023589909152518882
2025-02-24 12:00:00,13.112090941120256,2.560229426189647,7.822522168794716,7.472598158997531,0.0259798289145815
2025-02-24 13:00:00,13.693689297270705,2.5547714614044783,7.822101156531217,7.383425210080024,0.03264665555651891
2025-02-24 14:00:00,13.11487751217664,2.6926833920148763,7.8021992772555695,7.422612883656592,
2025-02-24 15:00:00,13.69042158374541,2.778142575609424,7.924929901713438,7.597228417197346,0.02944509561692866
2025-02-24 16:00:00,13.894925272730543,2.217839049244223,7.72512986842787,7.481844754301342,0.023885155918476782
2025-02-24 17:00:00,14.209060389818957,2.4354331739043005,7.849148787346589,7.407044748965487,0.02366123042462362
2025-02-24 18:00:00,13.257541037838948,2.342989690310267,7.72325158339315,7.6119494988575145,0.020528830271906218
2025-02-24 19:00:00,13.589655756575606,2.399889890438818,7.7270510517013875,7.29925160832409,0.015470533795436732
2025-02-24 20:00:00,12.72218522180605,2.6948028082627817,7.924682195092816,7.346581675837902,0.034830913346531496
2025-02-24 21:00:00,13.15545614172682,2.3597445173946086,8.001671314382122,7.587842814088271,0.040039123226405016
2025-02-24 22:00:00,11.835187381691986,2.205265941671512,7.660991773044064,7.581684703496889,0.02449491316002059
2025-02-24 23:00:00,13.764884652090469,2.240527798043921,7.124178013949246,7.2081900368287455,0.031238023732705768
2025-02-25 00:00:00,13.13573177220425,2.6922280645505268,8.21573635832712,7.522388850778777,0.023874019714139424
2025-02-25 01:00:00,13.823568102787169,2.61227951188282,8.07108467938493,7.2113676843287315,0.042260914526990545
2025-02-25 02:00:00,14.295438178652235,2.783244316722234,7.3700813332528465,7.312537138994385,0.03159769447710561
2025-02-25 03:00:00,13.835529231066634,2.152642193486054,7.649926688234281,7.475209758093727,0.02349004898285653
2025-02-25 04:00:00,13.426411090618185,2.239826220563756,7.646977115680525,7.562115785440274,0.030242778419107965
2025-02-25 05:00:00,14.470928961439242,2.6816952263981846,7.598778639205631,7.266715024872701,0.02374675521365749
2025-02-25 06:00:00,12.784469950999297,2.5300775166802945,7.720156283932808,7.522078408907711,0.03957850337038331
2025-02-25 07:00:00,13.364570135105287,2.3583441327337047,7.625475147421,7.499706609246368,0.021910648232898407
2025-02-25 08:00:00,14.296407081708399,2.2019924764884453,7.523446997039426,7.452761740404567,0.039756165307209684
2025-02-25 09:00:00,13.739934849557754,,7.67420085843802,7.360950103146734,0.028797687574140522
2025-02-25 10:00:00,13.28304966496108,2.4565868671768114,7.109367671377658,7.332196508362167,0.027312376790666126
2025-02-25 11:00:00,14.187186924234876,2.6608909658541693,7.659638970341763,7.285554246401321,0.026206385006973996
2025-02-25 12:00:00,14.041702193544786,2.169836519556941,7.614532825755977,7.506218611568838,0.030276269005313772
2025-02-25 13:00:00,13.22314367362615,2.065950049554556,7.681703863810817,7.456271367485126,0.0223657700816253
2025-02-25 14:00:00,13.141102430830879,2.984374689209986,8.006707158569148,7.423949142389239,0.024297220916952533
2025-02-25 15:00:00,13.010041397932696,2.8098482251455708,7.7618377340821745,7.20616065561063,0.037311906798352
2025-02-25 16:00:00,13.196419823325419,,7.551414285404024,7.335532543200412,0.022374200957449263
2025-02-25 17:00:00,14.41554135143363,2.6084866590840265,7.326749732013249,7.26560948137562,0.03241495414822515
2025-02-25 18:00:00,13.259848392732884,2.708068979606108,7.644040029237427,7.510194604941748,0.03336768492936248
2025-02-25 19:00:00,14.045008426546342,2.5343101432799444,7.075768108200833,7.495145515219174,0.02998054089631263
2025-02-25 20:00:00,14.596637804472715,2.74242038326937,7.331908042212466,7.479075000255397,0.02249253391114723
2025-02-25 21:00:00,13.993493870833412,2.498284647737461,7.171593311045866,7.24134362420312,0.020051117178240353
2025-02-25 22:00:00,14.626046478923158,2.455535339395827,7.043890085046824,7.30983291938702,0.03869989401771906
2025-02-25 23:00:00,12.850946147114259,2.3022168532580407,7.8840644068680845,7.419654230264469,0.025506593407072467
2025-02-26 00:00:00,12.906420097428372,2.570045758032486,7.571802425836643,7.410297547350571,0.018523902786422828
2025-02-26 01:00:00,14.526514032254884,2.5670585493342246,,7.389059722335175,0.051417891098544284
2025-02-26 02:00:00,14.087008886846117,2.3565056784135585,7.923401906759472,7.487356664859349,0.04595063027850373
2025-02-26 03:00:00,13.484859470890491,2.5095680626915624,7.28570514720871,7.287821247112294,0.03725375464903512
2025-02-26 04:00:00,13.648167613727377,2.5669951633763173,7.363930066462552,7.260978792041379,0.046963705168494865
2025-02-26 05:00:00,13.41933168747644,2.3192304978052283,7.68745357353834,7.489978047494056,0.05149833956005184
2025-02-26 06:00:00,14.251833658549481,2.439186728938147,7.332128804562014,7.515063473668879,0.02969751527139408
2025-02-26 07:00:00,13.903330908952166,2.706368156042324,7.833697991780274,7.3755593789498475,0.030542210418176657
2025-02-26 08:00:00,14.307952280690273,2.340772373846605,7.320899379665947,7.332116748498687,0.04396854490999376
2025-02-26 09:00:00,13.31641670736164,2.623588500107209,7.845895728318058,7.60227284536568,0.03403216224398785
2025-02-26 10:00:00,13.678056918401056,2.805957508375429,7.607164770778861,7.3433834380392415,0.04002411321983642
2025-02-26 11:00:00,15.016912093493389,2.4059954031290274,7.492110186342921,7.344541652349551,0.029444212353777657
2025-02-26 12:00:00,13.959364086754121,2.249256719436657,7.517375095736044,7.488042986972249,0.04009147226720675
2025-02-26 13:00:00,14.686398047918239,2.6490401475027485,7.175840211124203,7.390989194518922,0.03660234340134368
2025-02-26 14:00:00,13.663016581488831,2.3066398158838695,7.341970054074664,7.503176926749452,0.03614743312115647
2025-02-26 15:00:00,14.065126588532745,2.720648484759203,7.18809927482687,7.332253024811766,0.0377494041622114
2025-02-26 16:00:00,14.105932639243635,2.6204893109397753,7.887415202542764,7.5327112623600785,0.04326491741290622
2025-02-26 17:00:00,13.96102260439088,2.37702034599119,7.173439334731074,7.341567786497396,0.05183407490785087
2025-02-26 18:00:00,15.384110570984015,2.4638967012119717,6.5543978066608535,7.293519250024361,0.021699290419099456
2025-02-26 19:00:00,13.892553274737471,2.634967358093043,7.867729223401822,7.263045478547661,0.0437862239299844
2025-02-26 20:00:00,14.616657959366513,2.3081536911112392,7.390270898204227,7.197437240304779,0.04777048468859466
2025-02-26 21:00:00,14.47751178262272,2.3222323742194746,7.664682499753353,7.297247254479046,0.052325301980548466
2025-02-26 22:00:00,14.541196639025603,2.4760251998106972,7.341118955502378,7.332457319277897,0.04010748936527345
2025-02-26 23:00:00,13.868059572678776,2.4948911780366516,7.110334096303388,7.459744300055215,0.040958498203932804
2025-02-27 00:00:00,14.313614459918002,2.4382983375641363,7.660893433739932,7.421839572044757,0.04936049912658921
2025-02-27 01:00:00,,2.50595183008831,7.720499929354411,7.486545883166925,0.03986001993674266
2025-02-27 02:00:00,14.779630047272606,2.4203119680642153,7.405192520725913,7.378564301848653,0.040908326962235224
2025-02-27 03:00:00,13.789888824892158,2.1889012956600395,7.439168483193182,7.670261798539567,0.04182193959523002
2025-02-27 04:00:00,14.266776022649378,2.4138323390790513,7.02441573750993,7.133639649127375,0.03605143363592171
2025-02-27 05:00:00,15.141928321532086,2.5502682924946525,7.037553021287567,7.487263464685496,0.041564970608456306
2025-02-27 06:00:00,14.192534783055715,2.2648687983370466,7.132995839096208,7.297506244550877,0.06809235273522576
2025-02-27 07:00:00,14.56832521323197,2.728074335232238,7.22631252002696,7.5857376220010435,0.02600692545172262
2025-02-27 08:00:00,14.376438650374022,2.4961295164887054,7.909297652440553,7.203669505082987,0.056824582776275084
2025-02-27 09:00:00,14.144782883769889,2.4963599381777084,7.157944794218997,7.638268164377058,0.059319809634085716
2025-02-27 10:00:00,14.931205428876451,2.767736527400922,7.537716732431489,7.444459762864891,0.060710392148238757
2025-02-27 11:00:00,14.756071631997978,2.4971130175363623,6.902732844053648,7.333783469923032,0.043955516179350555
2025-02-27 12:00:00,14.013099119782938,2.6663033658419515,7.19543510935538,7.530516940713064,0.04359481757413469
2025-02-27 13:00:00,14.888050014135157,2.4429391947689005,7.270789226703943,7.476874898239997,0.03982239142939587
2025-02-27 14:00:00,14.76954568155411,2.489710549606081,7.7337305634759925,7.38528111567164,0.05014183183988809
2025-02-27 15:00:00,14.661911622559115,2.5173737472699753,7.355550581836146,7.510925669974964,0.03854524992688848
2025-02-27 16:00:00,14.658826504213796,2.5110281110773256,7.041208569376728,7.296847154795411,0.049341738323979256
2025-02-27 17:00:00,14.931920615583994,2.935835689935892,7.226912597725313,7.498852405200054,0.058390012961612156
2025-02-27 18:00:00,14.243258255886294,2.287712572491855,7.931844729892372,7.244442407762266,0.04415467204066739
2025-02-27 19:00:00,14.667263181719271,2.2831824415045325,7.477666424876221,7.402580128869794,0.044392797536745715
2025-02-27 20:00:00,14.830231857297946,2.1961206166011586,7.572363197741294,7.483695058304504,0.04097968582636717
2025-02-27 21:00:00,14.383410723951362,2.6366252361955844,7.635468310091619,7.26663017352807,0.04119016131890313
2025-02-27 22:00:00,14.745314491894625,2.6347070581581167,6.757433415151126,7.49210554233608,0.04305196287916272
2025-02-27 23:00:00,14.445278193940613,2.662037384174893,7.166924677720199,7.548732888217926,0.04769374598225566
2025-02-28 00:00:00,14.474610775948744,2.541238291260025,7.091090811655597,7.295605994436115,0.03610051783659872
2025-02-28 01:00:00,15.609468542396275,2.66627065868816,7.082490041919342,7.454880798670259,0.04105332461655423
2025-02-28 02:00:00,14.827477975890016,2.331962503566178,7.387740966048562,7.383850879137636,0.037236979352594
2025-02-28 03:00:00,14.811816780802912,3.0228146285196233,6.983748394743052,7.339628347997258,0.04201437641776549
2025-02-28 04:00:00,14.370397862777082,2.8744587529113748,7.446418205537553,7.3695743679885926,0.04254310305462193
2025-02-28 05:00:00,14.316131775916377,2.479583509406263,7.082193778267174,7.425115611382464,0.05084595010585323
2025-02-28 06:00:00,14.7421485929802,2.5380128945277822,7.353841269240466,7.190219568763574,0.048439276737213974
2025-02-28 07:00:00,14.666849229315757,2.306603489920395,7.078235874081271,7.442591082281989,0.04651677783181674
2025-02-28 08:00:00,15.458645382743807,2.8467309352534267,6.824634776766603,7.460576609732866,0.030064571136207016
2025-02-28 09:00:00,15.014330575540871,2.465501592872767,7.376007477401663,7.271680876142687,0.0579604241795741
2025-02-28 10:00:00,14.883439080151172,2.365048892137042,7.084839530359744,7.125726529167977,0.0437406089676483
2025-02-28 11:00:00,15.125824829838391,2.7718227908189714,7.158097952288638,7.48256339732704,0.05750904573463558
2025-02-28 12:00:00,14.678962361287251,2.388452580648273,7.191395387449883,7.2119300074632795,0.042580341218101475
2025-02-28 13:00:00,15.200350763494113,2.5955857235325936,7.345956761544074,7.391996172500785,0.05503668117742859
2025-02-28 14:00:00,14.296317727788116,2.448628085551054,7.584879338505796,7.271723499700168,0.04787287322785501
2025-02-28 15:00:00,15.190631077550242,2.79875419453485,6.772001633702665,7.482663709381548,0.050449644293760906
2025-02-28 16:00:00,15.142706803328839,2.4497240947127996,7.002264717379562,7.3170109125769445,0.03625132128398398
2025-02-28 17:00:00,15.440383210516956,2.5611319183553163,7.258903757391011,7.293308960130128,0.03070272896732284
2025-02-28 18:00:00,15.322600355096018,2.331775595684397,7.155225983155535,7.43617063779453,0.04566178505528016
2025-02-28 19:00:00,15.807532615022774,2.7131980133389595,7.003584028085198,7.460977150039755,0.03660758766036862
2025-02-28 20:00:00,16.261451153079307,2.671379828658746,7.250050796990224,7.327804347732119,0.037612615413783426
2025-02-28 21:00:00,15.224346135202952,2.493670030481025,7.345496205533673,7.438125482950625,0.04160317522470168
2025-02-28 22:00:00,15.527407146745896,2.793689455509048,6.988497664800389,7.392015458197859,0.042087069941274625
2025-02-28 23:00:00,15.710591322916628,2.3580255197042654,6.949829044466169,7.483291641796363,0.03746427104920262
2025-03-01 00:00:00,15.929164201231822,2.4173860169171486,7.19037272499189,7.253269824096337,0.05027746260031322
2025-03-01 01:00:00,15.566856876457098,2.125561324393656,6.9705831466864,7.4445466503001425,0.040668603524616535
2025-03-01 02:00:00,14.717527701976678,2.260978114395992,7.218169498324229,7.457377873379229,0.03857500449426453
2025-03-01 03:00:00,16.418377051196764,2.62778148193118,7.200734768856558,7.3339454354346225,
2025-03-01 04:00:00,15.14641344364705,2.4361325817185815,7.157225686616518,7.579375152877318,0.03603567404714949
2025-03-01 05:00:00,16.051664337241167,2.785641102782742,6.751582910614401,7.582475508012301,0.043511922368412795
2025-03-01 06:00:00,,2.580062114369062,6.609361674869439,7.161355111499518,0.05073259634700966
2025-03-01 07:00:00,15.589939460486278,2.3704854140970517,6.962745841867401,7.401704928369214,0.03190377651750923
2025-03-01 08:00:00,16.16235045078734,2.104190584124926,7.032567951851621,7.428740547419858,0.03778172370910107
2025-03-01 09:00:00,16.077445045142376,2.3542502276848456,6.476839154620889,7.511583790440219,0.04854456197204596
2025-03-01 10:00:00,15.423729947306404,2.3962650799374465,7.040506458678488,7.40186249499207,0.04403654968959366
2025-03-01 11:00:00,14.910744032567646,2.6878094829414385,7.578715764562391,7.440815744680743,0.04115117878288002
2025-03-01 12:00:00,14.934029578086546,2.5650019978037113,6.920236559478073,7.149117459791702,0.0487662464451269
2025-03-01 13:00:00,16.484067215001357,2.449329705177872,7.074416356859784,7.528648813597329,0.04451039090075192
2025-03-01 14:00:00,15.371555015330243,2.1536551424530903,7.304286054183713,7.415810750602724,0.03287782324161377
2025-03-01 15:00:00,15.654142646710824,2.422784926245342,7.406259632977871,7.5843321332172335,0.03315254079034425
2025-03-01 16:00:00,15.614510087232341,2.3323411359464483,6.9335452872289824,7.273524823653175,0.03687003933222745
2025-03-01 17:00:00,15.633139798113273,2.323139934271844,7.106672577927894,7.276704162349601,0.028862716791371548
2025-03-01 18:00:00,16.514017150342855,2.548772792025448,7.056919932922335,7.230373617413195,0.013813712137381653
2025-03-01 19:00:00,15.783309687650572,2.6833757600554913,7.268996065021785,7.329790012988427,0.013296133279328402
2025-03-01 20:00:00,15.886923648666857,2.3136180043666785,7.554507983882701,7.294282883416188,0.02313079242885309
2025-03-01 21:00:00,16.56162128160252,2.62694382318661,6.293865442766073,7.32782375165534,0.03819001635663179
2025-03-01 22:00:00,15.867709212373256,2.674703709023199,7.231073865106775,7.302111284527854,0.02574884528603649
2025-03-01 23:00:00,15.4922066425546,2.526609364609582,7.023137796809445,7.288687995884659,0.039578873716683345
2025-03-02 00:00:00,17.036397730057505,2.4071288361918795,7.0320342753946985,7.411025309131856,0.031576175983514254
2025-03-02 01:00:00,16.588915038216648,2.267463208779228,7.37830569213999,7.238108965965135,0.027663283194051327
2025-03-02 02:00:00,16.32130436699424,2.3758510041066425,7.5718914927237755,7.227632990841172,0.034080858059468234
2025-03-02 03:00:00,15.89111300544241,2.5946517771922495,6.9425685334616745,7.377441652176907,0.031397713970347824
2025-03-02 04:00:00,15.714400373408232,2.397175016957929,7.241746575821816,7.482313285732407,0.023833013840643527
2025-03-02 05:00:00,16.55229083395528,2.511041327001571,6.5597842805318765,7.503975492570551,0.024128892650642057
2025-03-02 06:00:00,15.62044065391849,2.5028554331415225,7.1703570166509865,7.377463443174767,0.02920823727032707
2025-03-02 07:00:00,16.036562638043304,2.5319192048948325,6.810284571477598,7.480020887621166,0.03878226010610469
2025-03-02 08:00:00,16.632893774830514,2.35486731958723,6.968946920920147,7.410478354103986,0.023241724105873
2025-03-02 09:00:00,16.334235476783324,2.95515511732526,6.555324482337898,7.615683795626203,0.032367278271313034
2025-03-02 10:00:00,16.78399378349777,2.614098365659304,6.588574014529681,7.299825354342989,0.026739730776285508
2025-03-02 11:00:00,16.714483385708544,2.40659937032524,6.28114363426806,7.487612326153985,0.016640822042176824
2025-03-02 12:00:00,16.43348117714551,2.4442678615801863,6.797336122533011,7.604827033640748,0.0435877421972785
2025-03-02 13:00:00,17.05738685017736,2.405052674226545,6.256659982099474,7.344801047325569,0.029756689531583398
2025-03-02 14:00:00,16.405608450557338,2.201091414764107,6.913990837400185,7.419197671625987,0.01735780609295755
2025-03-02 15:00:00,16.406023233725605,2.5227879423476955,7.0791509344433825,7.463355778039201,0.018653063221698015
2025-03-02 16:00:00,16.05609493765098,2.653067087941026,6.88345935777891,7.531806218415002,0.04239892739733593
2025-03-02 17:00:00,16.26316828525241,,6.7099055153231815,7.347989787523125,0.029412166227301736
2025-03-02 18:00:00,15.968533481070347,2.7070626624291236,7.224971475954124,7.500448960994875,0.03498090824791695
2025-03-02 19:00:00,16.203182521931396,2.292771478979517,6.239540379076607,7.494781623698864,0.028142429743623226
2025-03-02 20:00:00,17.19668322011066,2.2052397147629272,6.635676060719823,7.432056960863916,0.01980765590020433
2025-03-02 21:00:00,17.47979458608341,2.411083855493579,6.873514530291194,7.3665912427627225,0.02517094784342583
2025-03-02 22:00:00,15.550556474854583,2.327531514445319,7.029428904786541,7.419623836214511,0.01685275152497323
2025-03-02 23:00:00,16.88027892105883,2.576688935090955,7.147814608143453,7.3953196190023585,0.019839545729853542
2025-03-03 00:00:00,16.9142950421953,2.6185467566540686,6.655756087723604,7.366557865166136,0.022043898078243793
2025-03-03 01:00:00,16.341315583269548,2.4087902170907056,7.176370078297044,7.499987128819299,
2025-03-03 02:00:00,16.61641224875833,2.786955744151593,6.79817506033206,7.463098835880343,0.01712897576514427
2025-03-03 03:00:00,16.14142749341743,2.2794155770673745,7.022006592686283,7.3007573815328595,0.02735839144154548
2025-03-03 04:00:00,16.45787744042497,2.8027341399366392,6.978329905287771,7.2038238735942155,0.02976653592440527
2025-03-03 05:00:00,16.46090444769106,2.6136321683128987,6.762890481498727,7.178986597254963,0.016531247830780835
2025-03-03 06:00:00,17.170424087278704,2.5191696253975224,6.438014214429748,7.365785199706381,0.016931284082943768
2025-03-03 07:00:00,16.765786353642362,2.6276544735655856,6.746244160927191,7.342050224844662,0.029086578643989572
2025-03-03 08:00:00,16.687543635893206,2.5429531953647717,6.994757956170986,7.445970675761687,0.026199770847505757
2025-03-03 09:00:00,17.001091302427888,2.346621675775017,7.13362949591351,7.406084550516282,0.014347378934716068
2025-03-03 10:00:00,16.794908316073585,2.5847666710173343,6.873618037509563,7.299278122940732,0.024422345489809403
2025-03-03 11:00:00,16.7511875614661,2.600380003652984,6.935157547752809,7.4554512793768355,0.025729777737595685
2025-03-03 12:00:00,16.489702616833572,2.755636553415665,6.991898784391151,7.551724247642562,0.023913962221820222
2025-03-03 13:00:00,17.442393688043328,2.6137791781322464,6.2320969300411555,7.286458849644352,0.017292735452305696
2025-03-03 14:00:00,17.32863745478134,2.632105619000403,6.587783441083075,7.442530499610883,0.01750218446647763
2025-03-03 15:00:00,16.899570524747972,2.5307646581390326,6.5418862904169295,7.45587818626467,0.028280653124327593
2025-03-03 16:00:00,17.385122234811327,2.2649973246676964,6.843833260743347,7.229610165538901,0.014040299597952756
2025-03-03 17:00:00,17.151135567947133,2.639378101136193,6.5299050040019955,7.548917522746016,0.0324346126358893
2025-03-03 18:00:00,16.634838340343926,2.453770612084495,6.682390678132648,7.431884596367086,0.03148659862915843
2025-03-03 19:00:00,17.34993170384802,2.7048569808031098,6.71715922528431,7.561778365719224,0.029582664427242313
2025-03-03 20:00:00,17.24843237301155,2.509564479865974,6.291317429876877,7.366704564289596,0.021237364870376807
2025-03-03 21:00:00,16.552542222708897,2.3952394797289904,6.667967039929235,7.434115655347016,0.027000206228512152
2025-03-03 22:00:00,17.65001054669107,2.1314576218256307,6.494913209554629,7.301246128152928,0.02153759695091799
2025-03-03 23:00:00,16.92041016949101,2.216389111024267,6.795240529137584,7.537424945967053,0.026435734771218578
2025-03-04 00:00:00,17.845956857298884,2.406999255867072,6.543409691055028,7.48554764317219,0.0
2025-03-04 01:00:00,18.201481328995204,2.508931286094896,6.6060464848254075,7.501125386131817,0.022488039390758087
2025-03-04 02:00:00,17.595613367096913,2.442190325922194,6.752682310404482,7.458844654573273,0.028641150141082032
2025-03-04 03:00:00,17.645796056878225,2.652331962567658,6.518375734989121,7.284425157736024,0.028142069449125832
2025-03-04 04:00:00,16.929944888958083,2.6020822937666925,6.773088138709394,7.396131077001379,0.0292278026343676
2025-03-04 05:00:00,17.854158405554234,2.6269172328789905,6.397967887029899,7.368634776560926,0.025802951221220585
2025-03-04 06:00:00,17.21218178195643,2.573616935345831,6.304874572004575,7.417725879141334,0.017408816126453314
2025-03-04 07:00:00,16.72599636159108,2.4266536397349565,6.996661176878552,7.536721687771377,0.009456540380312618
2025-03-04 08:00:00,17.84443580405243,2.103108718494785,6.812428869991083,7.344323162921926,0.026610082457072852
2025-03-04 09:00:00,17.493396576103027,2.5379594846006723,6.358014453305785,7.259753458434941,0.02533037274085425
2025-03-04 10:00:00,18.046128850542043,2.539276315918706,6.241977175260909,7.4779371220829,0.031221727466221608
2025-03-04 11:00:00,17.276981022675894,2.1310810620897005,6.555985975183123,7.593215563559164,0.03662569711957108
2025-03-04 12:00:00,17.397384641723747,2.3059347554985865,6.624887748919961,7.540425033519389,0.028196932777514568
2025-03-04 13:00:00,17.59906471203023,2.28256707809801,6.258987675826944,7.454029226796931,0.026710017945577338
2025-03-04 14:00:00,16.49531465789155,2.3930271397433,6.937724310331781,7.553180645696971,0.026208071754450446
2025-03-04 15:00:00,18.210639180644495,2.761564790945738,6.253941210020751,7.478477399812437,0.04102513193624225
2025-03-04 16:00:00,17.03795340833871,2.6714744220611566,6.787412864358919,7.348917069399167,0.02455619062964174
2025-03-04 17:00:00,17.681720094175507,2.3190369829535427,6.2878850337101815,7.456372413771844,0.028561091804459926
2025-03-04 18:00:00,17.38316817087671,2.326018392132453,6.272867629284651,7.252902366034616,0.04505606628075326
2025-03-04 19:00:00,17.401367240034972,2.7096647263357765,6.759759862199907,7.337855965829086,0.03605105663593575
2025-03-04 20:00:00,16.356423800518403,2.7700432521120075,7.183124515627354,7.299111811297301,0.027478879134538867
2025-03-04 21:00:00,18.63013027922911,2.5536494965635135,6.584942196637612,7.4397361861445335,0.03239116062047863
2025-03-04 22:00:00,18.306257481041783,2.7027510583987175,6.270345539086752,7.25058374740503,0.04691426358417346
2025-03-04 23:00:00,18.519184727267543,2.1354242665530943,6.578879678099662,7.286420440246057,0.042333488672547125
2025-03-05 00:00:00,17.902524139775245,2.2839107553227618,6.928511938360469,7.632799633084398,0.03530038701597408
2025-03-05 01:00:00,17.894141453529173,2.4723146217429797,6.263353765611922,7.446448352617108,0.04572175910927326
2025-03-05 02:00:00,17.671030256265812,2.4788514419786876,6.147053359662949,7.457547397932656,0.03314199053619646
2025-03-05 03:00:00,18.024904678236236,2.0787691336379055,6.077962041022732,7.36018846622522,0.032556646395734024
2025-03-05 04:00:00,18.010506132205965,2.5787842872152638,6.305671141139335,7.471593164432661,0.045513969089294365
2025-03-05 05:00:00,18.127040913351273,2.6546276172415864,6.251345701801445,7.32343594984904,0.02949762669855006
2025-03-05 06:00:00,18.150201220780794,2.806968933393426,6.350179432525501,7.2551552953448315,0.05575774801069379
2025-03-05 07:00:00,17.616037769110566,2.274626153505299,6.604289844824857,7.42929740333287,0.0342380960407152
2025-03-05 08:00:00,18.04229414103488,2.417433918406053,6.304641011980618,7.428802292752255,0.040723421415167604
2025-03-05 09:00:00,17.42021629293739,2.576156444938256,6.434590358024079,7.373520322282416,0.024217536715997155
2025-03-05 10:00:00,17.8195501433183,2.687069402901016,6.44595791585394,7.431174301421838,0.033114321873285855
2025-03-05 11:00:00,17.707408469871428,2.3236425099537237,6.846544239017835,7.42988671349748,0.04494947124777036
2025-03-05 12:00:00,18.118797692495296,2.5889181234544476,6.597799090385318,7.563870685389681,0.03668684886719593
2025-03-05 13:00:00,18.777065915490653,2.4621147529260243,6.073292337355449,7.431818466933421,0.043201007966963204
2025-03-05 14:00:00,16.590914572859724,2.8170689083387908,6.4377382830471666,7.400441444891563,0.02946594317117572
2025-03-05 15:00:00,18.58010543933066,2.3331972293705463,6.2487199443359325,7.4922022487834345,0.03783871540924445
2025-03-05 16:00:00,18.832198188705785,2.6018211481161897,6.393013113567793,7.594758951537332,0.05734907016551392
2025-03-05 17:00:00,17.809481938013608,2.5380233286693215,6.301059448718093,7.483083760654109,0.043225916623894085
2025-03-05 18:00:00,18.532270323099603,2.385749723972582,6.155028714156019,7.261465037161594,0.04683862073406678
2025-03-05 19:00:00,18.20996472111795,2.446687105302627,6.47630739302446,7.171393923767331,0.04759846459622405
2025-03-05 20:00:00,17.375048213340833,2.460650605449528,6.7504120829597305,7.617271157370482,0.04219366123732201
2025-03-05 21:00:00,18.089183493158135,2.7444724113926044,6.726644258436906,7.450297381862309,0.0496103931605026
2025-03-05 22:00:00,18.289756179273212,2.454461416677554,6.720084954045125,7.260048538241954,0.04199768764619214
2025-03-05 23:00:00,18.68092796480614,2.2224409755698833,6.145562646464671,7.539122898608908,0.046766015655909876
2025-03-06 00:00:00,17.86319770617862,2.552770701739878,6.6407126744653855,7.491212603135244,0.03839633494089455
2025-03-06 01:00:00,19.440625773762434,2.1475128875166964,6.315899497142239,7.437462670789091,0.051710622572882184
2025-03-06 02:00:00,19.085036515504175,2.542432055988323,5.998105213021041,7.470991356146907,0.04584514192256591
2025-03-06 03:00:00,19.010047154888895,2.4013377197847237,5.907028957204635,7.6629131929028285,0.04610970854203446
2025-03-06 04:00:00,18.71736831819256,2.575918472068541,6.200004386372255,7.402891128593757,0.035095869907574566
2025-03-06 05:00:00,17.9327940798297,2.33327690051243,6.56467837115809,7.298055928048108,0.043382023976611866
2025-03-06 06:00:00,18.519719771807228,2.5700674005911055,6.00076467759712,7.356223217485766,0.0575341012463868
2025-03-06 07:00:00,18.39119905871994,2.632282891348587,6.2913757218305815,7.555395144743581,0.03158846930068713
2025-03-06 08:00:00,18.846364083142515,2.6102952618246995,5.813888628374725,7.616606400379217,0.046141711406584726
2025-03-06 09:00:00,18.02725907567343,2.427883854131881,5.864710169677179,7.393238172506501,0.051997325322004406
2025-03-06 10:00:00,17.53988403186276,2.315618853083122,6.928844189760507,7.248663617437551,0.05873210574702708
2025-03-06 11:00:00,19.105667399677966,2.7970716643744473,6.0011577255865305,7.482607203592985,0.04452076320650225
2025-03-06 12:00:00,18.154873136664644,2.485754751216969,6.17251403397101,7.529698866700436,0.042897995752975905
2025-03-06 13:00:00,18.56308106180136,2.3557192415452293,6.284648248737221,7.551480573446495,0.05026998532921822
2025-03-06 14:00:00,17.98264619962761,2.364126988197645,6.593677413290845,7.475802199207252,0.05431662140120953
2025-03-06 15:00:00,18.96442624380123,2.1716150857086243,6.435648623114523,7.561877535968347,0.055291859142438046
2025-03-06 16:00:00,,2.8109672008501922,6.145234805526295,7.416097307021156,0.047132329415579106
2025-03-06 17:00:00,18.67879503484653,2.2849317280760624,6.459981766152068,7.24787976309149,0.041959586937584725
2025-03-06 18:00:00,18.082531973993103,2.1284770649885023,6.370756417177607,7.456678070659623,0.03614760174443883
2025-03-06 19:00:00,18.48021367683039,2.6423626914371146,6.030466926196083,7.583304919075459,0.056915717485460315
2025-03-06 20:00:00,18.664790840205562,2.489411501784343,6.426511443941457,7.268791001248991,0.0594466371989023
2025-03-06 21:00:00,18.07399599317487,2.630153930404937,6.915135000050698,7.279550713474165,0.04435795095429318
2025-03-06 22:00:00,17.79202281462199,2.7180149530112487,6.477248905607274,7.453034146237701,0.04477819018365225
2025-03-06 23:00:00,18.452265687568847,2.5733729499193547,6.34246440748768,,0.03882740026009279
2025-03-07 00:00:00,19.038032925033548,2.5393182714829683,6.015884724601079,7.585437295880165,0.04051818761694561
2025-03-07 01:00:00,17.862280098593832,2.668062961101769,6.646829265930654,7.572898767823,0.06946621289918971
2025-03-07 02:00:00,18.39031603820599,2.7782177178544756,6.229440464869634,7.443243743900042,0.04396285771149358
2025-03-07 03:00:00,18.558609853048452,2.509671564488242,6.306004567514858,7.440221910148701,0.05879752580627416
2025-03-07 04:00:00,17.802168226714148,2.51483087186261,6.358067657883592,7.352293747571395,0.04816643596171834
2025-03-07 05:00:00,18.382599084865745,2.5583897457479248,6.220212648543321,7.259626745117593,0.04640130122017808
2025-03-07 06:00:00,18.239720619230162,2.4674216054717473,6.785279301261088,7.535172531473639,0.04458079342274189
2025-03-07 07:00:00,18.643780241491662,2.881160476641716,5.555014987596552,7.3545403039371315,0.04206512113967472
2025-03-07 08:00:00,19.000832503745283,2.4720594242988048,5.529917503799711,7.415830348692194,0.039707010517241584
2025-03-07 09:00:00,17.987903464307276,2.7503179264133357,6.367243965466545,7.480360576681119,
2025-03-07 10:00:00,18.614796718978923,2.153805614746993,6.416433651990892,7.44099469454097,0.04167552266826474
2025-03-07 11:00:00,19.155212754628767,2.626839944388363,5.9604000089990175,7.339035355482989,0.04354448391317074
2025-03-07 12:00:00,19.528260211780342,2.6528501340614943,5.944555175508348,7.523258627153492,0.03467819545769617
2025-03-07 13:00:00,19.253845877404803,2.3493681874450933,6.232697005415911,7.661622434350606,0.05346864608930996
2025-03-07 14:00:00,18.415150046776937,2.4618378382284987,6.389148359585262,7.5769302213277125,0.05075293697014875
2025-03-07 15:00:00,18.64905713399122,2.474384625590178,6.224923171782156,7.5088076171574185,0.0480270566161446
2025-03-07 16:00:00,19.578710271249843,2.4591238247318046,6.358616606244644,7.541110310237203,0.041281551178734686
2025-03-07 17:00:00,19.157780392758777,2.6338356893291803,5.531844323981908,,0.05589403683096021
2025-03-07 18:00:00,18.889988341421706,2.158257344946181,6.568500869653935,7.491434322482382,0.03691690634153998
2025-03-07 19:00:00,19.225216143235645,2.8322347421269263,6.2027393518298695,7.283787880250693,0.03131091139144734
2025-03-07 20:00:00,19.683220419810098,2.5810407145726963,6.209160777875393,7.4517487250173335,0.039070149895649574
2025-03-07 21:00:00,18.124773642851704,2.3327094298500453,6.2111786499416075,7.545790602474726,0.034071262117910464
2025-03-07 22:00:00,19.086302364689228,2.5923778823734795,5.908619075681161,7.446537780544589,0.03290358390445901
2025-03-07 23:00:00,19.119243376143803,2.5225485226282056,6.540959594516112,7.627564875547868,0.028772841597121505
2025-03-08 00:00:00,19.348348956926078,2.7620481432418,5.824369739508324,7.323036562334426,0.03820033699092395
2025-03-08 01:00:00,18.10229697061704,2.851470169517401,6.039960728483821,7.55026832607646,0.03933634702733033
2025-03-08 02:00:00,18.866432636922017,2.8448486577351737,6.020295677496045,7.388572683719778,0.02969813011702581
2025-03-08 03:00:00,18.10410814039723,2.6938740444066784,6.131479091834016,7.471009748020767,0.03934814719644025
2025-03-08 04:00:00,18.931159748760198,2.5519514380475803,6.153177459152285,7.33728266168845,0.0307748701284745
2025-03-08 05:00:00,19.00689456548529,2.603444256603596,6.209788964567609,7.422271724437364,0.04978481999929594
2025-03-08 06:00:00,20.02105445868293,2.514178456415555,5.891690927037252,7.7214791311657685,0.03563364504378105
2025-03-08 07:00:00,18.834260799731133,2.7629357083096293,6.2964273001315005,7.351025914523017,0.025970609647160102
2025-03-08 08:00:00,18.685829173793383,2.3438302108759377,6.300779712383275,7.571300636041024,0.04327630127073514
2025-03-08 09:00:00,18.100991337375255,2.379060625669901,6.509859936890033,7.592864239644611,0.02932115045453288
2025-03-08 10:00:00,18.813356603280475,2.4422569828318133,6.4048172692441145,7.415741093550763,0.03894783960066424
2025-03-08 11:00:00,19.54090690275449,2.251347764879694,5.960407007065289,7.27601179259259,0.03740757229590065
2025-03-08 12:00:00,18.98443180927184,2.310637339039152,5.530196624179005,7.450025563109499,0.03917744121267047
2025-03-08 13:00:00,19.134180777573075,2.648010371990698,6.387142901359732,7.498251656638318,0.031156741955792013
2025-03-08 14:00:00,18.847181991871327,2.254187683992049,6.160092045807932,7.372842904764625,0.040587562064897456
2025-03-08 15:00:00,18.283574856619076,2.5673051713332162,6.249874623177995,7.409411103346336,0.034398601898248136
2025-03-08 16:00:00,18.98606027085796,2.4595254311219032,6.237115678170098,7.329173937861307,0.037029409110679284
2025-03-08 17:00:00,19.89910667236348,2.6072340700719074,5.932305474665622,7.377276748724732,0.03138403100435316
2025-03-08 18:00:00,19.267364968577642,2.1375053282648984,5.945544323938878,7.317872717086533,0.025701855135633875
2025-03-08 19:00:00,18.521301789183966,2.434561998247082,6.480325978896062,7.660684584002975,0.026641158710232322
2025-03-08 20:00:00,18.162573303458,2.722558549991078,6.053818098425044,7.456644469370309,0.027862624492936063
2025-03-08 21:00:00,18.61881422888982,2.575294032065412,6.192065163255287,7.394278265438631,0.04361018107915539
2025-03-08 22:00:00,19.56386119529067,2.7605587362164203,6.252809163449706,7.31922344460148,0.030436851850939514
2025-03-08 23:00:00,19.474397007643397,2.5100366370318112,5.651327431128188,7.1676991156321845,0.04029426011664528
2025-03-09 00:00:00,19.589058970978133,2.3205024922524857,6.212795994637101,7.418376205155792,0.028808821975888105
2025-03-09 01:00:00,19.36441097690888,2.522901701437839,5.666923512206651,7.299918776959315,0.02923570899429655
2025-03-09 02:00:00,18.794167352364738,2.2181932865483596,5.897303000931274,7.3807701531706735,0.0386878732772429
2025-03-09 03:00:00,19.174802949761023,2.2181404600026178,6.172078329085244,7.2977740260074135,0.015238571786742913
2025-03-09 04:00:00,19.79441746075723,2.7185866153152647,5.509525961554754,7.300644376575539,0.037900576084311376
2025-03-09 05:00:00,18.02204966633392,2.6204721915508022,5.982398988682548,7.415144431614038,0.033035941993879804
2025-03-09 06:00:00,18.86417522712503,2.3278678744481534,6.349873844045526,7.383613263279598,0.028753664975988247
2025-03-09 07:00:00,18.96459698584096,2.367965301539793,6.265287743574918,7.279348627227663,0.02314008051734958
2025-03-09 08:00:00,19.369093767192783,2.521140685586078,5.88374097094077,7.265512184675379,0.015913741740163218
2025-03-09 09:00:00,19.09322112290986,2.835778791584631,6.299130389047444,7.427244070066699,0.020540843251427576
2025-03-09 10:00:00,18.00227996456641,2.690537148679668,6.146209917983343,7.432641384197475,0.021453958220215924
2025-03-09 11:00:00,18.32515054571016,2.7333293922832644,6.286447360693414,7.417121416733654,0.03371980895893554
2025-03-09 12:00:00,19.55746834338435,2.4667578865722604,6.0404184184501775,7.371105294687745,0.030464623216667784
2025-03-09 13:00:00,18.915283494904948,2.412720824813948,6.130957160033106,7.374394643340373,0.03317444206735337
2025-03-09 14:00:00,20.252046936199328,2.323480800654473,6.034594031493824,7.416878695345517,0.027632267280673604
2025-03-09 15:00:00,19.557943781371684,2.772321941389104,6.300629194855256,7.270576357086946,0.03330321443728132
2025-03-09 16:00:00,18.74326824084563,2.710362233328384,6.108948102528802,7.579048550157114,0.028177667964675517
2025-03-09 17:00:00,18.874336727311473,2.4849444546707566,5.543609955310551,7.4460641242252645,0.016757738708262304
2025-03-09 18:00:00,19.559316435957186,2.797987702839828,6.01165752862163,7.1746888160921936,0.026798483186990785
2025-03-09 19:00:00,18.499522265877477,2.5364112443435616,6.46636287482873,7.454120380556531,0.025359083706700723
2025-03-09 20:00:00,19.301983184148828,2.4056871877333394,6.200065982089199,7.517319581755682,0.03942492688345271
2025-03-09 21:00:00,17.961691488580747,2.396273753387849,6.25345386662622,7.225278038628826,0.02043104399071489
2025-03-09 22:00:00,19.2637549048631,2.1483202648859363,6.463667678468932,7.33087649655057,0.03261156382581154
2025-03-09 23:00:00,19.052177789972138,2.530859092631979,6.011920572887659,7.47231522418408,0.04619993637692839
2025-03-10 00:00:00,19.039897872041475,2.4287456164346453,6.220190177274472,7.399899243566892,0.018851844145050638
2025-03-10 01:00:00,18.497029531951373,2.897046207980091,6.318710053178462,7.653954782079639,0.03153589060801132
2025-03-10 02:00:00,18.681687048360182,2.5678310744677435,6.4253945335605005,7.3780876592200535,0.038386904574733004
2025-03-10 03:00:00,19.12993684127781,2.665432043014389,5.6365809032718905,7.311633573089555,0.01840986918128668
2025-03-10 04:00:00,19.410623448991636,2.212110943620864,5.892950218624694,7.385815755858121,0.013773328760387156
2025-03-10 05:00:00,19.242954049311294,2.230263188203762,6.006285358244548,7.2228201202029565,0.02846398987587601
2025-03-10 06:00:00,,2.899299711951807,5.884042955582968,7.432312124270178,0.012889307098393367
2025-03-10 07:00:00,19.16854340978438,2.2098725080374795,6.058642103768937,7.410811635788168,0.021072815645948612
2025-03-10 08:00:00,19.69821242462303,2.4219609776892757,5.585660469093256,7.4349488594001105,0.03505579697450897
2025-03-10 09:00:00,19.68003787562667,2.3399588930873665,5.6060256649137745,7.388825110265577,0.03189918058685916
2025-03-10 10:00:00,18.37030870639578,2.5086368777375054,5.997919384327505,7.24696734681479,0.01145567976296317
2025-03-10 11:00:00,19.124877729074008,2.48329035063938,6.315652868499422,7.241530472213693,0.011850174825312226
2025-03-10 12:00:00,18.687375937037896,2.458216304181175,5.9938781112767,7.265866303368824,0.018639797082823154
2025-03-10 13:00:00,18.837540817393542,2.391762873181354,6.131163380467562,7.386113078692648,0.018096660100604796
2025-03-10 14:00:00,19.744617364350713,2.7419562536974507,6.004339965171329,7.2850966639859305,0.00881528199997566
2025-03-10 15:00:00,18.445151820742034,2.575078055394756,6.577914758514879,7.415063650931213,0.008225771651929533
2025-03-10 16:00:00,18.62050284791582,2.18130163273854,6.183534782731074,7.365684962808241,0.02898936165060238
2025-03-10 17:00:00,18.4906441131972,2.671907263754989,6.454634258726903,7.405410425739959,0.01987536243010695
2025-03-10 18:00:00,18.1526534684932,2.811396901575649,6.370890483319503,7.460373619750723,0.021795048043448798
2025-03-10 19:00:00,19.713614116313135,2.5668662308915313,5.820251088240718,7.3358454892685305,0.028267767011325513
2025-03-10 20:00:00,18.65504852348948,2.5221754538953136,6.127300995419111,7.42109493625241,0.019391150339955733
2025-03-10 21:00:00,19.03778326621175,2.4261844442252625,6.359951525779114,7.533748959667159,0.023290489858407704
2025-03-10 22:00:00,18.695823718095664,2.329482459060226,6.044832132125581,7.3898287461076855,0.017402531711738792
2025-03-10 23:00:00,18.707613418380827,2.113632256210631,6.34726765820023,7.541731769592092,0.027395521679026615
2025-03-11 00:00:00,18.59654362899184,2.895473130336197,6.2486404270063405,7.5026634756262105,0.02502012883951534
2025-03-11 01:00:00,18.87090748865418,2.5185313521703767,6.3068682088424,7.431056497522696,0.01174483283530826
2025-03-11 02:00:00,19.210367870264026,2.145946562692108,6.360391965514981,7.45078247654681,0.02484241252879841
2025-03-11 03:00:00,19.740555069743674,2.729107775197394,5.742167131850163,7.354984468725002,0.025715034016859976
2025-03-11 04:00:00,19.501267202079926,2.3941020492446388,5.775554837589398,7.215347012005063,0.02145686892188699
2025-03-11 05:00:00,19.223587431913817,2.456784681574041,6.067124866995529,7.380492181869759,0.027616928216619832
2025-03-11 06:00:00,18.70352298720871,2.4950329434248872,6.807782619608994,7.288344120736053,0.03465059718393605
2025-03-11 07:00:00,18.85778255446885,2.3993335492869914,6.205703989549631,7.37758157442737,0.0444334203910449
2025-03-11 08:00:00,18.718325786519895,2.8414069202247845,6.5593143459270316,7.481166991080744,0.029864510972853482
2025-03-11 09:00:00,18.111150882620514,2.486487338831517,6.306464484030542,7.356290605265686,0.021984640410401372
2025-03-11 10:00:00,19.65787643283697,2.563304807512017,6.008438514960522,7.272284286295014,0.015489260776421196
2025-03-11 11:00:00,19.073592196908407,2.370860270493667,6.391478696605324,7.385448256039493,0.028407799193795616
2025-03-11 12:00:00,18.864602971471594,2.2745957924533626,6.1330748722163655,7.344785424627572,0.02287935799429267
2025-03-11 13:00:00,19.30110521764877,2.473140121078371,5.862231692924912,7.176479775599723,0.0362492725737334
2025-03-11 14:00:00,17.893383161187145,2.2652941312648043,6.410750693374226,7.469496581665451,0.03159854596262448
2025-03-11 15:00:00,17.90305198857013,2.44468121503839,6.447538981983274,7.316072564254596,0.033593964894580955
2025-03-11 16:00:00,18.56957464582672,2.193443928919316,6.04966854011988,7.286838015489786,0.037068880351101535
2025-03-11 17:00:00,18.204350963680064,2.5345233054774092,6.867350901970103,7.407098186055622,0.025089624990954833
2025-03-11 18:00:00,18.822359123598343,2.4051644035122672,6.23592765012319,7.400129399573998,0.027429288836005428
2025-03-11 19:00:00,18.489740327260893,2.4745812207122873,6.507808578004456,7.499544644010764,0.04062633314276257
2025-03-11 20:00:00,19.32278481692568,2.183671725295377,6.342481172514865,7.519679920513908,0.027451252658713354
2025-03-11 21:00:00,17.86385658248676,2.210442071244981,6.478102191498579,7.346706074747463,0.04341766426254291
2025-03-11 22:00:00,19.673699040220782,2.491403912328194,6.098731872990284,7.229458239239871,0.04421103718280067
2025-03-11 23:00:00,18.47130003845039,2.4344476136174626,6.3838489341412465,7.016972075143571,0.0276308982218696
2025-03-12 00:00:00,17.95976042810835,2.502596995526017,6.573834091777923,7.411747529317328,0.024500775775377397
2025-03-12 01:00:00,18.93152465294223,2.490004046511594,6.18844316469753,7.396234476717609,0.030735739009609006
2025-03-12 02:00:00,19.17182794794134,2.3579699644731815,6.020952493104251,7.3064661828397055,0.029522333711201502
2025-03-12 03:00:00,18.589400310094103,2.9505507878237798,6.082216798729964,7.23482073645652,0.04370220514751238
2025-03-12 04:00:00,17.69455993770774,2.4595451237220542,6.964787521868964,7.363321982665003,0.021369298148983872
2025-03-12 05:00:00,19.3409231219506,2.899324105181445,6.240068725498543,7.234436932838022,0.035966376341770134
2025-03-12 06:00:00,18.094999710959538,2.7536093781572215,6.185591441657511,7.155414702653278,0.032295961696006535
2025-03-12 07:00:00,19.580379779315194,2.455892360413508,5.518918397800917,7.428935896105951,0.04018560618821548
2025-03-12 08:00:00,18.16899705185354,2.4388820458431946,5.937070447506537,7.487896598208648,0.043404473840060936
2025-03-12 09:00:00,19.192562907936665,2.453925600287467,6.111806025091613,7.324022236669829,0.03383603986381567
2025-03-12 10:00:00,19.139384359814898,2.1671488390549496,6.224994957889552,7.432328440037589,0.050266522660210006
2025-03-12 11:00:00,17.793868611259683,2.357958170537682,6.82384402400431,7.242054495927754,0.0417638234289224
2025-03-12 12:00:00,17.986792442669167,2.283588707947745,6.502799916959661,7.3744041125156,0.03946241671730644
2025-03-12 13:00:00,17.54653256236806,2.4771923613719347,7.008788790085862,7.5126993314526045,0.05140790080294601
2025-03-12 14:00:00,18.71488610756402,2.219649641627094,5.935958310999261,7.4655466567353,0.03828494965653069
2025-03-12 15:00:00,17.872229307141435,2.0436118200320665,6.305739344597767,7.2434029100912305,0.0454661680602822
2025-03-12 16:00:00,18.615383359178267,2.7622465832194703,6.43459180861122,7.392105286342313,0.04350178356420119
2025-03-12 17:00:00,18.131770508826673,2.6357445315579384,6.957619217331727,7.552238301823478,0.04993188740677682
2025-03-12 18:00:00,17.889159455279614,2.5608854368026224,6.007066171760161,7.521097451172986,0.048947215070427826
2025-03-12 19:00:00,18.361595816039163,2.1716989700796767,6.4772783699507,7.424250469247978,0.042103004653307526
2025-03-12 20:00:00,18.810632862028104,2.6414835510983132,6.039438575968091,7.5701921630997955,0.0451972305040945
2025-03-12 21:00:00,18.16911531984144,2.900500922489788,6.427088742634379,7.557309504730063,0.03545583579123718
2025-03-12 22:00:00,18.88331496603834,2.641996815836096,5.874832695676543,7.452576396207725,0.05533212111972126
2025-03-12 23:00:00,18.832553528274964,2.131072077965051,5.931790175278375,7.642406000146775,0.0549709222240774
2025-03-13 00:00:00,17.986295322355808,2.804834071453888,6.32734857987788,7.4789076407278925,0.05285420801787172
2025-03-13 01:00:00,18.270107394949232,2.348441119070911,5.749686164931065,7.316845182316587,0.041368394138322696
2025-03-13 02:00:00,18.070110264768793,2.369658487148686,6.653184965050101,7.225810772380071,0.05757363695689792
2025-03-13 03:00:00,18.439844102869195,3.032138820439139,6.637254837184685,7.6109596718438945,0.05151491480705975
2025-03-13 04:00:00,18.397265920753973,2.5387268022478677,6.216559158564725,7.333630051127583,0.03509790559440441
2025-03-13 05:00:00,17.53112883404148,,6.876969362349717,7.44426119573063,0.04283806989168037
2025-03-13 06:00:00,18.23582489816886,2.7194688289630498,6.463476520294395,7.304981382744811,0.04715396956485658
2025-03-13 07:00:00,17.58506909686931,2.681866701315672,6.426864666341878,7.381262662585973,0.04930535717676797
2025-03-13 08:00:00,18.649715109997615,,6.116736821791579,7.519200375162208,0.04156663670894252
2025-03-13 09:00:00,18.09163246229874,2.6041600028907825,6.197695786617617,7.585269213882564,0.048683000867656416
2025-03-13 10:00:00,18.445765994805036,2.3301926142982157,6.545830578053414,7.423239926015884,0.05229848549863349
2025-03-13 11:00:00,18.498413360656063,2.6477528215798745,6.49302048675453,7.536982221022257,0.03549113551322472
2025-03-13 12:00:00,18.704550333492566,2.1622874906773872,6.088218010374747,7.348844968485618,0.05318198324812531
2025-03-13 13:00:00,18.172800439520923,2.1614537986451428,6.492585890045559,7.441968370145316,0.045278496001358755
2025-03-13 14:00:00,17.283752713783144,,6.514433197867894,7.240950328242701,0.05849882552626468
2025-03-13 15:00:00,17.45616505988911,2.2983763389643923,6.836552871481357,7.584425021153785,0.04712338173073728
2025-03-13 16:00:00,17.968261687637554,2.6138522647081373,6.049523663249809,7.47341572330201,0.046971398344358664
2025-03-13 17:00:00,18.001211981205536,2.3039678312787437,6.503266063625334,7.459989166925584,0.038968964527876536
2025-03-13 18:00:00,17.763237177371074,2.057052672759264,6.58635963155767,7.471118296980444,0.04847575448967352
2025-03-13 19:00:00,17.940660729590267,2.4068844402010114,6.95756153830595,7.226033960137264,0.04420819850141424
2025-03-13 20:00:00,18.317107390957336,2.5090910836623435,6.691399563003856,7.428722286047697,0.049453740085967667
2025-03-13 21:00:00,17.8489104468507,2.422577919792263,6.757412795923584,7.42531700792817,0.041527159354037356
2025-03-13 22:00:00,17.058531056288487,2.4630670969000437,6.511852014866461,7.381196957864357,0.05255723777424759
2025-03-13 23:00:00,17.448826005199,2.4829548994410318,6.816144377699192,7.625768334761772,0.0502957307164717
2025-03-14 00:00:00,17.32757219792855,2.60182812826547,6.671120757155985,7.213312657926435,0.04145870907809425
2025-03-14 01:00:00,17.875992547616132,2.582926906119157,6.866995736508326,7.264863728038789,0.050298580355560916
2025-03-14 02:00:00,16.44601303882351,2.433699280496403,7.090111311911191,7.607446796655039,0.047762327485582734
2025-03-14 03:00:00,19.022813563602078,2.5560174700088965,5.9663246298727595,7.341455357109176,0.031075780140095047
2025-03-14 04:00:00,18.177183866281112,2.3217648073080106,6.708221974246682,7.433017606419586,0.05364228752376415
2025-03-14 05:00:00,18.30585508773363,2.668720659424853,6.119787181195279,7.574879376510972,0.05298722896506663
2025-03-14 06:00:00,17.017326765163936,2.7032473363397203,6.862356483755179,7.371647932984536,0.04559416280621377
2025-03-14 07:00:00,17.638670037511783,2.622257445461518,6.332548459266472,7.556667609373031,0.0625664101656019
2025-03-14 08:00:00,16.781754097524566,2.189574682237578,6.47975735654193,7.658231084800783,0.057394279763777874
2025-03-14 09:00:00,17.883506042988902,2.118371638948865,6.60371979472933,7.331901089505765,0.039550614422152755
2025-03-14 10:00:00,17.955704190520994,2.5484756350192255,6.551470908617911,7.399221798257417,0.05422155690890923
2025-03-14 11:00:00,17.112594013384257,2.21946400242361,6.445297277782318,7.3892281402504505,0.0537411680814864
2025-03-14 12:00:00,16.8896769717865,2.8957587709624586,6.700034745406657,7.279971045257178,0.038891932481059634
2025-03-14 13:00:00,17.48317057507428,2.666328021135703,6.664264977428725,7.320597444938645,0.05282182599730017
2025-03-14 14:00:00,17.550021571242507,2.7083760442566063,6.100647927722623,7.3068419237600155,0.04958447883074939
2025-03-14 15:00:00,16.675395668970076,2.549306299458738,7.190353617777169,7.424088735197462,0.045012535214915314
2025-03-14 16:00:00,17.232332481539075,2.429996251702437,6.264924775358398,7.415408569125696,0.05027154724011516
2025-03-14 17:00:00,17.798567377484407,2.3539939425671297,6.5926417073281245,7.428300890355743,0.046545328690820356
2025-03-14 18:00:00,17.007210098405153,2.452658820698943,7.098972687465535,7.278801466136883,0.0410599474633619
2025-03-14 19:00:00,18.015155979687073,2.439574519001664,6.354542166476724,7.109755878823499,0.042384282721306926
2025-03-14 20:00:00,17.398396419356427,2.8542716042722764,6.856304776875583,7.133395643365881,0.061308762824204194
2025-03-14 21:00:00,17.125831017621753,2.431067461093444,6.869821732092938,7.357855432387022,0.04434677151352147
2025-03-14 22:00:00,18.249306899301914,2.2546205436404425,6.205991442148085,7.405088937854846,0.030971945811199997
2025-03-14 23:00:00,17.31041881163092,2.48272162997085,6.538891210052772,7.4285235230224345,0.03420117799432036
2025-03-15 00:00:00,16.435854636304132,2.2832048437795995,6.62770356887958,7.348351273182073,0.033073510704652795
2025-03-15 01:00:00,16.752586469674572,2.42783930501069,6.732201369865532,7.437343559369719,0.03232977826615648
2025-03-15 02:00:00,17.44639114979982,2.2803648250679713,7.013581549015517,7.417288637256569,0.03540026871113781
2025-03-15 03:00:00,16.031730361917205,2.4568386566570366,6.555602155926512,7.435018359612785,0.04292240671181411
2025-03-15 04:00:00,17.2770515777165,2.340961247368062,6.608732245557844,7.505683856347883,0.035807553347972323
2025-03-15 05:00:00,17.199843840404874,2.323076915775026,6.6116540010996285,7.261938201481137,0.02580030389523243
2025-03-15 06:00:00,17.24375967740615,2.738950953715896,6.689644144567831,7.478598510044249,0.041563349911063016
2025-03-15 07:00:00,16.49370744124463,2.8260981979798,6.844893670152175,7.4900883153117075,0.03016521909257052
2025-03-15 08:00:00,17.607850409543733,2.5971580061095327,6.726790960879493,7.370129098133239,0.043365843824113876
2025-03-15 09:00:00,17.011049766630837,2.5185512466879967,6.883229246153121,7.424579208185228,0.04504901482597901
2025-03-15 10:00:00,17.637978158733855,2.3445168673695482,6.828947112968691,7.193224195807739,0.02636142733762106
2025-03-15 11:00:00,16.622638549576145,2.523149458648894,6.170444359202646,7.32375582361731,0.03147670006543485
2025-03-15 12:00:00,17.818593029788055,2.5263797389598612,6.72261477702572,7.310180361937132,0.02476096917678371
2025-03-15 13:00:00,17.18323895904404,2.4403532333344846,7.028509559618518,7.432069692825187,0.0359275928047528
2025-03-15 14:00:00,16.316980426222916,2.7285640130807836,6.750224080227571,7.390669140626457,0.0315942514716972
2025-03-15 15:00:00,17.166574616821965,2.512948127067666,7.137048460356506,7.476831563980334,0.026135105607021016
2025-03-15 16:00:00,16.61745148086668,2.7233724059327877,6.776314815569686,7.217308901367237,0.02029283276948486
2025-03-15 17:00:00,16.768470130812496,2.4720331738288315,6.692994865090106,7.075245709621282,0.03647288322442246
2025-03-15 18:00:00,16.298603099883206,2.307699762692973,7.185946431098705,7.175999541795959,0.03476173079651757
2025-03-15 19:00:00,16.4633866930119,2.592163186021831,6.284961937885827,7.439328382770533,0.037616196949489186
2025-03-15 20:00:00,16.604492414682298,2.2814094063697494,6.579346280471899,7.5195220130697,0.03732328424744651
2025-03-15 21:00:00,16.434984777916267,2.5079558552697114,6.038251278920823,7.365520006109313,0.028793604580800977
2025-03-15 22:00:00,16.117487159760135,2.271130588876363,6.979921271821228,7.4048015895137125,0.05083763522469069
2025-03-15 23:00:00,16.189121760398034,2.779788168073786,7.067039940095309,7.530410460509837,0.026985403853356973
2025-03-16 00:00:00,15.921270957232661,2.74588591960271,6.935299298498046,7.405904031976624,0.022328838130893952
2025-03-16 01:00:00,15.973524461677027,2.8118799328637856,7.137514024046734,7.305722372598812,0.02829051041583932
2025-03-16 02:00:00,16.343322429037094,2.564032827205899,6.794675971229773,7.051194250730733,0.015262095837838486
2025-03-16 03:00:00,15.74592587027339,2.3737595747016207,7.223169863009939,7.310098815078735,0.028476548446660453
2025-03-16 04:00:00,17.79057359504896,2.651926163097661,6.416684316424718,7.404656052898928,0.039449047872717316
2025-03-16 05:00:00,16.582178473603854,2.2288769575235587,6.737720347579078,7.502303448921323,0.03465746006088215
2025-03-16 06:00:00,16.914534128800582,2.3702414406026446,7.184427824265697,7.578840783058225,0.036999621193594866
2025-03-16 07:00:00,16.93434832099831,2.575966863133925,6.292378689937816,7.309477680579387,0.029218903285301964
2025-03-16 08:00:00,16.951834243835123,2.4281914441324126,6.5781942097681245,7.1955786852948815,0.026341879512455996
2025-03-16 09:00:00,16.22176879813757,2.76746288035589,6.494540979011234,7.373090095802917,0.022026680868239817
2025-03-16 10:00:00,17.553669037903735,2.3822332764874132,6.5127320071246935,7.550670867322446,0.026507068004909776
2025-03-16 11:00:00,16.65857823543283,2.5011749709813205,6.880481094576,7.4397515592519285,0.03017438274293885
2025-03-16 12:00:00,16.73884847600627,2.562477376972074,6.463040944576422,7.236452629243106,0.04117139639441543
2025-03-16 13:00:00,16.37478212006582,2.4350833394164573,7.160245809481141,7.539048111325389,0.017208320315082015
2025-03-16 14:00:00,16.235385827886454,2.4463116757349286,7.154057726664208,7.354957847615558,0.038858024504349595
2025-03-16 15:00:00,16.052891526571234,2.257910905461343,6.6933391557866235,7.401158777403904,0.03563799545701926
2025-03-16 16:00:00,16.659953790841115,2.581996340158721,7.317544907354226,7.461870890248825,0.018588397807163017
2025-03-16 17:00:00,15.167434364589917,2.5364496790053046,7.090760588702493,7.235301990339909,0.007918053496322141
2025-03-16 18:00:00,16.14785501785112,2.4215845676530607,7.063067378013536,7.44940907509393,0.022938967032937223
2025-03-16 19:00:00,16.878167318735006,2.714946690122593,6.944905844558519,7.4605246319627225,0.017256406614471247
2025-03-16 20:00:00,,2.5562129243393565,7.040958165554924,7.260583819065538,0.04071861677089307
2025-03-16 21:00:00,16.872600495791215,2.395884920402587,6.811718267128802,7.098727706336441,0.02913567547111222
2025-03-16 22:00:00,16.095910760493446,2.533797168022711,6.920994196611449,7.333350061278573,0.016553251211906202
2025-03-16 23:00:00,15.338054409382838,3.0808062888868144,7.233647461939052,7.341009012604002,0.017735640531703137
2025-03-17 00:00:00,16.287428083740643,2.3951571322075833,6.683448489526478,,0.019732794524837734
2025-03-17 01:00:00,15.861471243362464,2.4184574616565198,6.936292921350853,7.557638262752089,0.019306042183243482
2025-03-17 02:00:00,16.220591162399977,2.6388399092023005,7.265442946364285,7.393779742194378,0.006744587830241514
2025-03-17 03:00:00,16.771411620605527,2.2539106493234313,6.73794906268996,7.676289327626878,0.020714317097749374
2025-03-17 04:00:00,16.762497387335568,2.637583684318162,6.918789161977697,7.534820595728098,0.012141206045315319
2025-03-17 05:00:00,15.859057739883673,2.5303136946807308,,7.420448619106748,0.014454335758064436
2025-03-17 06:00:00,16.72524671696902,2.130068071737064,6.533139744659973,7.324828848935646,0.030658686968417285
2025-03-17 07:00:00,15.710790532582207,2.5660235894011247,7.189877776362946,7.510150737234534,0.01673914142061324
2025-03-17 08:00:00,15.669918014399917,2.4622389944225227,6.915319601671637,7.560770926991611,0.0004986742885164583
2025-03-17 09:00:00,15.623369844590462,2.487504717753016,7.235308220540646,7.425897120786382,0.03664441387099201
2025-03-17 10:00:00,15.327251410968152,2.82803609508322,7.009948628181082,7.510645328880548,0.014106761174552182
2025-03-17 11:00:00,15.294129939056322,2.4759054986337716,7.115320165957449,7.38930925556172,0.028002019984128747
2025-03-17 12:00:00,15.495966254807561,2.7933573017466764,7.23413485213819,7.528955742267095,0.03378795959180061
2025-03-17 13:00:00,15.176826430109562,2.744537391891688,6.9158181777141285,7.49625304651915,0.02976986680920949
2025-03-17 14:00:00,16.529195937362914,2.7265925445531667,6.54002324996981,7.359890557829829,0.02483366912624015
2025-03-17 15:00:00,16.38363302403971,2.54029037800378,6.531216567731992,7.463783410655499,0.020864960340816467
2025-03-17 16:00:00,15.889516096393896,2.6286660166950084,7.032650125307646,7.584974496593722,0.02931379518957417
2025-03-17 17:00:00,15.220276518478812,2.3278196780350164,7.459676578615436,7.215875775731271,0.021774844564572685
2025-03-17 18:00:00,14.804093668530232,2.3389052291170787,7.175967672835914,7.379016722418896,0.033581276708922664
2025-03-17 19:00:00,15.566401612630084,2.2049134484878583,6.974190381008408,7.446556637896372,0.03416548460171791
2025-03-17 20:00:00,16.00868879748343,2.123846368138744,6.892359283038055,7.640814670576474,0.016080887639160032
2025-03-17 21:00:00,16.143334688238518,2.630320901412305,,7.378408528604208,0.027393443860673838
2025-03-17 22:00:00,14.655234594742039,2.5022178870424274,6.881645990286619,7.399295729887547,0.012868254768393176
2025-03-17 23:00:00,15.520173583471598,2.33248067522626,7.163862272860767,7.465664065347356,0.04350372409039783
2025-03-18 00:00:00,16.28009304441236,2.6304045152028586,7.391988972869117,7.38865070628655,0.031060804368267927
2025-03-18 01:00:00,14.46637970644833,2.537374688987143,7.570500742988142,7.304399675522858,0.019380954365236003
2025-03-18 02:00:00,14.724661582910938,2.401117031331721,7.433727897739866,7.277931252602922,0.019368284359851686
2025-03-18 03:00:00,14.811804059441751,2.7401419710480344,7.305185395602776,7.282441837857655,0.03184148762410904
2025-03-18 04:00:00,16.24163832481025,2.808199468252295,6.896525578418337,7.498038975950037,0.02159731425609028
2025-03-18 05:00:00,15.391483962697821,2.675039821336243,7.083059182415863,7.500400553757735,0.03444553525737979
2025-03-18 06:00:00,15.343720232732533,2.6416919902013216,6.961481349505832,7.529819742008934,0.02203306077867736
2025-03-18 07:00:00,14.50549192884587,2.2507876410364616,7.222900129850039,7.194593774560897,0.030665880312923135
2025-03-18 08:00:00,14.036710701107083,2.674606087765403,7.469989572153314,7.352325737200714,0.023174749776935375
2025-03-18 09:00:00,15.0979064869176,2.325579926668623,7.329752501695134,7.400707314251051,0.04102528864599416
2025-03-18 10:00:00,16.151499108698115,2.3073497553726487,6.902146045530605,7.415172133603451,0.01679528828673866
2025-03-18 11:00:00,15.660025279075304,2.481830609250508,7.532396322316367,7.204143279232202,0.022804175351861147
2025-03-18 12:00:00,15.323023340776055,2.7432441920155344,7.077163693201923,7.335841030504089,0.03268612123366473
2025-03-18 13:00:00,14.70123199897326,2.6170839661476752,7.2303904823781995,7.498246041218758,0.027307910534239522
2025-03-18 14:00:00,15.304602338900661,2.4384526566991807,6.866572912999924,7.286777368061861,0.03931082534320085
2025-03-18 15:00:00,14.937955324869824,2.5968504331318942,7.036467563717132,7.575984347567668,
2025-03-18 16:00:00,15.077865856191261,2.4660613135457794,7.124857394040427,7.596707290732702,0.04109817276493457
2025-03-18 17:00:00,14.432920525804853,2.749283140078953,7.70815698941672,7.391157738468285,0.03661820646212025
2025-03-18 18:00:00,14.785855459263425,2.600226745044019,7.374052276456993,7.502686034991623,0.027866254923007993
2025-03-18 19:00:00,15.267565746718752,2.5386427535133653,6.810852124067681,7.351443098296726,0.03763983296020212
2025-03-18 20:00:00,13.97694924191134,2.3418709828209106,7.143831238272681,7.314737671312269,0.04731978481167341
2025-03-18 21:00:00,14.492821289368857,2.4423131633859563,7.43218789733654,7.463435532561734,0.030798638184944577
2025-03-18 22:00:00,14.89873142091015,2.50368469269289,7.529400444928049,7.554382977819222,0.02428468045329631
2025-03-18 23:00:00,14.339112300513278,2.276778124710457,7.302040835785049,7.36285591749786,0.01963709454895963
2025-03-19 00:00:00,15.016707880753113,2.170890825899413,7.419285348049956,7.345591695213291,0.026466524335092556
2025-03-19 01:00:00,14.115141674625164,2.61974909350562,7.268729876262557,7.2709222253040515,0.0322760816414462
2025-03-19 02:00:00,14.33590514794899,2.466379675430369,7.535383033650273,7.314763222183701,0.03832344615020369
2025-03-19 03:00:00,15.417885501684568,2.77972261987849,6.995437420644374,7.622838849955428,0.029321594045944834
2025-03-19 04:00:00,15.1175030109208,2.348019964649463,7.125286315539975,7.395647471316157,0.04055633522839405
2025-03-19 05:00:00,15.053955681205123,2.3731091267942412,7.673971653181047,7.322228109234787,0.05328796030354781
2025-03-19 06:00:00,14.263169877914573,2.3856627820050327,7.2951668581802105,7.308995061727631,0.03680189230815597
2025-03-19 07:00:00,15.233865125375779,2.615620284720347,7.067510399592699,7.344945760682295,0.040052331353727134
2025-03-19 08:00:00,15.633129589361612,2.531303274180526,6.9707132047875335,7.156659854328957,0.0388168707255067
2025-03-19 09:00:00,14.446982284111233,2.4343064662108613,7.716037946692302,7.311128953692998,0.04130398782851841
2025-03-19 10:00:00,15.130850169981604,2.1602118528640695,7.101018022448151,7.401493561290292,0.03316187275650168
2025-03-19 11:00:00,14.79600116635634,2.303197774157931,7.932261490282798,7.4184576580817705,0.03586430906524684
2025-03-19 12:00:00,14.230679913964611,2.1652943206714417,7.056778271686775,7.448166659461552,0.038663382012454464
2025-03-19 13:00:00,14.99806708672579,2.7257993156171034,7.501954552568183,7.363207464056356,0.03962036861006561
2025-03-19 14:00:00,14.031595030857378,2.3099776090967397,7.528489008047339,7.383736791457081,0.05130868078957447
2025-03-19 15:00:00,14.521246220574833,2.3145374316465195,6.836032796272757,7.435651140608996,0.04040779165276165
2025-03-19 16:00:00,15.111367933571946,2.5049264258485806,7.141627180565227,7.542448812807959,0.04122701802912499
2025-03-19 17:00:00,14.587927472681724,2.7294718292432596,7.160260714481793,7.374940729258132,0.024808325249520327
2025-03-19 18:00:00,14.23268350154643,2.298389730143522,7.32823973570559,7.192993954554094,0.04420967491396529
2025-03-19 19:00:00,13.75869352712735,2.355366529326415,8.002422835851315,7.300090122050476,0.041328147795593274
2025-03-19 20:00:00,13.778979895738816,2.5881230605375625,7.532866277293403,7.49573951774831,0.0314883653648348
2025-03-19 21:00:00,14.545178726685801,2.6367096233988585,,7.1695727717961475,0.04045972891641324
2025-03-19 22:00:00,14.402993550744899,2.7535991644893016,7.640555803612064,7.409239725144373,0.040632986855840866
2025-03-19 23:00:00,13.881078242171258,2.4102398421707867,7.702607813408253,7.381652074397545,0.04822646654807764
2025-03-20 00:00:00,13.593819955682877,2.608005052114125,7.75845349458318,7.3789297896488755,0.05939831826535764
2025-03-20 01:00:00,14.27528658574508,2.4169532291550015,7.326785013388209,7.313541194871668,0.05816945159144538
2025-03-20 02:00:00,14.887371301510264,2.5540636175162756,7.219692663947268,7.417159152755325,0.0422072830597376
2025-03-20 03:00:00,14.955362732758916,2.5096454636447607,7.254310834902006,7.538317000005122,0.056349978051640943
2025-03-20 04:00:00,13.610022014616103,2.3596879940779516,,7.459504150191926,0.037629531427447425
2025-03-20 05:00:00,13.159981025114957,2.2424088696709688,8.024296512760083,7.383560246919173,
2025-03-20 06:00:00,14.536498135896114,2.5788356141493627,7.35405344122653,7.5048178855532575,0.042234092152022465
2025-03-20 07:00:00,14.198616246376409,2.452874695997357,7.513503826412752,7.521604034463773,0.0538061720210838
2025-03-20 08:00:00,14.542214048763551,2.4872955383126847,7.619043537152317,7.5780115657956,0.03813930725565292
2025-03-20 09:00:00,14.36380537408944,2.3252128169973547,7.249355014065994,7.285728904132789,0.0591416968432904
2025-03-20 10:00:00,14.482882104933747,2.8310997892399463,7.573763221225925,7.543645490580256,0.036431686879532924
2025-03-20 11:00:00,13.753405856182866,2.4448343876777634,7.709443676673664,7.383268453499127,0.06081394830927908
2025-03-20 12:00:00,14.197492946169605,2.223608007987678,7.272898818732862,7.440457132050633,0.038605689594397155
2025-03-20 13:00:00,13.483723717120219,2.707141801791145,7.3633926912061485,7.2254876162977,0.040879903217465194
2025-03-20 14:00:00,14.022675656155128,2.303968866778312,7.055392886017194,7.299015034389789,0.03591649813964856
2025-03-20 15:00:00,13.088082786553587,2.6242440589536664,7.762409622759392,7.437986591557235,0.04028838544994189
2025-03-20 16:00:00,13.285226800382635,2.68962755871532,7.5509885103639585,7.523960341522503,0.050008910284618485
2025-03-20 17:00:00,14.257812000934125,2.4866609097739283,7.210008704688522,7.422390578320764,0.047625870193133586
2025-03-20 18:00:00,13.754134970659425,2.5957300147052402,7.690335292503951,7.464631572710499,0.04726250114092897
2025-03-20 19:00:00,13.057051133776433,2.5609554543879596,8.071856363474877,7.297814933472783,0.040283464170106593
2025-03-20 20:00:00,12.936439633788089,2.378378738602488,8.043649999785973,7.4365425842643145,0.04868363403479245
2025-03-20 21:00:00,13.719375211032037,2.412600737012756,7.789045996754216,7.548435653939294,0.04748995769551823
2025-03-20 22:00:00,14.844972566138807,2.6006592293802906,7.35596425274387,7.399813127037046,0.053986705444134364
2025-03-20 23:00:00,13.874368481285066,2.3429811207147417,7.336103602574747,7.426853554420914,0.04612961879394007
2025-03-21 00:00:00,13.541343239118914,2.4710548212224954,7.68221399317244,7.47910705936019,0.054664362002657875
2025-03-21 01:00:00,14.411293802072796,2.4104297330000373,7.142467066896219,7.4642886448652295,0.04529195689492371
2025-03-21 02:00:00,14.133154422519953,2.851328256498065,7.3241396356669215,7.327407618739615,0.0441288299624176
2025-03-21 03:00:00,13.15739116433882,2.784504343065208,7.57426016886314,7.412393976813128,0.04683298636252811
2025-03-21 04:00:00,13.958048533668833,2.8026607513492503,7.7029431732202704,7.496522602752404,0.0503219983563412
2025-03-21 05:00:00,14.188522971942191,2.4502166877823446,7.370720364461794,7.439169085858647,0.03942084211108432
2025-03-21 06:00:00,13.061905277348073,2.5770004827761053,7.804979922230262,7.524408878907588,0.041627725602260045
2025-03-21 07:00:00,14.437082691630769,2.382709858026652,7.277195900322173,7.319749539822893,0.059340412310485584
2025-03-21 08:00:00,13.16161487954878,2.47080393913166,7.735945569877252,7.452330802751318,0.048806229374595805
2025-03-21 09:00:00,14.22679934192075,2.5823337185548114,7.0198015897520625,7.421628248251033,0.04254752243447683
2025-03-21 10:00:00,14.100821984538708,2.429930197682018,7.874987133851479,7.336033822621689,0.04334458833619913
2025-03-21 11:00:00,13.842366394630739,2.612287774713178,,7.3674092839841485,0.033915215643025895
2025-03-21 12:00:00,13.171115223619934,2.792971505476732,7.18656638619284,7.286336463562227,0.04074305896760298
2025-03-21 13:00:00,14.416495921404168,2.351405847417535,7.319130367154511,7.42752089303311,0.04385177331225695
2025-03-21 14:00:00,13.300875940165385,2.6963203238568125,8.109470614317699,7.55551340456611,0.045664417361291655
2025-03-21 15:00:00,13.845341599750737,2.4428955040160445,7.1270175864758984,7.43151309025456,0.04922015740359767
2025-03-21 16:00:00,13.019734051945388,2.621023124114238,7.609644419077182,7.221269766690621,0.05138226319824378
2025-03-21 17:00:00,13.036868125122146,2.2429654873172424,7.979044174709043,7.468433939318657,0.03938721553819664
2025-03-21 18:00:00,13.174772845772546,2.4638277952867726,7.941934180352892,7.377867667829005,0.042993300908032675
2025-03-21 19:00:00,13.87163328380977,2.405011970454928,7.188921566175948,7.591401285076001,0.03700570661384443
2025-03-21 20:00:00,13.04564726471098,2.0530149998870595,8.336314667345073,7.2778612011907,0.036796307126483255
2025-03-21 21:00:00,13.598106433292834,2.4816247771267634,7.5268922361024195,7.436113056583256,0.046359695239686055
2025-03-21 22:00:00,13.458195034794253,2.2107581036256723,8.028191173749597,7.356117460837665,0.047473362647751094
2025-03-21 23:00:00,12.97504620181856,2.356594966189133,7.782051427075403,7.184995262372654,0.03476418657741186
2025-03-22 00:00:00,13.4039967015308,2.573425936828148,7.649990324242675,7.4492641108219075,0.03306353945371893
2025-03-22 01:00:00,13.097651529129589,2.405835186290018,7.0798988576492805,7.557982288248224,0.044326050622505594
2025-03-22 02:00:00,13.949817173845874,2.5018818538125043,7.3513463845795375,7.4675763702833855,0.030594565701974545
2025-03-22 03:00:00,12.75505266998399,2.593940042376886,8.23830664439492,7.52281624054156,0.0559686592756819
2025-03-22 04:00:00,13.480438088442469,2.592386395885803,7.7149006583942645,7.393730854328869,0.03769867012267126
2025-03-22 05:00:00,13.843246613689749,2.4118779738361456,7.488780290066233,7.506125836420917,0.025282513209436475
2025-03-22 06:00:00,13.090229019214075,2.1459565724242338,7.71280754414378,7.2951255534598305,0.04031958779333963
2025-03-22 07:00:00,13.90043676578479,2.7562954931417973,7.9706475789761,7.343643627199929,0.02550810828402577
2025-03-22 08:00:00,13.436523787681924,2.5131446951522545,7.778040507333755,7.289083230800002,0.03402677915373884
2025-03-22 09:00:00,13.60998938722903,2.5391329766989617,7.115519907946754,7.382069150676557,0.0346049827035523
2025-03-22 10:00:00,13.216305211286162,2.2287284522403983,7.464702962915679,7.382876896104675,0.048374388960823606
2025-03-22 11:00:00,13.673503885575759,2.403762115902152,7.280634042519452,7.218419377122976,0.029181894997758674
2025-03-22 12:00:00,13.183341539944816,2.238480668583962,7.505795795969928,7.28942144069883,0.03879881845103841
2025-03-22 13:00:00,13.60108609486897,2.4000295485447727,7.480585772504892,7.3935718239330965,0.02422085533573763
2025-03-22 14:00:00,13.58462586682391,2.601689674077026,7.361613081151279,7.338562875925206,0.046983753504117945
2025-03-22 15:00:00,13.832373097015632,2.170089264520189,7.887857123628814,7.591796771979974,0.03185833841375896
2025-03-22 16:00:00,13.918048335925189,2.6145730794788906,7.483261268056158,7.107359410387437,0.04020767740803952
2025-03-22 17:00:00,12.442962860011507,2.26815878449482,8.13079803059061,7.337957665928617,0.020064612320222254
2025-03-22 18:00:00,13.55833026630848,2.0107066603542654,7.532566476260667,7.37498677930355,0.03027278721401919
2025-03-22 19:00:00,12.405236444433303,2.3643888739450443,8.237900246335535,7.310338848110799,0.020087718420838556
2025-03-22 20:00:00,12.88977948692353,2.3226812137131625,7.852258676622129,7.366269129023644,0.02852129660442153
2025-03-22 21:00:00,13.524116785619483,2.681767963584306,7.644787682955167,7.46163785431484,0.015584247019374027
2025-03-22 22:00:00,12.750821056694164,2.3160488490661457,7.9733081890621085,7.558820538120943,0.03834216660751396
2025-03-22 23:00:00,13.388252484904887,2.568570366080117,7.587055880003158,7.472220132811489,0.03068632449736331
2025-03-23 00:00:00,13.012472799873558,2.621107843476012,7.891247729932834,7.32299055008385,0.034104698929022535
2025-03-23 01:00:00,14.134316854501382,2.5847757676225585,7.33446717155154,7.626869955882356,0.03078341936412772
2025-03-23 02:00:00,13.311439504113135,2.3497726771876986,7.931995973487778,7.3513554849626885,0.030355223119455713
2025-03-23 03:00:00,12.787219953752013,2.9420117328050632,7.860462525266641,7.516592912420645,0.03279079929703239
2025-03-23 04:00:00,13.09384717952713,2.3373067437226154,7.568848360012099,7.49831561936693,0.019761286016382964
2025-03-23 05:00:00,12.254677248238142,2.5804883709438924,7.9587250639235005,7.343755348120385,0.01838631473360098
2025-03-23 06:00:00,13.497021144316093,2.4895465040680755,7.484728290550909,7.285782338976422,0.03713527081501868
2025-03-23 07:00:00,13.149379016927426,2.5158193549574484,7.703639611893857,7.471011077403367,0.01533282799877528
2025-03-23 08:00:00,13.207861172128682,2.1136239130469656,7.492370821616536,7.417646396318975,0.02082827542406447
2025-03-23 09:00:00,13.723631806785464,2.5522539713020334,7.721247974839412,7.410018791657662,0.01966562281657596
2025-03-23 10:00:00,14.383431221137052,2.6223361911676353,7.26455690856032,7.467059012707777,0.018987900635477558
2025-03-23 11:00:00,13.034058294405797,2.855562583694894,7.83557101576031,7.270827877769731,0.0384634455289685
2025-03-23 12:00:00,12.514323283051915,2.240768003894002,7.886176962702117,7.500282692985421,0.026318424099918036
2025-03-23 13:00:00,12.99489742876817,2.4211940443316164,,7.431344369322685,0.03134011057151984
2025-03-23 14:00:00,12.770002379261442,2.5172853933525756,7.529081837591423,7.27078283332097,0.02759739159263797
2025-03-23 15:00:00,13.132550247226925,2.5333728854189435,7.5093862263360425,7.413811239035105,0.024915513272165214
2025-03-23 16:00:00,12.57757516210103,2.8347902427387965,7.5257320180451055,7.287941028722388,0.02591224180873869
2025-03-23 17:00:00,13.102978900530664,2.5781727841863895,,7.150872504126046,0.01751730434880279
2025-03-23 18:00:00,12.854748465425931,2.468505345393942,7.783883565933874,7.326243201561697,0.0293146175272432
2025-03-23 19:00:00,13.621602860099594,2.532452944275508,7.351508935315373,7.547465955534723,0.03916445822765799
2025-03-23 20:00:00,12.67005207271724,2.3104287659489047,8.34567176381783,7.259904713222307,0.024022218421870998
2025-03-23 21:00:00,12.546312309820578,2.7107006334374777,8.150414515567897,7.481317056516251,0.010643532923381471
2025-03-23 22:00:00,12.608011747099017,2.5692085476055633,7.752074424042438,7.121479314300512,
2025-03-23 23:00:00,13.17142186390493,2.4877626704664504,7.562798808705618,7.42242638650876,0.012118794500501401
2025-03-24 00:00:00,12.5550938782385,2.710223153599916,7.573815243066294,7.3425178887411775,0.015135476183420983
2025-03-24 01:00:00,13.15470021632151,2.253639025401288,7.487546835543994,7.394941786905406,0.028187971942896187
2025-03-24 02:00:00,12.968367015268116,2.5304628782297707,7.587600457875863,7.354036098105845,0.016413287737934098
2025-03-24 03:00:00,13.149945207813426,2.6944048466367336,7.890741877309264,7.439731740311072,0.025559950521360397
2025-03-24 04:00:00,13.269840312287181,2.8029705697975764,7.141057074690439,7.440431668382524,0.024458408444228526
2025-03-24 05:00:00,13.246535660373581,2.539991501740256,7.314224297890401,7.494250146698818,0.02069701303403562
2025-03-24 06:00:00,12.84292820027329,2.3513677650682205,7.775945230680675,7.608427335271443,0.028229252088342014
2025-03-24 07:00:00,13.356631943005882,2.362347471140918,7.502035726389564,7.364808565173155,0.023392234640598853
2025-03-24 08:00:00,13.497963924096673,2.3473283146611474,7.245650029086904,7.462489463967568,0.024388920327477262
2025-03-24 09:00:00,13.102376965307855,2.4471833698721137,7.921652872825551,7.502782494480025,0.024838066399692143
2025-03-24 10:00:00,12.776963903518185,2.40673875840155,8.150424269549134,7.496474267177681,0.03319640057780184
2025-03-24 11:00:00,13.496243603345393,2.342861987284249,7.7967564811385435,7.5130823439788355,0.018347999663991636
2025-03-24 12:00:00,13.723657330189162,2.4732092614308674,7.482902859843801,7.397553593161847,0.02610801421399426
2025-03-24 13:00:00,13.758302799329778,2.5587224555846584,7.785771781885952,7.55802538429715,0.020852441449694812
2025-03-24 14:00:00,12.782571647544945,2.289022587144944,8.16947448796018,7.294418764614449,0.02844575591747546
2025-03-24 15:00:00,12.787443711518971,2.397750317612818,8.030188565807443,7.265797306968704,0.022705953100083123
2025-03-24 16:00:00,12.782772579432713,2.313005427963828,7.828537196215343,7.674353269376306,0.012879517286474533
2025-03-24 17:00:00,13.007072463114497,2.2354824349236644,7.960546182855949,7.274340092984645,0.04057892523140286
2025-03-24 18:00:00,13.311330365148184,2.3713521894396634,7.866315702033639,7.364070932279036,0.02302624604218416
2025-03-24 19:00:00,13.301206957021805,2.3493305184572195,7.185569487729899,7.375678458265204,0.026198483555082253
2025-03-24 20:00:00,12.555564849843988,2.4626080446251337,7.90226478580191,7.542642481282487,0.02952600481407192
2025-03-24 21:00:00,12.871555984841125,2.77513487891565,7.7233925092352775,7.374953306152744,0.03292283760553867
2025-03-24 22:00:00,13.910859222114405,2.510896043002318,7.4179067929142715,7.211365166985823,0.01996431838380104
2025-03-24 23:00:00,12.810381150287165,2.147964629370375,7.852200616967082,7.339152240985393,0.0189081085920186
2025-03-25 00:00:00,13.431494087057116,2.3409567276886327,7.829410125299706,7.405325091202337,0.04066332650395542
2025-03-25 01:00:00,13.227518278552177,2.6244873567063136,7.7412198471033635,7.469059449612795,0.017175636153165842
2025-03-25 02:00:00,13.426924411829685,2.52599550066421,8.117917984891058,7.2971434436391505,0.03392215793745025
2025-03-25 03:00:00,12.887501041457664,2.446360216649267,7.760220780364644,7.5233263268114765,0.025835896870234517
2025-03-25 04:00:00,13.657012846638516,2.5121065380553507,7.4712046554849945,7.3776589804329795,0.03582182031324664
2025-03-25 05:00:00,11.960961918259201,2.751512559412445,8.078869919690042,7.304338048026103,0.02403509328204297
2025-03-25 06:00:00,12.801027313842377,2.7134123292505583,7.95232197517305,7.5158842959451455,0.017518249359803922
2025-03-25 07:00:00,12.951555174250606,2.48742065904363,7.848477145510079,7.366110625199777,0.028210256099584594
2025-03-25 08:00:00,12.870840854100438,2.5735294462130924,7.781201751543863,7.573674764416438,0.023922793176113614
2025-03-25 09:00:00,12.83351154350078,2.3530830826945124,7.421196720571682,7.211303366726945,0.031418084160405146
2025-03-25 10:00:00,12.6136237027867,2.5640166644231512,8.419419887221602,7.261867632772454,0.021251241664772526
2025-03-25 11:00:00,13.819675252992273,2.9989660659835797,7.375937285857337,7.448009134418963,0.03276437865952952
2025-03-25 12:00:00,12.635142020043947,2.6507413441899397,7.953249466600244,7.441395949680915,0.033782170713548484
2025-03-25 13:00:00,13.383281811718213,2.101486486252716,7.6349079398175395,7.408683025496179,0.026311937981517416
2025-03-25 14:00:00,13.461790394622172,2.64458108275276,7.421772484049206,7.319638602932226,0.014183407425125902
2025-03-25 15:00:00,12.967561086173653,2.331540404917024,7.765182485244514,7.521384214593162,0.030286397258806014
2025-03-25 16:00:00,13.144759177541427,2.8456792953000662,7.629824665953363,7.241215153843623,0.017504200436819974
2025-03-25 17:00:00,12.786961833833482,2.6752909610561173,7.665448541127656,,0.03219503587270194
2025-03-25 18:00:00,13.368091456101006,2.468661035613409,7.738212601273258,7.650393285186774,0.025506218226143514
2025-03-25 19:00:00,13.523146667676198,2.5445521442236902,7.75508785238036,7.446001264222228,0.051074058460626466
2025-03-25 20:00:00,12.891940809913846,2.512747965094108,7.973705945524944,7.538541880517625,0.03895980049105236
2025-03-25 21:00:00,13.305530951721993,2.469158577932156,7.426518663298337,7.391414838293522,0.0418953279262134
2025-03-25 22:00:00,12.937024011098947,2.4985347298588896,7.64512589465347,7.593428312039818,0.028660104952695727
2025-03-25 23:00:00,13.41745873422774,2.692997730537238,7.3822931106796705,7.49213167700325,0.03201145974441588
2025-03-26 00:00:00,12.92162911964712,2.4595687101185764,7.9186102221668575,7.025468060324456,0.0292003210611838
2025-03-26 01:00:00,14.335552567891789,2.3927251407594112,8.023274986911131,7.46026234674863,0.023735680139260265
2025-03-26 02:00:00,13.066602201329626,2.8061481816910225,7.909313690259271,7.39250521344741,0.03628405282901144
2025-03-26 03:00:00,13.388315608174503,2.5838727562569104,8.060994760719788,7.563767296738864,0.025871977969579123
2025-03-26 04:00:00,12.933440031787812,2.4083446978355276,8.244931085839053,7.319442495663784,0.044594427652486675
2025-03-26 05:00:00,13.256637398945564,2.295201307712229,7.768889572292955,7.51380336280065,0.047646714660005335
2025-03-26 06:00:00,13.38686805387382,2.6428742287778837,7.308627426677532,7.525823993187009,0.0397076905742851
2025-03-26 07:00:00,14.921697161687542,2.423291034248278,7.242375672194652,7.27286941089836,0.044894187158085117
2025-03-26 08:00:00,12.965300029306821,2.8563894072959957,7.649252113905289,7.231782558706855,0.04267090136311556
2025-03-26 09:00:00,13.064930452975306,2.3362412757423314,7.64341753396617,7.474530231845647,0.06274128313195527
2025-03-26 10:00:00,14.05387436474128,2.5758382335457513,7.247481583350721,7.4537396159425695,0.04375043686590306
2025-03-26 11:00:00,13.510256314824352,2.4170551793531483,7.264115770926135,,0.04162384119610388
2025-03-26 12:00:00,12.751001508284615,2.3845993490872597,8.159043921627738,7.390260026889924,0.05074407326047965
2025-03-26 13:00:00,13.58648829975091,2.6559806596035584,7.266603791771025,,0.03413971429576413
2025-03-26 14:00:00,13.482193552368635,2.759572678603014,7.50056798050173,7.482773909600389,0.04101146585534055
2025-03-26 15:00:00,13.340878575677035,2.5449891919121157,7.8195611690197815,7.512527151826107,0.04161628366305041
2025-03-26 16:00:00,13.683774999796869,2.401033687496339,7.6744387033180335,7.664441270117476,0.04998320407555589
2025-03-26 17:00:00,13.367857515919116,2.7071115699769246,7.971153474885172,7.385022616116683,0.0375081394697075
2025-03-26 18:00:00,13.156847688182953,2.7678464963605465,7.573397059686551,7.292406743424638,0.02152772154707963
2025-03-26 19:00:00,12.44125604697834,2.632687196554646,8.011437107428375,7.309980351551985,0.04986659905210399
2025-03-26 20:00:00,12.724996137532393,2.4587764897309814,7.856280890082826,7.518845440842035,0.03362985407300075
2025-03-26 21:00:00,13.20612150266997,2.1626017666676165,7.945183259454237,7.334189234237813,0.047430491012520816
2025-03-26 22:00:00,13.697671218780641,2.6804161058987623,7.439083681583008,7.448062101107015,0.04524530645747515
2025-03-26 23:00:00,14.273735426011598,2.869496594715396,7.633955433301429,7.2256531900735395,0.046251587647662865
2025-03-27 00:00:00,13.18037233459294,2.428909886187757,7.539321012267808,7.187966961782578,0.053130526740892484
2025-03-27 01:00:00,13.643918538017079,2.7746867999697473,7.636005923355011,7.3961044704150005,0.05553603110058138
2025-03-27 02:00:00,13.640472819910897,2.4527813957099656,7.804145949787272,7.484136755172342,0.0581106205331409
2025-03-27 03:00:00,13.7740613909648,2.3219168627512206,7.3911436593211235,7.336763142894151,0.047826500371251246
2025-03-27 04:00:00,13.863079190466989,2.489954007981538,7.598865018189932,7.271998863380971,0.0314609241539001
2025-03-27 05:00:00,12.338129579184704,2.5486696773428736,7.8361586181332745,7.529746797734604,0.05645462651958889
2025-03-27 06:00:00,12.921265973439098,2.331771327335025,7.729671481821556,7.410682124550364,0.05055674448521922
2025-03-27 07:00:00,13.170274163608251,2.09540171814929,7.678289223709644,7.417805150730767,0.03903203148047958
2025-03-27 08:00:00,13.406322206086182,2.488993755708332,7.82027508212214,7.676407635587298,0.04880953996814895
2025-03-27 09:00:00,12.9970881955659,2.7660950454318427,7.822349211551525,7.560557176579462,0.03236018851388354
2025-03-27 10:00:00,13.471745632695251,2.468715986559961,7.824603050455667,7.534973021872819,0.050684720083475625
2025-03-27 11:00:00,13.790996846219667,2.4383289261855126,7.6022360976104375,7.557182952484268,0.05329531895617397
2025-03-27 12:00:00,14.217158033433247,2.67756259025462,7.288614484707904,7.326497734632283,0.06126962788484535
2025-03-27 13:00:00,14.030597860813035,2.467981817377137,7.2347800860168885,7.483886124446704,0.0541459071398011
2025-03-27 14:00:00,13.835848903829433,2.580202739401105,7.837614564747941,7.537125595550181,0.058807248690361705
2025-03-27 15:00:00,13.5831496634781,2.769675454813063,7.758995326787173,7.468226725387671,0.0403814183164211
2025-03-27 16:00:00,13.44240597002446,2.638340346463731,7.351648990676888,7.387025244693147,0.052348897596504455
2025-03-27 17:00:00,13.74836352148,2.538841110426231,7.274955848611857,7.285999672220446,0.05151341881447776
2025-03-27 18:00:00,13.4559040719023,2.118463502384916,7.637638238722157,7.264124328803,0.05958995169036022
2025-03-27 19:00:00,14.213173239541701,2.392901261865581,7.343661426617977,7.320780224487703,0.04260982526851369
2025-03-27 20:00:00,14.081439561783327,2.6511336230598523,7.525821899163927,7.347612244942775,0.03499712237808719
2025-03-27 21:00:00,12.998796141293635,2.455680624913484,8.066205391430637,7.486844138265423,0.054649678533913705
2025-03-27 22:00:00,14.087501640451096,2.5531754995270273,7.750250182891045,7.280214578895672,0.04962845115949457
2025-03-27 23:00:00,13.79001631627818,2.2749153388857515,7.86160253560982,7.395107010425287,0.03331173007808699
2025-03-28 00:00:00,13.596326128010789,2.534715239647814,7.454642514241363,7.294619799307254,0.04178189841272023
2025-03-28 01:00:00,13.485611950085948,2.2392433231006375,7.593546209648487,7.3028498144486536,0.04223992954174318
2025-03-28 02:00:00,13.555109185610181,2.653366310431433,7.406357841690297,7.3504307779926314,0.03744993731804713
2025-03-28 03:00:00,13.643088981063372,2.56544022154547,7.419720341126408,7.22800683585206,0.04931801431002626
2025-03-28 04:00:00,13.860955045959306,2.7201735107506506,6.998030795249051,7.455839457257388,0.04865783751665298
2025-03-28 05:00:00,,2.7946610341306823,7.36358050609737,7.478387946003175,0.034803872299928366
2025-03-28 06:00:00,13.902128728201347,2.3263821416105017,7.474702234160372,7.299396145883342,0.050601908607923116
2025-03-28 07:00:00,14.176363609352244,2.40871869731444,7.441522149727246,7.518643365923704,0.039281500705755285
2025-03-28 08:00:00,13.883321061050585,2.2382589960586916,7.220998941507679,7.227484961006893,0.04429705498289861
2025-03-28 09:00:00,14.269774033024307,2.2962822879480673,7.427481254964855,7.419240026480377,
2025-03-28 10:00:00,14.855193996354986,2.501568895570909,7.399894357054296,7.49754511700282,0.03578972082803239
2025-03-28 11:00:00,13.124872767955905,2.42437365851857,7.899647251564882,7.097538104255513,0.04670844304201351
2025-03-28 12:00:00,14.005588773398806,2.4374470071672403,7.535656311363064,7.252637214678916,0.051008598891447175
2025-03-28 13:00:00,13.228658678094762,2.2792852035457076,7.4601123538431615,7.375422851863472,0.05074441541546218
2025-03-28 14:00:00,14.287274021328063,2.4578888916705517,7.212848627735543,7.429207338268659,0.04723015423166939
2025-03-28 15:00:00,14.452667971317265,2.66732525110333,7.630053092943778,7.453407163634272,0.04607879284026171
2025-03-28 16:00:00,14.898602698449967,2.5282193158859694,,7.599985737386184,0.02741965840347263
2025-03-28 17:00:00,14.52326416622846,2.64883216306725,7.528102506505194,7.379505117143691,0.04411935399397471
2025-03-28 18:00:00,13.942261922835096,2.042879091157389,7.404470313257335,7.573216119958838,0.05182889489593549
2025-03-28 19:00:00,13.62286675212913,2.5912506515544473,7.327729113923977,7.294364553509502,0.04425626328328655
2025-03-28 20:00:00,14.889285887924034,2.5222217800087767,7.091588907029923,7.477014576471786,0.038351041649544546
2025-03-28 21:00:00,14.522371320290741,2.4577113868729077,7.157185657936684,7.463390574960927,0.021441139134542236
2025-03-28 22:00:00,13.988818224944152,2.355202506064907,7.823984493218827,7.426059585321484,0.02816333156148948
2025-03-28 23:00:00,13.823434321037444,2.571158301473802,7.662306192210773,7.335806668007921,0.042241873309227754
2025-03-29 00:00:00,13.940444568797732,2.3769802013568118,7.648825908321527,7.484024224575935,0.03469323613259419
2025-03-29 01:00:00,14.256484274152323,2.4403737919475588,7.345316509001577,7.369078084590725,0.04019987945108821
2025-03-29 02:00:00,13.818925556114266,2.4862553330156234,7.652602061989201,7.76034296373009,0.031296216930457595
2025-03-29 03:00:00,14.283490199849526,2.172187432517358,7.960158873757383,7.395818914068882,0.03969489659848942
2025-03-29 04:00:00,15.260829493949275,2.7922961980205074,7.195007135623965,7.487114415799239,0.04047504284580562
2025-03-29 05:00:00,13.609665017099998,2.3864904687135007,7.491153038118352,7.146293192531441,0.04676005140460222
2025-03-29 06:00:00,15.267965859525109,2.7423927400498407,7.19721144589948,7.369616780303919,0.03734798288656658
2025-03-29 07:00:00,15.056297463263451,2.452605940557608,7.115109540144243,7.422691995480991,0.025827430845861702
2025-03-29 08:00:00,14.552472121470334,2.5628140309802063,7.33855696285038,7.29886953426193,0.03574834335408903
2025-03-29 09:00:00,14.020877621282482,2.853241828474285,7.395603184784114,7.480934108390826,0.03694572607399752
2025-03-29 10:00:00,14.125012586779658,2.405004578525899,7.500031720387655,7.304110387608404,0.03904749923728298
2025-03-29 11:00:00,14.975672904054802,2.5678041224464168,7.548065336002509,7.413458187230066,0.028889404973706817
2025-03-29 12:00:00,15.072220477217392,2.701260491760416,7.027834570492004,7.523112791130382,0.0373379382462255
2025-03-29 13:00:00,14.769430269459873,2.7286814016649514,7.396657254382693,7.387668926577715,0.03345946293383454
2025-03-29 14:00:00,13.822064075936256,2.515577327014029,6.997009021899995,7.302924615518883,0.02904849792916105
2025-03-29 15:00:00,14.00643214964071,2.323439643119916,7.454690899091646,7.317423677636798,0.030741710050862233
2025-03-29 16:00:00,14.613896230058213,2.58053241510777,6.858330507132227,7.419281875164427,0.021683547812402983
2025-03-29 17:00:00,15.089715383541343,2.757394069390388,7.042760096154449,7.331940200984491,
2025-03-29 18:00:00,14.003631872821563,2.855754116077815,7.203372008741455,7.431898283076131,0.046151304449243244
2025-03-29 19:00:00,13.866022601066641,2.351334255223403,7.669482538400213,7.252883817384854,0.04135951445701348
2025-03-29 20:00:00,15.145684853387069,2.5571434617073443,7.029297155631231,7.437036206912379,0.021749431076309063
2025-03-29 21:00:00,14.48115016433917,2.472737622292176,7.331231767927218,7.357250002435329,0.04090506930550591
2025-03-29 22:00:00,14.567449066771928,2.160137967233684,7.363058781055896,7.290372911371224,0.05140782570279735
2025-03-29 23:00:00,15.352847122901196,2.3835987945621113,6.990552972558023,7.4029627634445845,0.04815620581022105
2025-03-30 00:00:00,14.642614368712895,2.7438624701018046,7.008008384900864,7.393880116250606,0.03323331217016569
2025-03-30 01:00:00,15.164459440778424,2.4936809295259197,7.124819695218039,7.514193386512943,0.03832650641192213
2025-03-30 02:00:00,15.278299815999906,2.372658016244338,7.757281307917295,7.490120008085606,0.043793841290085914
2025-03-30 03:00:00,15.012208586657152,2.342567687450665,7.290351895784527,7.327704283923808,0.023824171950234504
2025-03-30 04:00:00,15.441098519998835,2.542745168238644,6.8125971951251225,7.572102302495695,0.030612188078245558
2025-03-30 05:00:00,14.964760517000647,2.574920355784049,7.10931958754104,7.237595205368656,0.022486198089001378
2025-03-30 06:00:00,15.011486112733577,2.9823351132223914,7.454446351845377,7.442470535924503,0.03621291830807015
2025-03-30 07:00:00,15.40138906415934,2.5069087312473948,7.239990033482558,7.528287013221125,0.02666042197709455
2025-03-30 08:00:00,14.873186312259696,2.2376725077254465,7.166102108058194,7.283108821250952,0.02688844342823404
2025-03-30 09:00:00,14.72654910619529,2.419713624494221,7.245434709920583,7.326536725391597,0.025247549651707602
2025-03-30 10:00:00,14.480694301636134,2.7547221250982123,7.17557363735593,7.485663288316188,0.019564044564555842
2025-03-30 11:00:00,15.32073294251991,2.4784885661689238,7.0447400880639695,7.432209811547875,0.022939541559029525
2025-03-30 12:00:00,14.755158102006357,2.3701944601340568,7.3895600424290935,7.470893830055173,0.03163552617542615
2025-03-30 13:00:00,15.462417629383236,2.1924780385773643,6.954509346855304,7.376934125651764,0.025146462760463905
2025-03-30 14:00:00,15.450722571005993,2.4139908679571596,6.933634591061769,7.295622583506506,0.0299910511001049
2025-03-30 15:00:00,15.250309325776145,2.9565729046241653,6.899607889016159,7.482502568400722,0.03264393375870348
2025-03-30 16:00:00,14.910746782720349,2.624897107904518,7.035092175046526,7.549578172573555,0.024855107057387513
2025-03-30 17:00:00,14.623101914054871,2.458893252947002,7.578005123250862,7.487395147575491,0.032900819441286915
2025-03-30 18:00:00,15.387904339201413,2.515628483750706,6.994502397314726,7.431195405657089,0.02155540552374202
2025-03-30 19:00:00,15.253674875884103,2.5544797603548353,7.182978887897704,7.390398541564296,0.027954139178889795
2025-03-30 20:00:00,15.420375424440024,2.561119397442899,6.9120966822649645,7.391032441959635,0.01052393754647233
2025-03-30 21:00:00,14.820403873801986,2.8146664238792445,6.966156137999587,7.535391305922468,0.021395563453209247
2025-03-30 22:00:00,15.870063791583616,2.883385775624556,6.724621723537379,7.373531532402708,0.03308039944982043
2025-03-30 23:00:00,16.58335755465682,2.3958002039837534,6.768825704108762,7.468999466513664,0.028832602041920685
2025-03-31 00:00:00,15.061045755896956,2.5688564551672863,6.967946145179843,7.214271377098552,0.011820790582561832
2025-03-31 01:00:00,14.897354781289545,2.7555137756108885,7.363174657792804,7.444735067178372,0.02139267035440138
2025-03-31 02:00:00,15.654373492457688,2.4392391731300362,6.72985350498102,7.519964364709782,0.03402444899371574
2025-03-31 03:00:00,15.471304052557242,2.2552483305742372,7.04628380264376,7.5848279341567455,0.03328595501771319
2025-03-31 04:00:00,15.545373493198465,2.656893229101963,6.3471485600334825,7.558120012238875,0.0094228597726072
2025-03-31 05:00:00,15.235373680432142,2.6694827339137728,7.2427468797763686,7.307549274444728,0.025378007791737562
2025-03-31 06:00:00,15.26028131374575,2.740210015701794,7.6084777522774845,7.477761938027917,0.023740424482291026
2025-03-31 07:00:00,15.922574731375754,2.3184019403632767,7.079151174438944,7.545147900243291,0.0320876918046565
2025-03-31 08:00:00,15.837683527635283,2.22782711518924,6.932633935733902,7.299320760412158,0.011270028450296711
2025-03-31 09:00:00,16.229507372826994,2.2381294267829097,6.635402672109178,7.4965924285819465,0.020749183658411736
2025-03-31 10:00:00,15.870314455846803,2.8149169984535076,7.2149071079161935,7.57840497332137,0.015722499892532125
2025-03-31 11:00:00,15.574325318725085,2.5487423798228703,6.998030236033131,7.590334508285398,0.045033205138972195
2025-03-31 12:00:00,15.595301061001798,2.4116650669983297,6.972426605434654,7.292299776573647,0.028755431469643124
2025-03-31 13:00:00,15.878759757113345,2.537790343720678,6.920256235103481,7.4335994651721435,0.03003194476526744
2025-03-31 14:00:00,15.81396630011772,2.2513582761441846,7.092866695525246,7.556014025110353,0.042487371304333485
2025-03-31 15:00:00,15.618670968347589,2.302980442777345,7.151720366385766,7.3229124287213025,
2025-03-31 16:00:00,14.977708419837747,2.517908542127607,7.382526121695978,7.250323238895983,0.020577241196865714
2025-03-31 17:00:00,14.750066835933012,2.239498191681286,7.094879398470839,7.250123172294098,0.01818023258327098
2025-03-31 18:00:00,15.389646138048816,2.7058460429741475,7.083579447990511,7.3865907835053966,0.02068233137680812
2025-03-31 19:00:00,16.239739255364295,2.7419333309786396,7.158503758711211,7.3659881134525165,0.02970217882751337
2025-03-31 20:00:00,15.915015550978078,2.6047554091807554,6.774635272956298,7.432276031352907,0.029810274326376014
2025-03-31 21:00:00,15.347306980536098,2.4264616876667917,7.006594208648486,7.36298684269632,0.02316699370511166
2025-03-31 22:00:00,15.92989506316217,2.3550265273876243,6.455811899994114,7.3818481796834625,0.017805230996733295
2025-03-31 23:00:00,15.893684880404397,2.726869789180254,7.456074320020617,7.445381405734953,0.024149437780887607
2025-04-01 00:00:00,16.081011889942495,2.1115808204956306,6.672661263391117,7.3749345709371426,0.021374899609393594
2025-04-01 01:00:00,16.973708517313284,2.894279371162914,6.768164119943306,7.265821718955793,0.022245059960972292
2025-04-01 02:00:00,15.152667717389711,2.56748801957521,7.345471612583476,7.374217962999199,0.029272040340309162
2025-04-01 03:00:00,16.977546061951937,2.439703174986722,6.486930932663557,7.3728556510164935,0.006520790298487806
2025-04-01 04:00:00,17.12071721841635,2.4837360862688183,6.674379551439264,7.334399291166207,0.013355472536738043
2025-04-01 05:00:00,16.32120243503864,2.670929935966726,7.102725738054849,7.301982582360651,0.02035977838089785
2025-04-01 06:00:00,16.125494246031046,2.2172267079920247,7.013556849432795,7.247636266066117,0.021674493589126858
2025-04-01 07:00:00,16.820870063883078,2.439747209644522,7.461964491239639,7.494722040719173,0.03228960007442822
2025-04-01 08:00:00,16.23545054310204,2.6378977018380394,6.843413713406986,7.329240728017103,0.011272801876166631
2025-04-01 09:00:00,16.552916669736767,2.4042647806162716,7.194872636585835,7.536236951940667,0.024725281742812088
2025-04-01 10:00:00,16.514585276673106,2.501980067756507,6.466920934558066,7.4791953975753565,0.026756440089951206
2025-04-01 11:00:00,16.72206921383992,2.564120845848693,6.771505663972277,7.4038265138374335,0.017496809108001707
2025-04-01 12:00:00,15.528578949363386,2.374038624570453,7.0603821923935595,7.4554349266975155,0.022769946615163378
2025-04-01 13:00:00,16.67192428276068,2.468340151882654,6.9130542480663815,7.630696259140836,0.02357368055625422
2025-04-01 14:00:00,17.379458450791002,2.400521573862426,6.507940088635788,7.487615959492353,0.027614190250040197
2025-04-01 15:00:00,16.977973064673005,2.641694161274576,6.60866824731385,7.400614926989215,0.04349212518318626
2025-04-01 16:00:00,15.787572348168814,2.743946059673112,7.09893726764622,7.5030510823478975,0.030801386155391908
2025-04-01 17:00:00,16.206384965763828,2.5341126263788465,6.708727226995267,7.245312900310744,0.03607198016389637
2025-04-01 18:00:00,15.437238224960765,2.360367305122332,6.930300427291479,7.53115028727216,0.027602161750311265
2025-04-01 19:00:00,15.991563668528665,2.644339729517028,6.91424180929824,7.208326582747975,0.036348755037873715
2025-04-01 20:00:00,17.34039709779835,2.4947801015710507,6.478461694743587,7.084882519636046,0.04503477984209942
2025-04-01 21:00:00,16.65194797841142,2.474793408655417,6.517067363062948,7.443869741885009,0.039456934931869865
2025-04-01 22:00:00,16.348483240744358,2.422892001895038,6.746876512164419,7.406169847136457,0.03503369441313717
2025-04-01 23:00:00,16.551425704152223,2.3171326394562852,6.817024345794591,7.457166205912013,0.03290699889271799
2025-04-02 00:00:00,16.884264765157805,2.4831579228000438,6.992741910188163,7.376436228893117,0.03348981383610044
2025-04-02 01:00:00,17.363874857088053,2.5581919325911158,6.901599857907205,7.546746662187236,0.03631308548152406
2025-04-02 02:00:00,17.05152095949849,2.547520406332409,6.687688624042511,7.504719676175563,0.042537092442770603
2025-04-02 03:00:00,17.31822761725374,2.795838725032728,6.596465417304014,7.317838577253358,0.04022174820309289
2025-04-02 04:00:00,16.507966149439078,2.304409995883543,6.746953828842844,7.310537267618932,0.03765086783204952
2025-04-02 05:00:00,16.566451900569643,2.228009743818779,6.600998517254472,7.194529773575957,0.031544115213632505
2025-04-02 06:00:00,16.979815650438248,2.8385344777515757,7.1509779846531325,7.516268536059285,0.04695751942355113
2025-04-02 07:00:00,16.316888245361984,2.5258968228207994,6.427947550048252,7.143121851078981,0.03846858779105174
2025-04-02 08:00:00,16.842366826813084,2.511148414599371,6.650027472630676,7.3691153360382,0.03509133777273255
2025-04-02 09:00:00,16.910857812245137,2.4693029170114222,6.998206339632261,7.299880138361103,0.04264375939354356
2025-04-02 10:00:00,17.036171682555956,2.5909469129191693,6.963897626705625,7.4704754350305915,0.02588769618676326
2025-04-02 11:00:00,16.590608651446633,2.5064373392653336,6.80957560350331,7.512798287327424,0.03367162985499489
2025-04-02 12:00:00,16.664589059900052,2.3599873268146903,6.709658995400547,,0.05145967197162718
2025-04-02 13:00:00,17.266262574589206,2.49472472266644,6.327732603486091,7.4311538430967685,0.027824237516384513
2025-04-02 14:00:00,18.06157780862985,2.388151149605328,6.926279184515772,7.34856190955564,0.04660804821575984
2025-04-02 15:00:00,17.50314432142664,2.4207309247561195,6.190807550299684,7.354277792283753,0.038831235009472616
2025-04-02 16:00:00,17.530471769555806,2.568406488663944,6.924592635327827,7.5361419859445,0.03966867169033697
2025-04-02 17:00:00,17.74553409642528,2.483408494456415,6.321640301805094,7.449980842785755,0.045744867394370205
2025-04-02 18:00:00,17.11649106006523,2.825829414712747,6.42821313855921,7.6246530862911825,0.04500725188917477
2025-04-02 19:00:00,16.594624501451197,2.5611141117988305,6.7164792424887505,7.331206821404786,0.030032434522576385
2025-04-02 20:00:00,17.066265482843644,2.4185275281396637,6.495426069233856,7.44519772491496,0.033981610035558746
2025-04-02 21:00:00,16.972483649305573,2.4854021995039766,6.881783975416521,7.272778819479113,0.03939607427463126
2025-04-02 22:00:00,17.027515672690726,2.2067087830770187,6.572604846837913,7.313402641622879,0.04956937608764576
2025-04-02 23:00:00,17.3076029037314,2.7585097822071414,5.98419350737055,7.32524392405502,0.027585045461579524
2025-04-03 00:00:00,17.538926864610062,2.340650325683521,6.539083300428591,7.424235101930652,0.05196011581422671
2025-04-03 01:00:00,17.71380942131827,2.401001622830735,6.744550304655067,7.287796067906542,0.045856260595588075
2025-04-03 02:00:00,17.805923412642468,2.137986743700666,6.668256385816351,7.4349020563846935,0.05391799052120216
2025-04-03 03:00:00,16.315622195547327,2.1719080608528967,7.361497794781271,7.174699576903111,0.04360235359226256
2025-04-03 04:00:00,16.87537398713052,2.573897791528457,6.745783825246321,7.324308856540781,0.04235754312811564
2025-04-03 05:00:00,17.382324609606492,2.42612146556251,6.717790928573262,7.415130641960017,0.04753554513335204
2025-04-03 06:00:00,16.42581286043382,2.4039551123763334,6.992659899072502,7.477654833787971,0.03853738976132662
2025-04-03 07:00:00,17.394155053861613,2.167323522357417,6.486120197142011,7.16776685988234,0.058384385010217296
2025-04-03 08:00:00,18.083931663540938,2.0531011824330623,6.37340536192428,7.350094390899256,0.05092315854897231
2025-04-03 09:00:00,17.305436625781958,2.3615428369171063,6.436867932949571,7.4467940943064495,0.06451099325515477
2025-04-03 10:00:00,17.639504716203078,2.6361867881433527,6.410633716822972,7.362075452954172,0.05366622374772773
2025-04-03 11:00:00,17.41345708247741,2.535412728729632,6.819663328328914,7.391400254476298,0.03791052637466367
2025-04-03 12:00:00,17.639997324065153,2.3819825234943317,6.3851136897799305,7.3881865840836,0.06464558389859835
2025-04-03 13:00:00,17.032686224834553,2.9545959418465086,6.312141212559561,7.339351895697611,0.04675680298463338
2025-04-03 14:00:00,17.320796034058507,2.722950127660198,6.346733163227649,7.681836159178672,0.04821492160564056
2025-04-03 15:00:00,16.765809335457664,2.5199086760789995,6.9663293066808105,7.4232245192664825,0.038692067546237816
2025-04-03 16:00:00,17.004422844736936,2.2641919970432847,6.87643820457825,7.188168959297902,0.051075924059961426
2025-04-03 17:00:00,18.463281321236945,2.4975072595312016,6.357924963363374,7.760384112503196,0.02824462555795094
2025-04-03 18:00:00,18.358273282010796,2.5367548838796963,6.123056008932863,7.404161724170913,0.05987860755604668
2025-04-03 19:00:00,17.29459905269891,2.5045461622018523,6.216995982128497,7.443354465822331,0.03669987238603806
2025-04-03 20:00:00,17.68522272690924,2.439176067115181,6.022862536784558,7.4421694019142395,0.04623362571170724
2025-04-03 21:00:00,18.04606091036678,2.565173328825821,6.507332779599941,7.317157999101485,0.04971977130167993
2025-04-03 22:00:00,18.790049553334523,2.391057171077481,6.1839820769274825,7.478717633550413,0.049947926358525956
2025-04-03 23:00:00,17.404855847505246,2.500685716327193,6.420857527212082,7.665409614020923,0.04154949685814169
2025-04-04 00:00:00,17.990566833396066,2.4318718391728584,6.778450541390472,7.591987844576953,0.045313412897470595
2025-04-04 01:00:00,17.123606750273428,2.5350277129326027,6.422572256092461,7.475374764950041,0.04871586576210706
2025-04-04 02:00:00,17.90601351177679,2.3157199337570993,6.772653805028529,,0.04789574575555868
2025-04-04 03:00:00,18.502870478357938,2.558584763672786,6.366982456609802,7.45856739138983,0.05408694655858782
2025-04-04 04:00:00,17.654102147257145,2.2583817817006984,6.204028990300715,7.239246773715931,0.042773395714550855
2025-04-04 05:00:00,17.973875655089522,2.0731269800586176,6.5298082285193635,7.616720674297185,0.03605643811574289
2025-04-04 06:00:00,17.99047723767454,2.3116815213856747,6.426876405130911,,0.0444112970678875
2025-04-04 07:00:00,18.520304712902334,2.311072201250652,6.278257660606318,7.397855920951871,0.04704385096702882
2025-04-04 08:00:00,18.00409862313935,2.7551363054870057,6.415669862762771,7.3654581910213155,0.05323374089784866
2025-04-04 09:00:00,17.7719276532883,2.391959571825546,6.3833727822287925,7.441426367010153,0.04147913761467628
2025-04-04 10:00:00,17.587095988018003,2.2412945609865638,6.738896958238507,7.3425389893096655,0.03803529446391601
2025-04-04 11:00:00,18.159805025768545,2.642173560126961,6.5431745592725274,7.297924499603862,0.03855643572792776
2025-04-04 12:00:00,18.054853581925258,2.2346411861980724,6.313489324276522,7.30821747770214,0.05321033437565849
2025-04-04 13:00:00,17.882143632254735,2.3998873800042926,6.5502508862552995,7.443365765332771,0.033739116533363034
2025-04-04 14:00:00,17.721739220361172,2.6000323802616725,6.471938340044744,7.430269086265441,0.039474260700594836
2025-04-04 15:00:00,17.924547458655134,2.503513491085122,6.0414000790368245,7.350343575831427,0.04893665105362333
2025-04-04 16:00:00,17.422690151302312,2.639081060688974,6.675248559893812,7.524728068417596,0.044441234700583226
2025-04-04 17:00:00,17.86800551647785,2.673294761876036,6.174717105313378,7.31561119704309,0.050688646197688834
2025-04-04 18:00:00,18.288852704033644,2.3838212812276507,6.6422821279126465,7.513170094488454,0.03481565034458074
2025-04-04 19:00:00,16.686817813050855,2.5573919802414284,6.679667986592969,7.536163117561854,0.04275795158108986
2025-04-04 20:00:00,17.6704608522774,2.052449315377418,6.276279423626171,7.564461704670505,0.04611366184738603
2025-04-04 21:00:00,18.429128465191013,2.4205867657046474,6.266980809419869,7.71065560069555,0.0360051558768237
2025-04-04 22:00:00,17.93016947271677,2.8303306915458277,6.546133609163804,7.4459373539794775,0.03852710054391588
2025-04-04 23:00:00,17.615275826970127,2.407364610230141,6.492737061600218,7.29647159662372,0.03787886665494954
2025-04-05 00:00:00,17.547523101563723,2.474673335469146,6.101791975861502,7.544276397977123,0.045742304896252646
2025-04-05 01:00:00,18.358980899355583,2.493720414399589,6.624248096113124,7.328183052846921,0.04552682545507435
2025-04-05 02:00:00,19.22154408826971,2.563913650865405,6.153366386409098,7.382707753019804,0.042154282925327996
2025-04-05 03:00:00,18.860751257443354,2.725783581224008,6.178059398537347,7.332775765274958,0.048886395623048286
2025-04-05 04:00:00,18.501634954040824,2.468257469613858,6.177301508126082,7.575776498886521,0.04263807109129269
2025-04-05 05:00:00,18.829007579877427,2.3519132718958065,6.116744090860636,7.531096942463312,0.03338483466839767
2025-04-05 06:00:00,18.84458833078107,2.5672854471488122,6.477504101139863,7.326335324432689,0.04084006117032701
2025-04-05 07:00:00,18.612549051268918,2.4928618313069957,6.180925384340502,7.328505554840948,0.043302361630526406
2025-04-05 08:00:00,17.556896836664322,2.4475702172187357,6.434105613631909,7.467651153780254,0.03535138360136623
2025-04-05 09:00:00,17.765538558374807,2.769628682324684,6.178589191638915,7.687536247606246,0.039189927074215716
2025-04-05 10:00:00,18.24585116636639,2.3923197923456776,6.221413540073622,7.350472905137301,0.04689238437535097
2025-04-05 11:00:00,18.561448260700594,2.4885665729691504,6.560401124806232,7.428379288169152,0.027166643680305143
2025-04-05 12:00:00,17.71451532679371,2.148230173649902,6.238779977002754,7.334801623651809,0.03467368860625962
2025-04-05 13:00:00,18.807903836341367,1.9939727960923346,5.805710219041194,7.226673488438975,0.021787345576611796
2025-04-05 14:00:00,18.543859056080958,2.6079766896437357,6.470253326342528,7.334631639390611,0.029403973187657924
2025-04-05 15:00:00,18.532924020326888,2.708923387301952,6.577750775607986,7.381950159180715,0.022175032890811457
2025-04-05 16:00:00,18.797357945361387,2.5423488559684517,5.690802806921498,7.619404495321326,0.039113693830629896
2025-04-05 17:00:00,17.930788622685604,2.27481247565242,6.499486338827386,7.585821819388173,0.030058730926018802
2025-04-05 18:00:00,19.12690895777217,2.610294687657078,5.9859771058704565,7.213791554273255,0.0285689951612608
2025-04-05 19:00:00,18.272883324927683,2.4752472819549416,6.5912605655755065,7.233624797641615,0.02789102625544895
2025-04-05 20:00:00,18.289296528721177,2.317902735430223,6.423105218310943,7.410359874051136,0.02997347974235787
2025-04-05 21:00:00,18.744559536688904,2.9557636213969465,5.895091747488123,7.431019783752852,0.0478230135697766
2025-04-05 22:00:00,19.15019730122992,2.223476277637179,6.281158033809533,7.560834533596752,0.03959635576083585
2025-04-05 23:00:00,18.326717308235047,2.607735692840668,5.882035295501056,7.195601085509446,0.030157493102797715
2025-04-06 00:00:00,19.121089953863073,2.8491254131702934,6.130387817530513,7.342549716636324,0.02855598776348623
2025-04-06 01:00:00,17.661969593461446,2.332785090156976,6.451368508393965,7.300086604660222,0.029308715455960734
2025-04-06 02:00:00,18.085341017059783,2.35943277577913,6.345389286961275,7.446754834008648,0.020338225726241
2025-04-06 03:00:00,18.117249993272342,2.5932948074445052,6.141854626600971,7.410719810806954,0.02776457705710168
2025-04-06 04:00:00,18.404726729424127,2.625198303655317,6.040735067062674,7.541693769794731,0.020289631629493057
2025-04-06 05:00:00,18.61344640195315,2.468942646621392,5.923179284402955,7.501743095035064,0.018457308502296432
2025-04-06 06:00:00,18.422629372577244,2.4691620474717033,6.20380383897283,7.33624131759823,0.025899551932207217
2025-04-06 07:00:00,18.289876138099544,2.534677389916839,6.159256815121972,7.368688733740095,0.029865258338941436
2025-04-06 08:00:00,19.081551782086233,2.9168995320003184,5.993642047552756,7.514458028067402,0.02571178616031862
2025-04-06 09:00:00,18.003546199226584,2.4323627866168067,6.1848578382494885,7.457817594533782,0.03226122749969542
2025-04-06 10:00:00,18.49725685057158,2.55094857494917,5.851570583516386,7.430383263298496,0.017112758561454375
2025-04-06 11:00:00,18.12262890056144,2.5684682030875976,6.362702329950839,7.3982579167563065,0.03164972069986592
2025-04-06 12:00:00,18.30449136157916,2.763645349861198,6.374813695771319,7.4042359518807634,0.03342528476287257
2025-04-06 13:00:00,18.505432683029703,2.350318320972494,6.3031246749921115,7.3951674533183605,0.03964482569469912
2025-04-06 14:00:00,19.232602991500812,2.18678556093985,6.664109502803522,7.386286616173939,0.017328665297486535
2025-04-06 15:00:00,18.49022423240498,2.3711578931677675,6.367759342501871,7.4376620432479745,0.028739809160347324
2025-04-06 16:00:00,19.409206320068144,2.698433793575407,6.011967031372902,7.440577791710619,0.01338215405120785
2025-04-06 17:00:00,19.55189138499096,2.4005443166795306,6.008338110336769,7.5277826087845865,0.02843813617064239
2025-04-06 18:00:00,19.521398996007438,2.365670015628574,5.936546240985021,7.383606733883099,0.02584570561472098
2025-04-06 19:00:00,18.651267422830255,2.297672771042707,6.473457364189169,7.4492780562157765,0.02117911674843
2025-04-06 20:00:00,18.024719323032894,2.607176393131377,6.205274468669463,7.526402191634162,0.03253438774988934
2025-04-06 21:00:00,19.371479889563922,2.3687726699306286,6.413796240905961,7.593426828888057,0.02802894159933569
2025-04-06 22:00:00,19.7497588637746,2.3603054495134725,5.777206253296985,7.3998793845816015,0.01032081622186944
2025-04-06 23:00:00,18.955027428815146,2.5733962445644942,,7.610008822467978,0.015426462104723754
2025-04-07 00:00:00,19.26333797644469,2.6518310520029513,6.559473438142028,7.574006567996515,0.021352491228710746
2025-04-07 01:00:00,18.89196507894904,2.1690907088321265,5.552280753912677,7.569789330695484,0.028897065942634293
2025-04-07 02:00:00,17.908057515655642,2.200646591750169,6.828273238877393,7.461005058858164,0.029962463242466326
2025-04-07 03:00:00,19.284719985115867,2.390252401345317,6.125338311816786,7.364816644099597,0.009986311275550405
2025-04-07 04:00:00,19.498474984284957,2.694077224483784,5.815786117924002,7.494194794475178,0.024225939837264853
2025-04-07 05:00:00,18.016356304582636,2.3941185737849966,6.358267623863008,7.427018132291387,0.02627009929662053
2025-04-07 06:00:00,18.88388603732265,2.368837238116022,6.343746892729107,7.402656126896256,0.029082358041499452
2025-04-07 07:00:00,18.69162856204563,2.7604069232280364,6.441618330303124,7.354291001756653,0.04025064886727307
2025-04-07 08:00:00,19.341003306876413,2.2690928838447144,6.425243026792311,7.447109727687087,0.0013225212323982397
2025-04-07 09:00:00,19.249338175693016,2.4765318265864926,5.440091760817967,7.329322932406051,0.021026930875115986
2025-04-07 10:00:00,19.046933701888353,2.4506061414728126,5.9299459096428615,7.41175598217982,0.02726763913670042
2025-04-07 11:00:00,17.828632693902872,2.7115500422912295,6.561262862475843,7.340863995219824,0.02686589430877722
2025-04-07 12:00:00,18.51765081110851,2.768563984735486,6.291607302204633,7.293585724804763,0.03220059688444478
2025-04-07 13:00:00,18.462866748523165,2.4041818184599006,6.301383589188718,7.485175403711143,0.03559213689015765
2025-04-07 14:00:00,18.700356985351657,2.411455684242858,6.060556770567344,7.411325491861227,0.024595588445733025
2025-04-07 15:00:00,20.101813429824237,2.48325688574553,6.045563897306735,7.3151282694352044,0.019385559637976505
2025-04-07 16:00:00,19.197742348432726,2.4327178226962967,6.3785545851050545,7.361999901474063,0.009759577130259434
2025-04-07 17:00:00,19.1992508606554,2.5470844981693905,6.099762486949835,7.343755918603523,0.02337787833802703
2025-04-07 18:00:00,,2.818064806095079,5.844470012920953,7.235849455562515,0.03153803795533411
2025-04-07 19:00:00,18.18525994609956,2.3298095753637975,6.553399729636106,7.306173440506653,0.03285279055073634
2025-04-07 20:00:00,19.235855383185967,2.5944732589721577,5.871151523010091,7.402908775595924,0.04745692759325565
2025-04-07 21:00:00,19.10973009212738,2.5466735705159707,6.5072973733795365,7.633920164352537,0.020353278574133146
2025-04-07 22:00:00,18.34774239347766,2.7284978849633967,5.91053259580816,7.42411925444392,0.02334118918065745
2025-04-07 23:00:00,19.168595912657146,2.599925235003833,5.795344107975277,7.727769875055692,0.02429397501866665
2025-04-08 00:00:00,18.463260722071155,2.503511910891232,6.463894265685045,7.196236602406939,0.015183933628571254
2025-04-08 01:00:00,19.34600158873605,2.6229753116569263,6.5564581625805545,7.281207340998065,0.03374603353682506
2025-04-08 02:00:00,19.13292104811168,2.4901499810637318,6.108195700755023,7.4268916724421326,0.03171745166996616
2025-04-08 03:00:00,18.638554302214942,2.7401826981619095,6.096054307251681,7.34699177326707,0.04704522889099891
2025-04-08 04:00:00,19.995114870518833,2.543563121934299,5.595378729855532,7.360361181596449,0.033217312326730135
2025-04-08 05:00:00,19.528283541284203,2.310718396343046,6.307605831048352,7.563627133093441,0.012539080472587526
2025-04-08 06:00:00,19.382171994120853,2.3661673679889113,5.980089784348386,7.534877483289856,0.034651987176954155
2025-04-08 07:00:00,18.561600969826163,2.692808882654194,6.4481088180305255,7.136206381681383,0.029689368419502753
2025-04-08 08:00:00,18.888772030553195,2.5040453453737577,6.160865395827997,7.3252022423110725,0.0413170623816083
2025-04-08 09:00:00,19.85785709149413,2.412754514286874,5.703607579493123,7.12472765881959,0.01857266747977342
2025-04-08 10:00:00,19.7457454730001,2.2583443760764506,5.7028992676607215,7.476592041977548,0.0425629633040975
2025-04-08 11:00:00,19.132625322163666,2.8647243024718847,6.099402113153574,7.4489982164468955,0.043687644838497526
2025-04-08 12:00:00,18.608422500599037,2.6306514201814353,6.195511121146652,7.268053413325972,0.024857906377924413
2025-04-08 13:00:00,18.73936295557571,2.637982410463697,6.374267568241744,7.338718927860999,0.033187356817281015
2025-04-08 14:00:00,18.501845659491018,2.385035632363298,5.9665387646591945,7.259127278656049,0.03668279971934129
2025-04-08 15:00:00,18.72959234913459,2.772618001407991,6.205111179922814,7.503743204190691,0.018712250435433703
2025-04-08 16:00:00,18.960236281220304,2.6981388058456783,6.102858444563754,7.4409587368000505,0.04081963762968376
2025-04-08 17:00:00,18.531142430834592,2.7542425736313416,6.551902850508879,7.35036462056685,0.03339420646945814
2025-04-08 18:00:00,17.88913399185696,2.5620775968076264,6.826581693815778,7.560827462666983,0.01265912049447835
2025-04-08 19:00:00,19.911295851671778,2.4244068886149814,5.728316092927235,7.409575223829605,0.037846891237799246
2025-04-08 20:00:00,18.900269544202676,2.449523197174441,6.636751669605068,7.426775585646032,0.03414768893386941
2025-04-08 21:00:00,20.146644665272138,2.7364698372072023,6.13624923126557,7.2519068132912015,0.022370829414005398
2025-04-08 22:00:00,18.497999796343564,2.3475192025951013,6.122802125960345,7.345503433368734,0.04586572314615463
2025-04-08 23:00:00,18.973271679469036,2.326169840640389,5.978258567262483,7.422891045770528,0.023665925554776826
2025-04-09 00:00:00,19.31357611172788,2.2651225825220935,6.144066261299453,7.317353161650931,0.03910059712047981
2025-04-09 01:00:00,19.144685664498365,2.379286071556995,5.9313120367369825,7.191862655661454,0.038162338374016724
2025-04-09 02:00:00,19.27733032286101,2.310009178315978,6.250126092568709,7.406560663455564,0.04202208052547719
2025-04-09 03:00:00,19.43481718000955,2.193169837113737,5.844893967947878,7.481749258721377,0.0376496323343574
2025-04-09 04:00:00,19.44769361724209,2.449203637192973,5.3605282756044925,7.321139374591083,0.03479402755164224
2025-04-09 05:00:00,18.5173873813955,2.1930915359636827,6.2005054447926655,7.3956739311385205,0.03767149298048559
2025-04-09 06:00:00,18.52773712392649,2.468108826033157,6.229497374179964,7.20670133742353,0.04149528323367364
2025-04-09 07:00:00,18.58058548547402,2.8515244226799217,6.276271936698938,7.317734819787725,0.040791911715704045
2025-04-09 08:00:00,18.429919932107634,2.422445686275596,6.296765337945767,7.593903021600349,0.037535285492236906
2025-04-09 09:00:00,19.82171281129655,2.304581311789994,6.725746393049647,7.419650706023523,0.0463877673903117
2025-04-09 10:00:00,19.483104079352923,2.591800461725007,6.110790236033147,7.292872127745802,0.04419659036121169
2025-04-09 11:00:00,19.12076239181104,2.6443094579757553,6.03937499691603,7.511278181661097,0.044173304603939506
2025-04-09 12:00:00,18.402495631292176,2.616343953678504,6.453604694219037,7.49567362059333,0.04688086836595477
2025-04-09 13:00:00,18.894820123285157,2.1284165268453714,5.603047079777269,7.5858726046818274,0.04625723677919616
2025-04-09 14:00:00,18.69122286819211,2.4288568699258133,6.17132457042397,7.413117218316386,0.020077887916326666
2025-04-09 15:00:00,19.672879854732688,2.383256689613109,5.997865696395318,7.334049463730818,0.052579545624650705
2025-04-09 16:00:00,18.026890299028096,2.356181333641346,6.389289326131297,7.312535342437135,0.042916299769722804
2025-04-09 17:00:00,18.994316684508497,2.371905943644156,5.413459335336317,7.491319548630791,0.034991849560440186
2025-04-09 18:00:00,19.70100300371473,,5.834285109751938,7.386179550391345,0.031705521930929875
2025-04-09 19:00:00,18.772784111939153,2.471862817444176,5.849890510602107,7.463786067681987,0.03705373006025593
2025-04-09 20:00:00,19.064141423274567,2.6917300011990664,6.25390687243293,7.451070085490025,0.03195308133091877
2025-04-09 21:00:00,19.54633045491336,2.777316658898512,6.349546631152903,7.012503967938215,0.04189675833843254
2025-04-09 22:00:00,19.14096198484288,2.9500687613852477,5.68151206103069,7.446110648174917,0.05480394076795292
2025-04-09 23:00:00,18.614687540738323,2.329593237807228,6.074164194820644,7.291868381808854,0.05309490174850901
2025-04-10 00:00:00,19.208439545782802,2.379656511244405,6.081909994675296,7.355817164816582,0.048463206118459265
2025-04-10 01:00:00,19.380071958799192,2.441276093760753,6.055366048549954,7.147869867202321,0.06342370032662972
2025-04-10 02:00:00,18.636348904412596,2.560814056229571,6.311761457073441,7.44225107088998,0.03249165678298185
2025-04-10 03:00:00,19.62168866831406,2.713013384710014,5.707743708409249,7.4818120692079715,0.04579200299785699
2025-04-10 04:00:00,18.7688651686229,2.25157581607748,6.134555310896195,7.49344914120659,0.034859311366063184
2025-04-10 05:00:00,18.659690420657224,2.730962222872234,6.140097047794295,7.277400723575897,0.04445617732057609
2025-04-10 06:00:00,19.000285312755075,2.818327414038526,6.351694979700255,7.366074845603528,0.04714679283993764
2025-04-10 07:00:00,18.163781812956927,2.3225951792770285,6.627214704126211,7.427124614277448,0.034951449350434496
2025-04-10 08:00:00,18.29383293690464,2.548381381979614,6.6312649663385095,7.61721952179813,0.0374927212099217
2025-04-10 09:00:00,18.74046626089188,2.199160308913825,6.4784586775224735,7.450740205639825,0.03692939467315734
2025-04-10 10:00:00,17.937470605155713,2.896933635303905,6.703551763197064,7.410429876795673,0.044192869756603956
2025-04-10 11:00:00,17.910804861111554,2.2609503567969584,6.610167030919333,7.556579098081298,0.04383782809177561
2025-04-10 12:00:00,18.934292171201555,2.7578491927857383,6.04353277554989,7.3208328151614035,0.04053814162944189
2025-04-10 13:00:00,18.29021728605864,2.3304278169350545,6.244055635652398,7.522905257331483,0.035796323900619084
2025-04-10 14:00:00,18.470015746781158,2.170281357071412,6.311911103420552,7.630814663941958,0.04951878530959234
2025-04-10 15:00:00,18.000726005887792,2.2004329944733176,5.585180694444716,7.177459528768148,0.05146504539458567
2025-04-10 16:00:00,18.932625156249212,2.7199669964660442,6.1239846282452035,7.2810587226907515,0.025991993967388525
2025-04-10 17:00:00,18.980979718388785,2.6747025670148474,6.452211029284956,7.3008263831478875,0.056625849077695516
2025-04-10 18:00:00,19.108186707418607,2.543030315988806,5.841053307425259,7.496378159078765,0.04904934710877206
2025-04-10 19:00:00,18.364068702175928,2.4201025586918377,,7.265336539203023,0.04158529836099928
2025-04-10 20:00:00,18.284320589333316,2.4570676743380653,6.1130358235907725,7.462299496871119,0.03343488799801005
2025-04-10 21:00:00,18.52875175543186,2.3373942519185458,6.449052510306449,7.233468540930426,0.055361280564502444
2025-04-10 22:00:00,18.271038182360993,2.696001053671024,6.774089951715198,7.607630395032054,0.03693455676578302
2025-04-10 23:00:00,18.5915015485772,2.4835967654915434,6.4190000822885755,7.358098383490318,0.035367117040187454
2025-04-11 00:00:00,19.005053655206382,2.161973644230579,6.621118600413073,7.551923393935839,0.03390316892980962
2025-04-11 01:00:00,18.199135345288326,2.6734395986194937,6.204308334400519,7.3492053545930585,0.04351100873888305
2025-04-11 02:00:00,19.241607176795373,2.756297307507438,6.161731911187502,7.741562311171063,0.06022097801299557
2025-04-11 03:00:00,18.750304312151805,2.542444492506176,6.3888703979237444,7.483428963254421,0.05789101563469664
2025-04-11 04:00:00,18.07709254224104,2.52007958377543,6.393549169753571,7.498916165849531,0.05882906829137649
2025-04-11 05:00:00,17.938646387468335,2.6785404784938507,6.547189918380626,7.471056655197834,0.05971674169775026
2025-04-11 06:00:00,18.195525915685277,2.443609087974482,5.864838980523676,7.413050432954383,0.03724672720800008
2025-04-11 07:00:00,18.971125900704124,2.5991278570724075,6.133722936758896,7.428597081764185,0.04768097778374429
2025-04-11 08:00:00,18.261659884806985,2.3506793143626066,6.443210101200407,,0.04897145634897651
2025-04-11 09:00:00,18.63083681217322,2.61347640145734,6.253859979376435,7.117646175461663,0.05055334294686345
2025-04-11 10:00:00,18.772393670855855,2.94766351406151,6.089007165933203,7.510567084878647,0.02990655979477875
2025-04-11 11:00:00,18.701479379910758,2.8273075738838442,6.11838964918324,7.365863821454429,0.030332236246666557
2025-04-11 12:00:00,19.21878147653346,2.7085345256077407,5.937264296002555,7.531835079749644,0.04622012889146501
2025-04-11 13:00:00,18.74759784021376,2.31254138779285,6.185008275718541,7.410423207563115,0.05189379969808329
2025-04-11 14:00:00,16.767754723230844,2.3963349360422326,6.727286138314714,7.422301891233167,0.05867255487435343
2025-04-11 15:00:00,17.926959163239744,2.771125965581108,6.719567208913841,7.613369201870854,0.04498972301194653
2025-04-11 16:00:00,18.31957073147327,2.9508798821489672,6.53855467213395,7.368917883176704,0.04175144836773748
2025-04-11 17:00:00,18.23869533778104,2.459111800578585,6.580109522471774,7.30874530691392,0.028768139283268816
2025-04-11 18:00:00,17.815289362434722,2.5562360497752667,6.120455997216264,7.481748729067079,0.04109481457817411
2025-04-11 19:00:00,18.839959976725613,2.5029304634289393,5.737517147817468,7.474927169757488,0.032973454737310504
2025-04-11 20:00:00,18.95736277250736,2.7506090452417626,6.026955399061642,7.320350242274213,0.030341390387440145
2025-04-11 21:00:00,18.368897618763356,2.7605486804658788,6.416445025981064,7.578730365576149,0.06091291579040594
2025-04-11 22:00:00,17.96100210056674,2.714543053595266,5.947108218032924,7.344978012338138,0.04767719929243815
2025-04-11 23:00:00,18.261402220044978,2.4752406728609464,6.441881645200056,7.450843557608594,0.02747343483431248
2025-04-12 00:00:00,18.418258219799977,2.342981775720145,6.202273655384174,7.241315220201031,0.03226899024028193
2025-04-12 01:00:00,18.062056950247825,2.4339038165580638,6.590598937811216,7.421552116178332,0.02654855205893554
2025-04-12 02:00:00,18.303735680248796,2.520796631127858,6.408214593738546,7.353923256060528,0.049276165627820404
2025-04-12 03:00:00,19.40284704592093,2.6011664374134784,6.338877459943627,7.435814833716767,0.043279403990561745
2025-04-12 04:00:00,18.362409878054493,2.4005973491453334,6.369660095089173,7.365688553828574,0.027322538435921404
2025-04-12 05:00:00,18.66536776502714,,6.314282457050879,7.469556723402425,0.0456057530481948
2025-04-12 06:00:00,18.255602224791286,2.1309016437750206,6.097611300323348,7.35996238975447,0.024219634585960548
2025-04-12 07:00:00,18.67336871680693,2.718165877935327,6.249610520297679,7.5439699012730905,0.07255399198299672
2025-04-12 08:00:00,18.54874208424905,2.746542716123738,6.118140094567866,7.508689623881869,0.02579755376369024
2025-04-12 09:00:00,19.106283617361125,2.7094217610697657,6.1334777046609466,7.617902607474646,0.03839793620955306
2025-04-12 10:00:00,17.63705339591018,2.1477929110400993,6.4570379728014675,7.426398812570933,0.04321913344618469
2025-04-12 11:00:00,19.058603164179477,2.3830342845682955,6.617249697648704,7.4205772203295,0.03830467127006306
2025-04-12 12:00:00,17.499113307062768,2.3432986547819503,6.640891677489019,7.295729924353682,0.036023939082080736
2025-04-12 13:00:00,17.643966846362215,2.431198496479656,6.161782996270252,7.490397150646853,0.041501742732463306
2025-04-12 14:00:00,17.330000121726837,2.4605419220282783,6.803873015519488,7.316061729097305,0.031359619763460064
2025-04-12 15:00:00,18.13445520062953,2.374004096223075,6.469259065299738,7.486976927440056,0.037456234526319986
2025-04-12 16:00:00,17.42712278212283,2.678802364753864,6.3227749850846555,7.2692952884310005,0.041946968552063243
2025-04-12 17:00:00,17.98773686632456,2.4686386772730025,6.013655969976849,7.31042321148052,0.03226255335475022
2025-04-12 18:00:00,17.73732542228008,2.288332885905535,6.265799718353588,7.3926441989279335,0.04084502856871165
2025-04-12 19:00:00,18.07644826287526,2.1263967355103865,6.249064722142741,7.356330324874421,0.03188215583583416
2025-04-12 20:00:00,17.639223516002687,2.3705153446748457,6.0353986139981926,7.308155855415734,0.03999862785406148
2025-04-12 21:00:00,18.155740265410792,2.7137304162389086,6.148770406962876,7.420660873807274,0.03428930746148808
2025-04-12 22:00:00,17.103194536792966,2.3824116336385983,6.87492765202419,7.331690701146397,0.02773536656281725
2025-04-12 23:00:00,18.075863485633395,2.4671132178346156,6.400798873103045,7.423511910403451,0.025657158560931148
2025-04-13 00:00:00,17.580932755125456,2.5639594393705853,6.50168463195386,7.383907299861711,0.03015816285171752
2025-04-13 01:00:00,17.88620896395813,2.2568097505002247,6.956459300868004,7.1978423055643095,0.03074955167394944
2025-04-13 02:00:00,18.44933773457556,2.4589264063967153,6.042176792000736,7.335424130815375,0.035692568321663294
2025-04-13 03:00:00,18.16622323298711,2.590514346510269,6.518980255613783,7.29689084733573,0.0122894518214679
2025-04-13 04:00:00,17.61937961623318,2.503431730019826,6.4711421770159285,7.279098917051992,0.02385002068633541
2025-04-13 05:00:00,17.70739989704606,2.280600262533994,6.618028098741863,7.573825600271377,
2025-04-13 06:00:00,16.686532531879934,2.2979530680858278,6.495139033685738,7.274009646025935,0.019598779024425833
2025-04-13 07:00:00,17.540110288467567,2.6354876003705576,6.660663483881605,7.542912115912267,0.02216493186891645
2025-04-13 08:00:00,17.069100513960517,2.5490106034547537,6.857002831207141,7.171347652292619,0.030699811142710587
2025-04-13 09:00:00,17.365442793120177,2.2806994663812166,6.767586851745973,7.4043519943715275,0.04051211191276975
2025-04-13 10:00:00,17.510617909560537,2.476295810907311,6.7268205278712365,7.296494391400689,0.029039370667329197
2025-04-13 11:00:00,17.106171954999212,2.6240448162528147,6.9450695944029315,7.203961534878361,0.025516040915291617
2025-04-13 12:00:00,17.54600058727786,2.606183536534134,6.25163029723316,7.321541056459837,0.007944014240272378
2025-04-13 13:00:00,17.235362142527492,2.55309255273567,6.865967550453078,7.333430684872752,0.012998177775789327
2025-04-13 14:00:00,17.0964178809273,2.261954401177949,6.574698577283555,7.53439509374804,0.026220715322343924
2025-04-13 15:00:00,17.804844450008247,2.633823561566637,6.160736875349757,7.211763227940732,0.01848591688429348
2025-04-13 16:00:00,16.561082238736606,2.681716501823803,6.9735648086195425,7.6019497548346635,0.020229046660950618
2025-04-13 17:00:00,17.41978331903844,1.8848449819561344,6.449585712131226,7.430993945483886,0.018122219912375667
2025-04-13 18:00:00,17.942578344806314,2.311543588096735,6.242305051235666,7.230754185494642,0.020542496661621838
2025-04-13 19:00:00,17.794929954367237,2.620160725187923,6.371958884124748,7.226575208286375,0.03350598425273562
2025-04-13 20:00:00,16.091713470419936,2.2837996337521007,6.938770104896236,7.565404811085484,0.01745763730201648
2025-04-13 21:00:00,17.850728628356062,2.4978717323500783,6.100699550691349,7.360060484955342,0.01664273146332889
2025-04-13 22:00:00,16.886909300348645,2.1881196838318733,7.176478086288316,7.018190453463088,0.023965649148818213
2025-04-13 23:00:00,16.585836899081144,2.7727286905179334,7.055941490346,7.394796672356272,0.021145347843681987
2025-04-14 00:00:00,17.937183125348877,2.70920058591563,6.644765151069085,7.5217833729233465,0.01724159591481774
2025-04-14 01:00:00,16.665613975557616,2.257608361881058,6.429101239669,7.318885027428032,0.02641835814184714
2025-04-14 02:00:00,16.55920880193117,2.6666625597707103,6.797516694183688,7.4843238169091055,0.013574442169436816
2025-04-14 03:00:00,16.994832868320636,2.1842969795600102,6.802370178606888,7.612225391092895,0.036327837865428175
2025-04-14 04:00:00,16.408805820940472,2.516016188256887,7.125104158991304,7.411818846792806,0.02714598319313235
2025-04-14 05:00:00,16.501795374849728,2.524597745607426,6.784179697339175,7.48294296045378,0.01441287149282052
2025-04-14 06:00:00,16.921562649316517,2.7139367597870496,6.881078418615392,7.489885361495741,0.02292349557044128
2025-04-14 07:00:00,17.064023149799144,2.858369666506778,6.510241856905849,7.5846305708987485,0.033743895227784745
2025-04-14 08:00:00,16.659988816351994,2.475345903633114,7.010718214679916,7.367651045603683,0.022431936222742106
2025-04-14 09:00:00,16.85007610946515,2.596441365927012,6.4989707931363965,7.381630788771901,0.017611001362515148
2025-04-14 10:00:00,17.39663668618919,2.1507765977720315,6.694052389133286,7.477112613390861,0.021682506127665292
2025-04-14 11:00:00,16.332518356116847,2.5092109388322017,6.912344903143227,7.290206617333787,0.025185568188187155
2025-04-14 12:00:00,17.236111908249352,2.5986158772597587,6.628888607862907,7.572964445448785,0.0240603945379374
2025-04-14 13:00:00,17.172432849510894,2.058363436127964,6.50737253217652,7.4749850209404345,0.018150091786581633
2025-04-14 14:00:00,16.989781149506893,2.4822962677156157,6.719090409427555,7.34428645849227,0.017634210747536693
2025-04-14 15:00:00,16.74137151399882,2.4785560954814576,6.626950097878821,7.385880410161585,
2025-04-14 16:00:00,16.147464450820674,2.449115092088137,6.829911465174962,7.427872508489238,0.0165414392379919
2025-04-14 17:00:00,17.14783775805076,2.654722738648798,6.758512816000225,7.475939398312587,0.022421176752587722
2025-04-14 18:00:00,15.891715589441779,2.727576326702777,7.241988591747835,7.454746595765167,0.02756113920789158
2025-04-14 19:00:00,17.61977402501978,2.215645607095011,6.844779758608995,7.360086084850868,0.018862772755105887
2025-04-14 20:00:00,16.665414013830148,2.5905306975192315,6.725697128683161,7.547407883224862,0.023094870387047287
2025-04-14 21:00:00,17.406669776453317,2.2742845053105807,7.037985189581694,7.270275877736113,0.01606278959028307
2025-04-14 22:00:00,16.88468133639167,2.3768006887281428,6.757148873199204,7.203549175771705,0.03125986478898739
2025-04-14 23:00:00,16.83706884395514,2.4905548907448942,6.645335783850644,7.3404593566562,0.03617455428399795
2025-04-15 00:00:00,15.754340899948188,2.493779904632972,6.9198779041373655,7.350701013703585,0.027755910681618413
2025-04-15 01:00:00,16.12655569554988,2.5247688928683036,7.04341372040186,7.355016870247298,0.029660311993944945
2025-04-15 02:00:00,16.986369365523906,2.860898956876526,6.437497407479005,7.2671617846270395,0.012506402308078193
2025-04-15 03:00:00,16.089814658284936,2.722761396926126,7.188912503130915,7.627996593312925,0.036622334382894375
2025-04-15 04:00:00,15.436633699974697,2.664727457037883,7.063285534595552,7.308875908139337,0.01877672855484362
2025-04-15 05:00:00,17.046154056780505,2.545312615280586,6.445468937845389,7.213597039872402,0.033377276697119214
2025-04-15 06:00:00,16.035748495100144,2.310335218405521,7.219924714545894,7.388061970731401,0.034703986392512
2025-04-15 07:00:00,17.06596841188967,2.5838563497503935,6.637233172445108,7.412119521155218,0.03216857010857225
2025-04-15 08:00:00,16.902918683434898,2.3499009332508116,6.786738155493127,7.390186181677782,0.03235224944941839
2025-04-15 09:00:00,15.997562720042579,2.345180051396399,7.350348829804235,7.429901047842223,0.041559836873855054
2025-04-15 10:00:00,15.780787514665871,2.304773164808623,7.531497208721501,7.323771862069119,0.03678484977682321
2025-04-15 11:00:00,16.794968884996724,2.5609379725131958,6.881279653331509,7.358093395307717,0.03305309116209452
2025-04-15 12:00:00,16.276003836242108,2.525523222692461,6.688011275029477,7.393243850826713,0.030644909516159634
2025-04-15 13:00:00,16.67107251237608,2.2755130557783123,6.877801529373017,7.414694922824837,0.0341357076524044
2025-04-15 14:00:00,16.04602111239435,2.556762765279758,6.897324006715803,7.292834911986237,0.03476288035533797
2025-04-15 15:00:00,16.03680597064535,2.4994562020022912,7.068585730742511,7.450108538276643,0.032056591001865524
2025-04-15 16:00:00,16.89826862341616,2.3884221426304557,6.8413326422913165,7.3151039371879545,0.03678797415204517
2025-04-15 17:00:00,15.681528531287517,2.7777254920572565,7.159498563337108,7.502240878501491,0.022032943135212306
2025-04-15 18:00:00,16.21421783369991,2.3229512797470244,6.9386506884120775,7.42476397522203,0.025189815346850993
2025-04-15 19:00:00,15.789750399949272,2.6206330009917393,6.650460888144507,7.524724735023952,0.042791803447140606
2025-04-15 20:00:00,15.597389513627533,2.332940703821911,7.187236802762734,7.502525540837175,0.04007188477042977
2025-04-15 21:00:00,16.62353291822755,2.6026016366864,6.613039430146257,7.2137480416506525,0.05802394082170369
2025-04-15 22:00:00,15.822753887363929,3.0424564809075383,7.035208527505676,7.4837350365292306,0.03518267383796729
2025-04-15 23:00:00,15.016908423103589,2.4116117002363677,7.113421764086287,7.403159920994709,0.020826303776278563
2025-04-16 00:00:00,16.69152868799668,2.7969203050861697,6.464206394125332,7.332590590407368,0.026922548786701587
2025-04-16 01:00:00,16.52770394888288,2.571616011611498,6.960501270657495,7.351455854606815,0.023981124647808733
2025-04-16 02:00:00,15.529286977292621,2.7228410828532983,7.035619487114831,7.651845899858231,0.0315884951649168
2025-04-16 03:00:00,15.226801115459352,2.6576883573762338,6.975905042280749,7.455780901802959,0.026117352041399963
2025-04-16 04:00:00,15.550418374518252,2.662924113757078,7.503864633908063,7.439834657031845,0.03458715953069414
2025-04-16 05:00:00,15.740133881802155,2.3861836131407284,6.711699216154847,7.474227901444711,0.02618476125872817
2025-04-16 06:00:00,15.210911449245573,2.5982893498647814,7.308899383835583,7.576505246901166,0.033402891855598776
2025-04-16 07:00:00,15.741545749827203,2.475728174870834,6.876024463695403,7.3333318214222425,0.0377581993346505
2025-04-16 08:00:00,16.65258473713623,2.5308991801623746,6.3693859147856,7.431196567349041,0.047732321663106814
2025-04-16 09:00:00,16.10562518082727,2.591412656558737,6.943374642679231,7.431806241366502,0.03740564376022532
2025-04-16 10:00:00,16.105625630400027,2.533960634565946,6.7742211634049765,7.6944553480546,0.040936492749566386
2025-04-16 11:00:00,14.975539701267282,2.5377233766950638,7.47417368565561,7.452603480544192,0.01573056462004836
2025-04-16 12:00:00,14.894077863309487,2.578905104818724,6.989714413522944,7.327965230288626,0.03795150364315034
2025-04-16 13:00:00,15.176296003897813,2.61180509176038,6.993054035426079,7.365463665154289,0.04189526474836439
2025-04-16 14:00:00,14.962539842321972,2.4411782995957885,7.391723476231188,7.495160292739851,0.03744335210282175
2025-04-16 15:00:00,16.094744817031273,2.7605509785547744,7.431577843595014,7.488244225204311,0.04143099673099892
2025-04-16 16:00:00,15.251513223898714,2.575932703546747,7.393866283623916,7.278642491919254,0.04090744687014739
2025-04-16 17:00:00,16.262182206127708,2.498893877361388,7.172409349126495,7.533360400844341,0.03269304750925037
2025-04-16 18:00:00,14.795378165342482,2.815564171107614,7.345922712169188,7.300096294620601,0.05683433893427038
2025-04-16 19:00:00,15.071659489451902,2.462930971197109,6.988033641454252,7.374671262931891,0.0533497227440012
2025-04-16 20:00:00,16.366788233703264,2.3589305803063083,6.290071339982572,7.316683621923565,0.04443673163797619
2025-04-16 21:00:00,15.105068420455714,2.3023937522758717,7.208781675850272,7.374908839146826,0.04529325488596469
2025-04-16 22:00:00,15.794438971287146,2.7865045338647403,6.263507799431759,7.336767832152039,0.042499408858176914
2025-04-16 23:00:00,15.52290081314092,2.106349742288071,7.0582004329662364,7.501558727604981,0.04746815923382489
2025-04-17 00:00:00,14.967974709189269,2.297241309416738,7.126450509663221,7.465026154971768,0.05905464874148689
2025-04-17 01:00:00,15.119687193168104,2.58932155676964,7.859012377182506,7.563155583376559,0.036546558658229575
2025-04-17 02:00:00,15.581357376013768,2.3619142604704253,7.062581341554474,7.454937594032063,0.04585997022573073
2025-04-17 03:00:00,15.468804190346258,2.1636567760936005,6.815739958946934,7.392519641257683,0.03864703249902246
2025-04-17 04:00:00,15.225850664589192,2.362853471645758,,7.296969518854382,0.054509599377343655
2025-04-17 05:00:00,14.635480343990952,2.535807256372252,7.270156043016518,7.303919055819687,0.037932564849942174
2025-04-17 06:00:00,14.728526334610926,2.3443180763406963,7.676777126511629,7.341441185280871,0.047101285044442984
2025-04-17 07:00:00,14.928770905525354,2.957226988040728,7.391018969746218,7.1946156536143295,0.0316155150098362
2025-04-17 08:00:00,15.26676673842747,2.6256137139623053,7.152502839802939,7.426857220923685,0.04428321803861027
2025-04-17 09:00:00,15.813611555657058,,7.160063995783544,7.268029806939757,0.056935959063014546
2025-04-17 10:00:00,15.26140160309777,2.7603860414295145,7.012199684096348,7.483582532081565,0.047783466349974706
2025-04-17 11:00:00,15.134948972924601,2.650117147943104,7.3660433052496845,7.440381339863418,0.058610195870377226
2025-04-17 12:00:00,15.889627212954856,2.566683212277314,6.808985577683335,7.138507292136076,0.0653115331177649
2025-04-17 13:00:00,15.317313717657605,2.5486884886372025,7.003836168432453,7.456530792472232,0.05283046405359465
2025-04-17 14:00:00,15.12089395449968,2.389584357122734,7.743278019174222,7.382951076026459,0.04935625767355491
2025-04-17 15:00:00,14.67645147027048,2.6855081214986933,7.315589269817533,7.437691239114289,0.03744033118361761
2025-04-17 16:00:00,15.05046132846152,2.3894673718118353,6.828972204425725,7.463612560147931,0.029710153851658296
2025-04-17 17:00:00,15.672582970194686,2.8560731873876155,7.0287681718929065,7.391650596096714,0.05346377207155408
2025-04-17 18:00:00,14.809510614289753,2.458884337076538,7.272240720428298,7.440886512834042,0.046223528498243266
2025-04-17 19:00:00,13.906998788955635,2.59671926385293,7.482101866227004,7.350082115676814,0.046110287728893945
2025-04-17 20:00:00,14.671124774219953,2.31576088594234,7.587794139309492,7.533619941834534,0.05781280446840946
2025-04-17 21:00:00,15.751075524650554,2.547842140249412,6.610006870260762,7.219952190501307,0.0436802793990296
2025-04-17 22:00:00,15.117505069646667,2.4776034788353023,7.180903336633987,7.329563960831196,0.05242004007634594
2025-04-17 23:00:00,13.892702249871904,2.5747130141171266,7.796517380264584,7.303072129713961,0.05326113778466118
2025-04-18 00:00:00,15.20583082383552,2.815100595555996,7.359485778072614,7.37522380260806,0.04679978627542907
2025-04-18 01:00:00,14.657138781089747,3.0678938731083383,7.01407483530559,7.379660049805238,0.0632421954514937
2025-04-18 02:00:00,15.512753536222771,2.249931385128161,7.343063436122136,7.567906431858789,0.05325259772626819
2025-04-18 03:00:00,15.116533828167453,2.8823477565395326,7.101152029130341,7.265542758804068,0.05007782473841887
2025-04-18 04:00:00,14.475090296612374,2.5341911568324655,7.349287515418182,7.173302280697027,0.04436703071700904
2025-04-18 05:00:00,14.930380022474871,2.7966318942844666,7.237259999142031,7.420626104091501,0.0578613382941326
2025-04-18 06:00:00,14.502580254350642,2.660124991392818,7.204394906728618,7.479572341393231,0.05167451952711239
2025-04-18 07:00:00,15.029918691088271,2.357698231225821,7.195706880644465,7.501390270713705,0.04702627784266032
2025-04-18 08:00:00,15.11976905537424,2.2137099280707906,7.036688851253859,7.528578379010571,0.043784000099508884
2025-04-18 09:00:00,14.357777844254176,2.5629705872235533,7.183356705768874,7.5528180797597315,0.0557985246036144
2025-04-18 10:00:00,14.571497955937412,2.386957412081685,7.12189250498104,7.3836718130931684,0.039009795040888674
2025-04-18 11:00:00,14.584443528456823,2.443335570580573,7.353987334345207,7.543185079503115,0.047332577695608745
2025-04-18 12:00:00,14.178680298520229,2.5098729964890536,7.589763093617501,7.514389664826561,0.04146727583767533
2025-04-18 13:00:00,13.730959459783499,2.7915185264885576,7.333861577682661,7.41799423959453,0.04487522288020893
2025-04-18 14:00:00,14.996590203583795,2.5016895721327,7.6959308311234444,7.599970412551548,0.04422406650657237
2025-04-18 15:00:00,14.436123713797365,2.2640399207947137,6.993615723032046,7.380964874943184,0.03881538987259203
2025-04-18 16:00:00,15.07194690670016,2.510563549442855,7.183067980751138,7.404551710460744,0.04755352079661291
2025-04-18 17:00:00,15.301907949711476,2.424811018434831,7.368549664194054,7.4577531194526125,0.046595375996714226
2025-04-18 18:00:00,13.763725625602241,2.7518398495659273,7.566623140122307,7.480254985836426,0.03511230543230726
2025-04-18 19:00:00,14.96545031583177,2.0527747161945205,7.447382707869504,7.4437455907977315,0.04072336202596652
2025-04-18 20:00:00,14.199023759703996,2.7960181681581173,7.439465906999357,7.3595595216882295,0.03876550849193614
2025-04-18 21:00:00,14.38343583579966,3.1479039503772412,7.391095233722979,7.38850001767451,0.03451597751047679
2025-04-18 22:00:00,13.622968853044755,2.409483745110806,8.198197058122245,7.444181288334137,0.04744750318790262
2025-04-18 23:00:00,14.589480893223074,2.407855404498912,7.283654863661836,7.36658245393942,0.03714545221787543
2025-04-19 00:00:00,14.157491068114034,2.5205543618147295,7.32202299785843,7.301386351171126,0.03584643234729326
2025-04-19 01:00:00,14.199569466820057,2.512585179652918,7.518828180191735,7.624077673638435,0.03467692036682221
2025-04-19 02:00:00,13.72884862704496,2.677089787291477,7.773102326735292,7.385453709507053,0.049227354372616765
2025-04-19 03:00:00,14.210516207502515,2.232190058434657,7.248177083077911,7.522160310209883,0.041456731736137516
2025-04-19 04:00:00,14.30897688232862,2.60556867222122,7.501642739986438,7.530276930667872,0.035266596929533045
2025-04-19 05:00:00,15.24211794904879,2.511958323004704,7.0848857816820034,7.073376539580865,0.03611235327918492
2025-04-19 06:00:00,15.463555697536163,2.5400401466289058,6.822077827367719,7.472348070896013,0.04081623230158837
2025-04-19 07:00:00,14.570428027860515,2.7948294440985473,7.250567599698802,7.416123220821637,0.015818531507940395
