timestamp,temperature_C,dissolved_oxygen_mgL,pH,ammonia_mgL
2025-05-01 00:00:00,18.090645716434267,8.083881878664181,7.370206476808328,0.04197821620660544
2025-05-01 01:00:00,18.09388658371306,7.3205971871615105,7.412143076689062,0.04186703576675792
2025-05-01 02:00:00,19.052312064029508,7.133406198288382,7.385430359254802,0.046443803386294676
2025-05-01 03:00:00,19.835320995021508,7.01310953403205,7.412468359597215,0.04649581197178343
2025-05-01 04:00:00,19.830715500039627,6.502839913330874,7.488051156607349,0.04258488000826512
2025-05-01 05:00:00,20.186448024642846,6.569323220704763,7.418638443732914,0.043950772908461846
2025-05-01 06:00:00,19.863656282868874,6.402326885774062,7.4207752801421965,0.04478318452954833
2025-05-01 07:00:00,20.0693392092815,6.649393025141912,7.45451407184015,0.046755625228835127
2025-05-01 08:00:00,19.667590816806293,6.471272082596423,7.418811490849768,0.044975430505616844
2025-05-01 09:00:00,19.02916692756458,7.481392122438635,7.5073465689494405,0.05128604356444026
2025-05-01 10:00:00,18.884419448165595,7.26930134692277,7.458343831003815,0.04004554620301956
2025-05-01 11:00:00,18.96334942924962,7.328474724979067,7.452036299808976,0.055760346280308064
2025-05-01 12:00:00,17.722898737626696,7.718269797762804,7.532890101505419,0.059762520571343763
2025-05-01 13:00:00,17.3165481390564,8.114534269889123,7.454025346929559,0.046435946698274964
2025-05-01 14:00:00,17.02430969858608,8.29225428100553,7.505036071252163,0.04708621508115957
2025-05-01 15:00:00,16.52223829341901,8.499923868753514,7.5196843210161655,0.04133471504411058
2025-05-01 16:00:00,16.288210587169623,8.949036407303433,7.5033830934972965,0.042010645289595396
2025-05-01 17:00:00,15.833185382094493,8.854655986601914,7.477785105640367,0.042620709799719464
2025-05-01 18:00:00,15.496440144526028,9.106128230612018,7.54165780489684,0.04667884426989256
2025-05-01 19:00:00,15.938983093558518,9.083171073053409,7.561724084151488,0.05286408675776961
2025-05-01 20:00:00,16.62436071954121,8.86053270261121,7.50539690038923,0.0428534961542352
2025-05-01 21:00:00,16.614821651877367,8.71959360339675,7.52767903459293,0.04645494227517741
2025-05-01 22:00:00,16.805545641248447,8.148370202837382,7.563293603552151,0.04171544339052234
2025-05-01 23:00:00,17.609256682495143,8.105221710558126,7.534626426178575,0.05559459256551748
2025-05-02 00:00:00,18.05511628919856,7.828568160152742,7.541460736843172,0.04602813799572246
2025-05-02 01:00:00,19.03350830461807,7.561754315629209,7.421054199399243,0.053772545904176794
2025-05-02 02:00:00,19.1035200133752,7.113054165565347,7.4802689128357915,0.045882787848951154
2025-05-02 03:00:00,19.43037223328788,6.90459279106116,7.497580763696015,0.046931929865750566
2025-05-02 04:00:00,19.979586176337683,6.712129090235954,7.568585622366311,0.04521752331469169
2025-05-02 05:00:00,19.805864976603555,6.357254940825883,7.531314928839782,0.0445244921370849
2025-05-02 06:00:00,19.763268030251055,6.595444592746696,7.559448545230326,0.053431953703621346
2025-05-02 07:00:00,19.974983708411145,6.539752587477514,7.533155665275268,0.046246785570799635
2025-05-02 08:00:00,19.903161768617288,6.532759250065096,7.572251369613552,0.052444737256612334
2025-05-02 09:00:00,19.09668274569908,6.664636277478357,7.611389283006027,0.03971423298630576
2025-05-02 10:00:00,19.47175903867944,7.345199588908662,7.503513686935297,0.04236171628521605
2025-05-02 11:00:00,18.90654860805758,7.736924369472412,7.495936791821839,0.04719856795491716
2025-05-02 12:00:00,17.424318912140222,7.69272817373138,7.518866111686947,0.04804754034874201
2025-05-02 13:00:00,17.15478816501282,8.197090988521762,7.485470127882556,0.040225473252052155
2025-05-02 14:00:00,16.620700447177484,8.365676049691842,7.564160374414774,0.03160497212958983
2025-05-02 15:00:00,16.45089171427962,8.572599060123526,7.590164926844034,0.038841358295360874
2025-05-02 16:00:00,16.110375923944435,8.91905635822011,7.488053016044118,0.03638082168497757
2025-05-02 17:00:00,16.11360917324648,9.206029799335232,7.459715514448225,0.03370779914506258
2025-05-02 18:00:00,15.790581030350662,8.869151246524146,7.525513156925013,0.036049492999697584
2025-05-02 19:00:00,16.238245567751807,8.953905988078937,7.526521639863749,0.034645717745690925
2025-05-02 20:00:00,16.322599186437557,8.555223692402159,7.475434967571534,0.03482247051506058
2025-05-02 21:00:00,16.415786338166033,8.565146808870782,7.463200459760911,0.029596657375133388
2025-05-02 22:00:00,17.274813033907012,8.716777114878916,7.420668221566203,0.03956800817215749
2025-05-02 23:00:00,17.501085144529913,8.078953314709022,7.4626740326185415,0.031288578674941864
2025-05-03 00:00:00,18.010949253463195,7.450837213286658,7.419577664069211,0.022785076644442997
2025-05-03 01:00:00,18.460853349258393,7.491880190495445,7.492925583554307,0.020901630628999697
2025-05-03 02:00:00,19.24515291399333,7.127407305254155,7.437017676955625,0.033079396383991606
2025-05-03 03:00:00,19.44559171083571,6.7815293318217105,7.460699793528287,0.03994642413742115
2025-05-03 04:00:00,19.53671103553351,6.7832878213117205,7.447405783611629,0.028041859943305658
2025-05-03 05:00:00,19.996272866989145,6.4685776651161015,7.463210597245687,0.02826883399372353
2025-05-03 06:00:00,20.055279779189398,6.6231223095768526,7.395260863218807,0.030788136677303214
2025-05-03 07:00:00,20.428922117059006,6.612572959747515,7.486912002272121,0.029490808772555003
2025-05-03 08:00:00,19.92052381687662,6.618520582973002,7.412523738883171,0.023616953711552417
2025-05-03 09:00:00,19.169808053744454,6.752294178119271,7.422806154545603,0.03155147099851683
2025-05-03 10:00:00,18.457694581797533,7.025503777513197,7.484489115822289,0.023361193139313507
2025-05-03 11:00:00,18.898859899257513,7.87102289651005,7.397044332897674,0.024552562370088266
2025-05-03 12:00:00,18.31393604741031,7.747200003712168,7.3544482584412405,0.03480856012829217
2025-05-03 13:00:00,17.31295139052561,8.2173444409565,7.408900334793051,0.023405761227754198
2025-05-03 14:00:00,17.268497342848956,8.396497311416477,7.3563875440712145,0.027734160879603283
2025-05-03 15:00:00,16.60132607725283,8.771147812772002,7.4111977355310845,0.02830659110402319
2025-05-03 16:00:00,16.486901341058218,8.735696249975923,7.407476467557818,0.03493065270710189
2025-05-03 17:00:00,16.03546341031228,9.02358434952796,7.3724701064078895,0.03501256632896961
2025-05-03 18:00:00,15.986344760648473,9.278224032378867,7.399965129830885,0.03152576066556322
2025-05-03 19:00:00,16.012616464763404,9.001079520789848,7.364342543221861,0.038503482522466694
2025-05-03 20:00:00,16.276982823485408,8.997183361633477,7.325800796813661,0.03447154967953169
2025-05-03 21:00:00,16.468326089227695,8.278641595162018,7.40221701239209,0.03237884214943545
2025-05-03 22:00:00,17.374346655132815,8.416891930630685,7.317061386615037,0.03936514826064519
2025-05-03 23:00:00,17.43011474578246,7.952625414702552,7.35144161161052,0.03568811527995963
2025-05-04 00:00:00,17.965205388772247,7.731937693575886,7.321902273027738,0.041264149683206464
2025-05-04 01:00:00,18.492546713178818,7.554327242000781,7.3238736357418945,0.04262089605936561
2025-05-04 02:00:00,19.10737109285538,6.928921898591697,7.3366569231730745,0.03674906945163883
2025-05-04 03:00:00,19.2510432634474,7.087045555611003,7.333400547132776,0.04438100936419066
2025-05-04 04:00:00,19.775804412888046,6.683438549244101,7.368879486017733,0.039871643496673874
2025-05-04 05:00:00,19.921787300808848,6.8299395017195526,7.276742884902095,0.04459869454606496
2025-05-04 06:00:00,19.742647435432257,7.009119488748842,7.317126871936215,0.04322781242607723
2025-05-04 07:00:00,19.949174820009638,6.406428366484354,7.3078153387771465,0.04167987647507314
2025-05-04 08:00:00,19.67696814882446,6.726426454034942,7.372331707150134,0.044786864751755515
2025-05-04 09:00:00,19.830219091141018,6.662846518361327,7.298318601325915,0.05733635656874431
2025-05-04 10:00:00,18.587267624891997,7.368497999883264,7.351881188318112,0.04606843794656466
2025-05-04 11:00:00,18.183166659929416,7.3888021742328265,7.269324530140756,0.043701909525988715
2025-05-04 12:00:00,18.055929347210462,7.949882085830262,7.270678511409936,0.05138989496892842
2025-05-04 13:00:00,17.592253638028858,8.228178606679974,7.1797625841613,0.045704751298709864
2025-05-04 14:00:00,16.535854274826185,8.146509594532292,7.308484330281765,0.04871613497635036
2025-05-04 15:00:00,16.20249275237758,8.457416738975532,7.229735945623836,0.054064500869771034
2025-05-04 16:00:00,16.2870310127913,8.69802016921044,7.352121763802164,0.0542759340148979
2025-05-04 17:00:00,15.796319746051804,9.08150383468239,7.281297421042181,0.047802800827155684
2025-05-04 18:00:00,15.961679460992572,8.985552631794896,7.338424135444177,0.05038766319963931
2025-05-04 19:00:00,16.290962816931415,8.983694204108838,7.346356491051008,0.05175229741109004
2025-05-04 20:00:00,16.60208172634441,8.617339983012625,7.309373901590797,0.04376003193948885
2025-05-04 21:00:00,16.496830295914958,8.67461329488427,7.231014118997758,0.046027919760401714
2025-05-04 22:00:00,17.166994416216546,8.479795255736056,7.351853597446341,0.04619936213288525
2025-05-04 23:00:00,17.73480851544186,7.980860756145082,7.2537140117376335,0.05300093193339987
2025-05-05 00:00:00,18.04970953843402,7.511273548772945,7.375359527700969,0.043466733432267944
2025-05-05 01:00:00,18.461402014213224,6.980231095290535,7.2999945741099035,0.051979057648252704
2025-05-05 02:00:00,18.955939819715407,6.98024672007265,7.291182258577301,0.05241222889633912
2025-05-05 03:00:00,19.46785456994952,6.864779820872199,7.319114139020222,0.04835972322538272
2025-05-05 04:00:00,19.754543084358055,6.900026118024056,7.321736365671463,0.05324449755155554
2025-05-05 05:00:00,20.13178253714624,6.683191306024266,7.288894177907206,0.03945860251601129
2025-05-05 06:00:00,19.7838541913793,6.724298908669123,7.2626488716881665,0.04689925289388477
2025-05-05 07:00:00,20.26596523382932,6.574973572720371,7.312842177895473,0.04964710795357945
2025-05-05 08:00:00,19.74632172857094,6.54273029290406,7.29960049790767,0.04000200874904981
2025-05-05 09:00:00,19.218149738724872,7.013083379980625,7.378280141530471,0.047382299315785886
2025-05-05 10:00:00,19.089406283882532,7.316122383522294,7.32685073307023,0.04777919017347106
2025-05-05 11:00:00,18.552503037944,7.592267336943762,7.391222917515703,0.042218358394269656
2025-05-05 12:00:00,18.13440144921463,7.562135187751773,7.248587443109297,0.04344869015101803
2025-05-05 13:00:00,17.121654097911268,8.165495038554141,7.3263272104905415,0.04182656317580547
2025-05-05 14:00:00,17.556401509076082,8.07859165763824,7.371275308380339,0.0376814440056925
2025-05-05 15:00:00,16.85714977456011,8.91821549897528,7.242363479371378,0.041229592808667476
2025-05-05 16:00:00,16.123609915931215,8.685789763175391,7.378819972312671,0.03962764707810469
2025-05-05 17:00:00,15.828804320485848,9.142177431976126,7.324585543460893,0.03639649968226437
2025-05-05 18:00:00,15.700202763310163,8.611175028758899,7.300231282315209,0.03970269529877246
2025-05-05 19:00:00,15.54363041317397,9.091068975402193,7.320921064029595,0.027931994112295522
2025-05-05 20:00:00,16.287843631322712,8.686602364204287,7.381206343199091,0.027925359794098756
2025-05-05 21:00:00,16.408065873631422,8.911416343572892,7.37543755622939,0.04129039443118104
2025-05-05 22:00:00,17.16020734649047,8.42036523528615,7.373430461781519,0.03257735532709991
2025-05-05 23:00:00,17.398016211048965,8.120415812815967,7.342042309485418,0.03372278400181322
2025-05-06 00:00:00,17.83864000002613,7.941099975804198,7.378102944914781,0.03763362930097205
2025-05-06 01:00:00,18.721622945243027,7.248788262522827,7.4271970662721065,0.026361166394504504
2025-05-06 02:00:00,18.764037815990132,7.117763767493285,7.422367476200657,0.03216557420451166
2025-05-06 03:00:00,19.4093262879299,6.830871805795585,7.4603477965131475,0.027193342330799442
2025-05-06 04:00:00,20.060369087003686,6.440962669528543,7.447050603707653,0.0374512078528077
2025-05-06 05:00:00,19.866166340289592,6.753745651489728,7.405178373960209,0.03348821717505364
2025-05-06 06:00:00,20.03709546790998,6.551418313759334,7.487060427053975,0.020301544413263664
2025-05-06 07:00:00,20.322255985124734,6.543924867685933,7.505589301214289,0.034872868732142986
2025-05-06 08:00:00,19.775368718648203,6.724374784371783,7.441436406444243,0.03785565185065518
2025-05-06 09:00:00,19.736805917738117,6.932438488456682,7.446224345068057,0.03642415723534325
2025-05-06 10:00:00,18.89296271888833,7.20773507397405,7.412739702678043,0.03316638648200276
2025-05-06 11:00:00,18.21284060655781,7.623086879240812,7.404503279874082,0.03131909930536019
2025-05-06 12:00:00,18.431818484290048,7.6964256175504415,7.493581045197502,0.03023722628292035
2025-05-06 13:00:00,17.40547035412463,8.093485471991398,7.455418113524188,0.03449141303873496
2025-05-06 14:00:00,16.878544156728182,8.653302523427264,7.428651708797626,0.03537732027929487
2025-05-06 15:00:00,16.327687227280336,8.866400534950685,7.532410719812725,0.025890586103150377
2025-05-06 16:00:00,16.312470760180965,8.988684322405012,7.4895324119380495,0.034670197110512425
2025-05-06 17:00:00,16.160563921951404,8.918212721563751,7.536033661174946,0.03308354839567391
2025-05-06 18:00:00,16.440023627993693,9.274618560596739,7.47362174121269,0.029790973810034573
2025-05-06 19:00:00,16.252397825314063,8.723750597593249,7.532350539603488,0.04231597923899615
2025-05-06 20:00:00,16.276017468330263,9.1422683620602,7.536105618174669,0.035218290774164364
2025-05-06 21:00:00,16.91651693049286,8.772566929326516,7.540333272727034,0.034306285256084874
2025-05-06 22:00:00,16.803727602097517,8.061331512723173,7.555683812095689,0.04695514525221824
2025-05-06 23:00:00,17.36257101098002,7.982108407511929,7.5381676423410955,0.0398143617158465
2025-05-07 00:00:00,18.128394785589972,7.773560165556852,7.559060924560474,0.0442859437862357
2025-05-07 01:00:00,19.048053978952332,7.468166751277952,7.604770469599104,0.04260239539604859
2025-05-07 02:00:00,19.011108715267866,7.221210024179714,7.553855226886055,0.04281041072543311
2025-05-07 03:00:00,19.136510959776754,6.835898446848785,7.4870555325932635,0.03562457661744455
2025-05-07 04:00:00,20.06871002356698,6.661714365762535,7.516452536496703,0.04332533593644648
2025-05-07 05:00:00,20.15835346044126,6.77074175966876,7.566214978798711,0.04477430217603253
2025-05-07 06:00:00,20.064467213458258,6.410066328661172,7.485538573306306,0.051002970670558326
2025-05-07 07:00:00,20.041932320882147,6.601083745481863,7.505105186541761,0.04735633578936528
2025-05-07 08:00:00,19.558699618630946,6.5311936786399505,7.5070304848339635,0.052991748773315306
2025-05-07 09:00:00,19.2802495464511,7.196678144219584,7.4876002200370415,0.04543414312729198
2025-05-07 10:00:00,18.66604760939658,7.378307502383918,7.510122289194385,0.0501194143226464
2025-05-07 11:00:00,18.61719064682142,7.741584271215055,7.591695106559068,0.04931331860545414
2025-05-07 12:00:00,17.75047433876191,7.503527236758758,7.570024269569044,0.04937343449865671
2025-05-07 13:00:00,17.544082265089685,8.433382133678945,7.486471713987138,0.046625472662202384
2025-05-07 14:00:00,16.80812633451549,8.2383598901827,7.472129052747763,0.05685451156741324
2025-05-07 15:00:00,16.62049549742847,8.633819395330429,7.477397956004478,0.04445113860381206
2025-05-07 16:00:00,15.75181289950735,8.82578337688862,7.460113412930308,0.04379044311825887
2025-05-07 17:00:00,16.316042669798506,9.260586797852481,7.486906613224681,0.04191867241004959
2025-05-07 18:00:00,15.958144057414684,9.153457423232183,7.5108664009313095,0.049933737531775255
2025-05-07 19:00:00,15.667247215137955,8.92073685358102,7.5214456153421025,0.03984593582401682
2025-05-07 20:00:00,16.088995941995844,8.665933029134532,7.478416961850397,0.04686106525592817
2025-05-07 21:00:00,16.464217922775553,8.591672352100959,7.397076475786848,0.04747603949649512
2025-05-07 22:00:00,16.970144860718207,8.373986609950617,7.534010972119341,0.045469054773379036
2025-05-07 23:00:00,17.700067723086374,8.50784300214614,7.499071144749922,0.05376463850766823
2025-05-08 00:00:00,18.198768083858162,8.058115148962433,7.479542574000003,0.043476069104915846
2025-05-08 01:00:00,18.198992773360597,7.521648523522263,7.500681646711901,0.04632704272246193
2025-05-08 02:00:00,19.121412323563906,7.597876878097906,7.446135308442893,0.04415644631044835
2025-05-08 03:00:00,19.314922692412047,6.785919066176007,7.341751436193128,0.041612834990550324
2025-05-08 04:00:00,18.97135935834555,6.744790422301794,7.417624937539297,0.040047773522772945
2025-05-08 05:00:00,19.7557344828206,6.536210785889575,7.43819072668387,0.03420704073557875
2025-05-08 06:00:00,19.87398781104639,6.6054291937026655,7.44298785517786,0.044705378663967885
2025-05-08 07:00:00,20.304143037510116,6.597914263442009,7.364605378588391,0.047462386429128894
2025-05-08 08:00:00,19.995052702941177,6.612579513511807,7.465730340926444,0.038264077242843746
2025-05-08 09:00:00,19.24570259438104,6.833475912608963,7.433702998285032,0.0463999004155091
2025-05-08 10:00:00,18.923781077357845,7.245265355059432,7.4324956752856615,0.05015637722564356
2025-05-08 11:00:00,18.504779096960725,7.387897126589544,7.433660734843669,0.04184114238833349
2025-05-08 12:00:00,17.93345274690377,7.770365216833394,7.46241683300083,0.0420222801701573
2025-05-08 13:00:00,17.45177273913472,8.478130573872155,7.400365234947172,0.043062370389641974
2025-05-08 14:00:00,16.801799660604026,8.375224213905996,7.301677879551162,0.035129346749706955
2025-05-08 15:00:00,16.44239068949599,8.683329067154775,7.345095144866475,0.029220463213566986
2025-05-08 16:00:00,16.354530525906096,8.844248435850174,7.402305121932126,0.043438308055607035
2025-05-08 17:00:00,15.49674541459582,8.945669697597932,7.310062272484273,0.03834335892198004
2025-05-08 18:00:00,16.139882189914232,9.071824096862812,7.348636312947605,0.03157999283580553
2025-05-08 19:00:00,15.845570916866183,8.920168254356188,7.352204462469307,0.045270550787982984
2025-05-08 20:00:00,16.3083318671871,9.061569612588311,7.372211278383977,0.03995982558614143
2025-05-08 21:00:00,16.72482910772474,8.769307507793014,7.316533890809178,0.030171971880124042
2025-05-08 22:00:00,16.67949251905875,8.394034610070069,7.221258625830442,0.022310973433407592
2025-05-08 23:00:00,17.78839059249561,8.291938236439048,7.380799626618571,0.03369545542786151
2025-05-09 00:00:00,17.84057304752771,8.0069514990213,7.329529755453311,0.029328380029553753
2025-05-09 01:00:00,18.48817526013296,7.732497935922407,7.33310626770318,0.028636005422768628
2025-05-09 02:00:00,19.01676992786212,7.374104383977674,7.3159677874805755,0.036030012411861816
2025-05-09 03:00:00,19.50018015901173,6.8480190284320575,7.329700667560818,0.034289292632121285
2025-05-09 04:00:00,19.745384044780753,6.835597165671983,7.318987119165912,0.03151947281379796
2025-05-09 05:00:00,19.642146262916253,6.899955856693161,7.290599186552781,0.03658719482882168
2025-05-09 06:00:00,20.061536013706114,6.341371954234008,7.302003324692053,0.03379702934438297
2025-05-09 07:00:00,19.910948872654707,6.433070211458303,7.341225781452189,0.03597324204634651
2025-05-09 08:00:00,19.671722602629632,6.846311839674302,7.304430355125614,0.024697750903093063
2025-05-09 09:00:00,19.628007700587943,6.905979791091381,7.3900682925250125,0.0349145521725176
2025-05-09 10:00:00,19.175267616637505,7.033999790752486,7.257993369275491,0.027868714567023584
2025-05-09 11:00:00,18.4935355649947,7.629926609848443,7.394386316232538,0.03181455403487615
2025-05-09 12:00:00,17.560375493370024,7.573738640319088,7.341131045271313,0.0304893447852958
2025-05-09 13:00:00,17.8897152748711,7.887799412764225,7.297440362993167,0.03050782134136148
2025-05-09 14:00:00,17.404828611226915,8.474281897537686,7.31610955931385,0.030976704487879075
2025-05-09 15:00:00,16.70824704624244,8.730909671402298,7.335815547403723,0.023582718875435643
2025-05-09 16:00:00,15.863985308962805,8.956161013691666,7.312524814556232,0.03222196337016304
2025-05-09 17:00:00,16.374319648404583,8.931794266880978,7.241059031889659,0.033080687633263293
2025-05-09 18:00:00,15.68648478312903,8.799607728773204,7.255489220714538,0.03917912441730199
2025-05-09 19:00:00,16.329925448193777,8.968357990173374,7.247348776623636,0.0349042118002028
2025-05-09 20:00:00,16.549563961326108,8.71968721467465,7.265012283800897,0.041034054599093074
2025-05-09 21:00:00,16.333887739340323,8.695227270822741,7.258270607220419,0.037841616342724274
2025-05-09 22:00:00,16.41065995111038,8.10561646215185,7.319372830139167,0.03790282892739759
2025-05-09 23:00:00,17.4816951839352,8.404649895701768,7.302099335113262,0.04208529263947612
2025-05-10 00:00:00,17.937043923509563,7.841624567730363,7.302558383963365,0.039058451135221904
2025-05-10 01:00:00,18.813958671420206,7.361282505491812,7.290586868410744,0.035079545952322384
2025-05-10 02:00:00,18.978899670294556,7.469463497981269,7.293545759866351,0.03847624017211585
2025-05-10 03:00:00,19.367081530678373,7.262529681470852,7.258556552705879,0.032503486355037525
2025-05-10 04:00:00,19.958910237341183,6.748723543873385,7.32583780742526,0.04711208662616242
2025-05-10 05:00:00,19.71583162729425,6.835485131953559,7.329904415056978,0.04555988313901223
2025-05-10 06:00:00,19.72719027320802,6.680044389479696,7.36904912947748,0.05237098251105448
2025-05-10 07:00:00,19.77925093459394,6.69040433111376,7.298018840312707,0.03626400329214891
2025-05-10 08:00:00,19.753843556002685,6.691074352075383,7.291714183104778,0.048905583950310354
2025-05-10 09:00:00,20.041279986108755,6.65133954921651,7.428915844923032,0.0470140875312353
2025-05-10 10:00:00,18.872245570542677,6.976568072850197,7.312769591157451,0.04910830989511609
2025-05-10 11:00:00,18.49929436139157,7.41393312696694,7.294953052009309,0.04925883659753964
2025-05-10 12:00:00,17.655534085940424,8.056835976870415,7.387258125637609,0.06180061451137795
2025-05-10 13:00:00,17.269561132445034,8.150877008677158,7.398217450323256,0.05212680310887757
2025-05-10 14:00:00,17.02052913853081,8.389104067447244,7.352628057608254,0.036576837054856315
2025-05-10 15:00:00,16.654093964677934,8.488902699512074,7.4037318943697095,0.05512414035827046
2025-05-10 16:00:00,16.393325048795518,8.854869606029672,7.295464417306706,0.040011427807374586
2025-05-10 17:00:00,15.947145601848534,9.086935476947597,7.316570240873601,0.04808312695373321
2025-05-10 18:00:00,15.856376469010424,9.109080449077384,7.362206334941482,0.04427985226868593
2025-05-10 19:00:00,16.213547788797854,8.801836061852773,7.370058700997016,0.054840754435391215
2025-05-10 20:00:00,15.936713535064083,9.011093437943329,7.346156964493205,0.053080011604223265
2025-05-10 21:00:00,16.55666700703924,8.787094857370583,7.363021717095356,0.049562893544507505
2025-05-10 22:00:00,16.83809189960849,8.45350126265481,7.395136727547427,0.05120012618514401
2025-05-10 23:00:00,17.38305536869695,8.02106744138523,7.390546193520327,0.05116380665259086
2025-05-11 00:00:00,17.858083856312994,7.93825074391423,7.400225614787691,0.0560977417149161
2025-05-11 01:00:00,18.59044370907371,7.532802560257216,7.4192116636123036,0.05878146170365603
2025-05-11 02:00:00,19.316176070757457,7.2056422905966535,7.406274616222998,0.0390056149775604
2025-05-11 03:00:00,19.681281499806303,7.118681465736744,7.411524710991939,0.05145454751830338
2025-05-11 04:00:00,19.95115512635043,7.091646366641187,7.4522954486015545,0.05348719143143901
2025-05-11 05:00:00,20.088811689471065,6.7423198565207105,7.480573195240347,0.05455737588178642
2025-05-11 06:00:00,19.831618698994035,6.371795615640403,7.416469059169661,0.04767026515234818
2025-05-11 07:00:00,20.384493123942395,6.573700677331641,7.485382726907376,0.04463577296735199
2025-05-11 08:00:00,19.706517509187446,6.544220126835076,7.451746004346451,0.046957196711129086
2025-05-11 09:00:00,19.207983231700574,7.0716224131157785,7.438315464972172,0.0540294171344059
2025-05-11 10:00:00,19.112598119372116,7.182854692101339,7.45939165116418,0.041678925991774377
2025-05-11 11:00:00,18.731955613616616,7.265289423280762,7.4458893236994035,0.04683340302484303
2025-05-11 12:00:00,18.25710956365825,7.791234543192487,7.565653117069234,0.038656102309247424
2025-05-11 13:00:00,17.53163718808603,8.242243129229397,7.4697064040717,0.041036888673315765
2025-05-11 14:00:00,17.108335826599163,8.499150627912027,7.416198191511245,0.03077044461941345
2025-05-11 15:00:00,16.538272467959494,8.943615968856847,7.422924222158329,0.034905668404634396
2025-05-11 16:00:00,16.82457192933871,8.92946479130748,7.446609550976959,0.03389532600628788
2025-05-11 17:00:00,16.01661438786529,8.819059005277254,7.470421669002438,0.03429056809635184
2025-05-11 18:00:00,15.785160165171588,9.047330687504147,7.456565822630828,0.042846688438954526
2025-05-11 19:00:00,16.308835442316102,8.715851623193338,7.558555490774383,0.030025690404136492
2025-05-11 20:00:00,16.391751635036652,8.851063355480232,7.499142815953058,0.024670705906041847
2025-05-11 21:00:00,16.193552719557182,8.461604481862253,7.4840052349271255,0.029072755455506312
2025-05-11 22:00:00,17.494281865180742,8.648510444288242,7.520033750910834,0.03067732005320717
2025-05-11 23:00:00,17.584592249692392,8.091640002933728,7.537597825987079,0.030993885374927223
2025-05-12 00:00:00,17.993389695853093,7.6991237617613,7.510468730465638,0.030797430089660075
2025-05-12 01:00:00,18.276405823297868,7.913562505058903,7.473507715639354,0.024330193882192076
2025-05-12 02:00:00,19.090877565912354,7.364522128406508,7.535416446487364,0.03517425443671277
2025-05-12 03:00:00,19.449209033362123,7.112222803720564,7.511702422852095,0.027629885017290256
2025-05-12 04:00:00,20.111210351527248,6.880675515294257,7.526939973881456,0.031133085362894018
2025-05-12 05:00:00,20.044785331776925,6.833977007604682,7.552335514871344,0.03596153835433759
2025-05-12 06:00:00,19.933871872641888,6.57153610463134,7.549433097651307,0.027709429044940434
2025-05-12 07:00:00,20.247989728372698,6.639964623597277,7.501538330074571,0.023542902810249608
2025-05-12 08:00:00,19.234817068790832,6.722398976652206,7.58009222319321,0.03125566874125495
2025-05-12 09:00:00,19.53732944876976,6.878986057629124,7.464895781642767,0.040274415426667515
2025-05-12 10:00:00,19.32747532742156,6.960453421457839,7.5070828475228994,0.025378389465126723
2025-05-12 11:00:00,18.56654389166067,7.5949658549372145,7.5657095612844225,0.028265305132143155
2025-05-12 12:00:00,18.345178802687098,7.999437214912279,7.523613701392333,0.02310938802790307
2025-05-12 13:00:00,17.82991634502739,7.994529614544882,7.505943650486382,0.04354471010056224
2025-05-12 14:00:00,16.928750095697165,8.526608239934246,7.4926680318361525,0.03885395662529675
2025-05-12 15:00:00,17.044532304352796,9.100035258292348,7.4557924448853665,0.021741098783842595
2025-05-12 16:00:00,16.43555018807485,8.875499155623878,7.48440410362758,0.028031460688011985
2025-05-12 17:00:00,16.2654485652004,8.79906965382197,7.575954848996056,0.027669980624546762
2025-05-12 18:00:00,16.15090180379767,9.08446505713948,7.515239912077544,0.029803177751759842
2025-05-12 19:00:00,16.120752855108087,9.058609532685436,7.5063652274864285,0.03555241418142231
2025-05-12 20:00:00,16.431130627573438,8.706253697288934,7.534256205947533,0.030156231057159665
2025-05-12 21:00:00,16.554032286868342,8.561093518620151,7.504421722553468,0.0367329736435303
2025-05-12 22:00:00,17.04707592813119,8.425563259078505,7.4530742713805935,0.037006837705859504
2025-05-12 23:00:00,17.758986879047683,8.216396287334806,7.46310811481815,0.040431159553789585
2025-05-13 00:00:00,18.291751628589896,7.947965655110163,7.542227856642082,0.05107212873644572
2025-05-13 01:00:00,18.231728028411258,7.566040172431249,7.467650148642551,0.04959681079689664
2025-05-13 02:00:00,18.875697550638982,7.285073141527209,7.435942825005356,0.037512619765897634
2025-05-13 03:00:00,19.523966989143116,7.142072907740043,7.487271705183803,0.03899791956996722
2025-05-13 04:00:00,19.716848351886135,7.130398007833045,7.486246530802629,0.0362870635754061
2025-05-13 05:00:00,19.772811755418612,6.600054282604464,7.540965193554246,0.05070028268785821
2025-05-13 06:00:00,19.538644948789543,6.330190449382467,7.455606304478686,0.05181151519285587
2025-05-13 07:00:00,19.65248155315366,6.6322173741664265,7.421899646031807,0.04751220838348834
2025-05-13 08:00:00,20.104001758846604,6.635558679161341,7.467040367798713,0.03802773034368237
2025-05-13 09:00:00,19.288823192158738,7.2227059077911795,7.484461184712515,0.05395361311478622
2025-05-13 10:00:00,19.15588581738748,7.018895483156941,7.344715416022413,0.05370980118393782
2025-05-13 11:00:00,18.791299034931072,7.4617991549882445,7.354923201627841,0.046144694607109446
2025-05-13 12:00:00,18.10579525741079,7.845406365973913,7.455350147955726,0.04270630554788924
2025-05-13 13:00:00,17.680252722525093,7.803585339997842,7.425712667521522,0.046954584510986504
2025-05-13 14:00:00,16.981428734978927,8.276721607339137,7.409141210701399,0.0520948787668145
2025-05-13 15:00:00,16.417886692531972,8.810024484609052,7.4092116112786215,0.05253977881424905
2025-05-13 16:00:00,16.213161660649224,8.93295649553631,7.338925483027104,0.0561515582242759
2025-05-13 17:00:00,16.231511832099265,8.676463753598028,7.375821489266364,0.05436086394701504
2025-05-13 18:00:00,16.026916349200068,8.83500118566764,7.3199013136504645,0.05161948556758576
2025-05-13 19:00:00,16.312032165689736,8.985448515943398,7.333339650725804,0.046778943434233486
2025-05-13 20:00:00,16.193870497619077,9.003898382518528,7.3579140042601106,0.052202980983737095
2025-05-13 21:00:00,16.90018720744886,8.791178745630594,7.356217843171987,0.05245230159444763
2025-05-13 22:00:00,16.666767787954548,8.330907253265961,7.270631346557958,0.05349327634254533
2025-05-13 23:00:00,17.734459788708254,8.227852026705166,7.332760455993134,0.04778245198849041
2025-05-14 00:00:00,17.681597794785713,8.078187623479128,7.391731268016426,0.05023075084658129
2025-05-14 01:00:00,18.74578692767402,7.669034245932292,7.3108912714091465,0.050725581993170926
2025-05-14 02:00:00,18.973268830726397,7.2854111194195434,7.369812817867194,0.04967023157720364
2025-05-14 03:00:00,19.678425410298164,6.906045117479119,7.289709906067668,0.04465220519427769
2025-05-14 04:00:00,19.577412167540157,6.637841390904904,7.284113917591286,0.04574777724710204
2025-05-14 05:00:00,19.70691690070104,6.803701944571852,7.311014347270096,0.04315126556518496
2025-05-14 06:00:00,19.84480798028349,6.919199756516479,7.290019584466425,0.05211777966656493
2025-05-14 07:00:00,19.823785182116108,6.511409376501863,7.26556813500384,0.03835144923666795
2025-05-14 08:00:00,19.75053997011064,6.613706605627979,7.310445838840565,0.04273388949940177
2025-05-14 09:00:00,19.24293468380425,7.188087710038984,7.3015737359113,0.04281245899349367
2025-05-14 10:00:00,19.31510887559736,6.9805358568238285,7.306131499060001,0.05036775630014725
2025-05-14 11:00:00,18.81758136984112,7.019389194640024,7.270790682794694,0.03794961727317912
2025-05-14 12:00:00,17.96998346038258,7.4689891878180745,7.228458370751012,0.03969503571914418
2025-05-14 13:00:00,17.69370145804893,8.257345652697767,7.233921962242592,0.03818844109472761
2025-05-14 14:00:00,16.27378542356994,8.195070571396062,7.291627529419334,0.0384283826828063
2025-05-14 15:00:00,16.75851080555853,8.536091947990256,7.270335700715943,0.027908286448983535
2025-05-14 16:00:00,16.246183299355803,8.798525968403007,7.288571711540013,0.032744952292763974
2025-05-14 17:00:00,15.98404103463819,8.920827549335154,7.331962461603853,0.028752758376814257
2025-05-14 18:00:00,16.17940952214155,8.871390730356868,7.303001078149345,0.04185258945777596
2025-05-14 19:00:00,15.98208755739481,9.054946922170256,7.325743662680576,0.036660186411061585
2025-05-14 20:00:00,16.41409300643839,8.656294270007493,7.309444905537679,0.03990458810974604
2025-05-14 21:00:00,16.503923350673777,8.953491421489803,7.242902821598929,0.02885315713144234
2025-05-14 22:00:00,16.983349619028814,8.53615899642976,7.260736758970582,0.040768460472356764
2025-05-14 23:00:00,17.464652717242426,8.175025896152498,7.341444900759984,0.031142409783672845
2025-05-15 00:00:00,17.980601901392735,7.6137439541770755,7.317721669123794,0.03414360830218217
2025-05-15 01:00:00,18.516003188279957,7.4582541027028375,7.283581415622849,0.03216764562065327
2025-05-15 02:00:00,19.097820976947773,7.182560898385596,7.3261249653521,0.024954411753725536
2025-05-15 03:00:00,19.02823997935563,7.115463455528575,7.279746610157371,0.03408711925751691
2025-05-15 04:00:00,19.92562445918357,6.529008562224619,7.277137913221133,0.023987283822830965
2025-05-15 05:00:00,19.599883631976315,6.654183522203592,7.351006841642315,0.035755602543930225
2025-05-15 06:00:00,19.966625810885926,6.249259365311052,7.292188677134544,0.02815172011906333
2025-05-15 07:00:00,20.038579872696072,6.762722245425237,7.27437102507834,0.019174063821742762
2025-05-15 08:00:00,19.460716414223416,6.611844788158588,7.264961573216226,0.025178148248058897
2025-05-15 09:00:00,19.268936348071954,7.045247539062659,7.301553387722994,0.030420622219424487
2025-05-15 10:00:00,19.370107341477617,7.013022794186236,7.346086196545278,0.03354878509997364
2025-05-15 11:00:00,18.478407351818948,7.581167321717358,7.295814880412777,0.030123069343510205
2025-05-15 12:00:00,18.250901711289906,7.794052016434516,7.339064051557045,0.026647253656119703
2025-05-15 13:00:00,17.031458415974036,8.060210997612089,7.330960137307636,0.027087866484236583
2025-05-15 14:00:00,16.87948583173173,8.377920911487806,7.313328041536469,0.032463202692158494
2025-05-15 15:00:00,17.012442439279653,8.797391876306882,7.302556076057482,0.036120595983051756
2025-05-15 16:00:00,16.01845406899126,8.663091682682087,7.278711010266195,0.03776731762093922
2025-05-15 17:00:00,15.59032487716375,8.755269542042042,7.364126537079364,0.03808938611861792
2025-05-15 18:00:00,15.770022058626136,9.099879191395182,7.340182897518532,0.029749347488377945
2025-05-15 19:00:00,16.337210200053498,9.202662039917938,7.394760130234441,0.03398611435349745
2025-05-15 20:00:00,16.178712197713455,8.678635332728426,7.338699490376982,0.039463722919315575
2025-05-15 21:00:00,16.489916497340715,8.850493388613362,7.376369728638187,0.045141127200333676
2025-05-15 22:00:00,17.020576902623148,8.260552466395811,7.395329155582977,0.0461490615825534
2025-05-15 23:00:00,17.558695978374228,8.29871534309137,7.408517910393603,0.044272506371995556
2025-05-16 00:00:00,18.103023049752593,8.01144972589869,7.448742613471921,0.031491377511454616
2025-05-16 01:00:00,18.29703790316328,7.399289016726507,7.381873230112454,0.04136148186673371
2025-05-16 02:00:00,19.266737011004313,7.2750456737252795,7.403103218649129,0.047541089087597965
2025-05-16 03:00:00,19.097247572702845,7.234846785779073,7.441814458052354,0.03760089553256476
2025-05-16 04:00:00,19.959938275337464,6.630509979157664,7.433567384665046,0.04515652907508782
2025-05-16 05:00:00,19.924009870976214,6.954767513057481,7.454514844365373,0.046923718575742235
2025-05-16 06:00:00,19.806651405029942,6.3697085192987135,7.438825579667006,0.04580175375722991
2025-05-16 07:00:00,19.857796940654246,6.670789651390843,7.369288190652219,0.04850003573873742
2025-05-16 08:00:00,19.461792121772284,6.804942590326374,7.45212640214967,0.043036686028681756
2025-05-16 09:00:00,19.5700579222144,7.004599635176833,7.469778303947539,0.04882364066007367
2025-05-16 10:00:00,18.849081285338876,7.610755458823298,7.419145613118227,0.047517479514260864
2025-05-16 11:00:00,18.371118081194382,7.748681043598651,7.5014972635062644,0.049730781854373664
2025-05-16 12:00:00,17.8696704119141,7.934162975572899,7.457815035685574,0.05386998027010928
2025-05-16 13:00:00,17.4735972127022,8.188960014729075,7.439121358129341,0.05049833235574606
2025-05-16 14:00:00,17.058706037058194,8.706720079636272,7.500605205934552,0.04817820444143552
2025-05-16 15:00:00,16.349858671397662,8.897110511483335,7.4894070626823295,0.04970692349340572
2025-05-16 16:00:00,16.410193879418916,8.58033353410034,7.514315705810007,0.05218977408742428
2025-05-16 17:00:00,15.834969924565149,9.103707922680512,7.474045097595844,0.05095988034627771
2025-05-16 18:00:00,15.716227581690292,9.25767932396175,7.496692556143605,0.05363400101323377
2025-05-16 19:00:00,16.035427634986686,8.980549033823088,7.495322891923029,0.039987719620240364
2025-05-16 20:00:00,16.543240427412176,8.754087675057514,7.574303037069083,0.04977036669315178
2025-05-16 21:00:00,16.323110090798796,8.608068948685696,7.542110113488407,0.05357638615276939
2025-05-16 22:00:00,17.12893146650558,8.434174661540201,7.437326004095389,0.05136602706449712
2025-05-16 23:00:00,17.31000245343611,8.431966568187411,7.532395648795919,0.0405326319326083
2025-05-17 00:00:00,18.42610725559554,8.01037577069975,7.550517563289545,0.04792910819078421
2025-05-17 01:00:00,18.79490691375067,7.597909608609405,7.493884219649362,0.05150997233427502
2025-05-17 02:00:00,19.373858779542285,7.103470492179019,7.530160927291389,0.039099903737137884
2025-05-17 03:00:00,19.484614618841636,6.8100925699349535,7.500497098021385,0.036064247990349185
2025-05-17 04:00:00,19.7646108589788,6.636608397862904,7.542128577533322,0.043981550019321455
2025-05-17 05:00:00,19.84909550544394,6.808824467275045,7.477424381834198,0.04996026097505173
2025-05-17 06:00:00,20.025088067769296,6.489614115287051,7.510579283704182,0.055698327254952266
2025-05-17 07:00:00,20.112580014544104,6.422369122857983,7.558277579643445,0.03459625915688433
2025-05-17 08:00:00,20.183505269722502,6.756332482370795,7.562827658396562,0.036011964377427014
2025-05-17 09:00:00,19.401417410965077,6.753342335937159,7.450237125665374,0.043325809403554336
2025-05-17 10:00:00,18.782828107753453,7.151781772627057,7.565919738631245,0.04135744083336916
2025-05-17 11:00:00,18.229012973307842,7.679027766307549,7.508894106999147,0.04050599849205822
2025-05-17 12:00:00,17.710317367081384,7.827468747672986,7.5319809484675515,0.04236931925784222
2025-05-17 13:00:00,17.108495746952826,7.986286461954797,7.574365026275036,0.029421750966935993
2025-05-17 14:00:00,17.112144522297218,8.373314210009822,7.46569823243433,0.03860637779780483
2025-05-17 15:00:00,16.50211611272425,8.196427521586358,7.523415869764173,0.026150872741157207
2025-05-17 16:00:00,16.097082757226392,8.922968593860293,7.46297626748458,0.036651844135792776
2025-05-17 17:00:00,15.841079183701098,9.042383438323963,7.538876388849236,0.032721098362973086
2025-05-17 18:00:00,16.134720903135293,9.02740083472874,7.498131856443656,0.03478114783499044
2025-05-17 19:00:00,16.25594463105281,8.901913435294531,7.436823876569552,0.0437657557670607
2025-05-17 20:00:00,16.29554176752199,8.704718402980241,7.446655923848717,0.031130541234956035
2025-05-17 21:00:00,16.758628990906875,8.983243640838698,7.4442757901314796,0.028162334637745888
2025-05-17 22:00:00,17.039247765929098,8.220654659020317,7.396527551166147,0.03188415855240917
2025-05-17 23:00:00,17.06953018296344,8.162129727820915,7.49419870182895,0.030799380865618193
2025-05-18 00:00:00,17.695387088307434,7.479141498064991,7.446199161980143,0.030587388883644012
2025-05-18 01:00:00,18.44373244630059,7.468226665294032,7.409282562924906,0.028210357613934704
2025-05-18 02:00:00,18.684446914342356,6.944362213061987,7.492545876102065,0.03612142073597648
2025-05-18 03:00:00,19.204020481158373,7.173095566389362,7.4569462031025004,0.03170686008425559
2025-05-18 04:00:00,20.019212356343917,6.83879122302635,7.384773344097731,0.03204643379152888
2025-05-18 05:00:00,19.68003349684575,6.863474839019622,7.432164584675158,0.0301988757983655
2025-05-18 06:00:00,20.315696568912244,6.609458802205671,7.503021913828788,0.03033067446095065
2025-05-18 07:00:00,20.242639814264855,6.761441452683715,7.4160135140967025,0.027268005945375415
2025-05-18 08:00:00,19.67666678917633,6.917419827993022,7.507566548330099,0.026257199005130395
2025-05-18 09:00:00,19.300422978650893,7.3692928866971235,7.481059131197519,0.021127521033233482
2025-05-18 10:00:00,18.622613698328188,6.74538520394215,7.370108728477931,0.023396432128860913
2025-05-18 11:00:00,18.521496341803083,7.276928909393244,7.407882333239382,0.028471570294334874
2025-05-18 12:00:00,18.101891389058476,7.500646273779282,7.399397415402833,0.028485093393763664
2025-05-18 13:00:00,17.801145023366946,8.050670386837378,7.422058439194006,0.022768094792969644
2025-05-18 14:00:00,16.68955335059189,8.626950612696549,7.367437888425591,0.025746522688638654
2025-05-18 15:00:00,16.29369319784543,8.578011905521455,7.435347153399025,0.029667909496510766
2025-05-18 16:00:00,16.062932266746635,8.959339142591142,7.412253170962835,0.0344456437211741
2025-05-18 17:00:00,16.571596827052606,8.940407678463371,7.379365858015446,0.027423407427839497
2025-05-18 18:00:00,15.832863583529187,8.964901213193546,7.3656455941698855,0.03619853349992986
2025-05-18 19:00:00,15.785766556544301,9.06579590339497,7.399376800450533,0.036594085489418615
2025-05-18 20:00:00,16.658133682078493,9.015816359268259,7.366640330699325,0.04032162669601231
2025-05-18 21:00:00,16.588290159138044,8.735055028779405,7.298485498660335,0.03640209947760668
2025-05-18 22:00:00,17.038736607947197,8.41472168267329,7.34725665565652,0.04522282849227428
2025-05-18 23:00:00,17.37520483511522,7.913742815090246,7.319855618859588,0.03505108662651885
2025-05-19 00:00:00,17.879410477848136,7.8924239375233425,7.335040572473581,0.045099467184038594
2025-05-19 01:00:00,18.568576833235593,7.885347963693339,7.264854665353419,0.05065166671726119
2025-05-19 02:00:00,18.813787567237355,7.29436116321419,7.341097833546257,0.043527804330401626
2025-05-19 03:00:00,19.130408986852746,7.037228148283213,7.309020971877022,0.04163553772291132
2025-05-19 04:00:00,19.822903171047553,7.103590194599891,7.335411996618465,0.04825424405511107
2025-05-19 05:00:00,20.133133001665716,6.82234943146956,7.275070975815294,0.052855499891516486
2025-05-19 06:00:00,19.777980232139836,6.567909741518843,7.232613509377441,0.04271693344576366
2025-05-19 07:00:00,19.56726974173435,6.784742845695583,7.371457906845789,0.041415106116262014
2025-05-19 08:00:00,19.84113097035861,6.838593437011393,7.264471802623252,0.03885100056876546
2025-05-19 09:00:00,19.239333924504727,7.080608178155306,7.290400169617928,0.03826756931465593
2025-05-19 10:00:00,18.806796304724912,7.375956612080479,7.301661372555009,0.04023159038620641
2025-05-19 11:00:00,18.61294386539233,7.314095892874816,7.255488620783398,0.045054704997893276
2025-05-19 12:00:00,18.139271718810935,7.605951655566708,7.272085031878733,0.047338922718873314
2025-05-19 13:00:00,17.551928382720114,8.269288091358725,7.319105847717873,0.051421793111121446
2025-05-19 14:00:00,17.214106427691757,8.269590080053442,7.296702383053459,0.05246892546138605
2025-05-19 15:00:00,16.336328467867737,8.594716008496901,7.226656145156158,0.040738489003521866
2025-05-19 16:00:00,16.311877433321254,9.113712934480938,7.241572136640322,0.05369185273408577
2025-05-19 17:00:00,15.968285847011218,9.00196919405066,7.2769831442908455,0.051306391451929396
2025-05-19 18:00:00,15.723553040813139,8.879897840388505,7.290883172881788,0.04639608807156717
2025-05-19 19:00:00,15.969376403906717,8.76550929538172,7.327322105823978,0.051019224655019436
2025-05-19 20:00:00,16.041762014897582,8.768872428244176,7.256517463441867,0.046438629646174505
2025-05-19 21:00:00,16.402964185710562,8.756133191657064,7.238264005612823,0.041481820011638436
2025-05-19 22:00:00,17.03735844074399,8.131960697537002,7.3107798336612015,0.05135349745556871
2025-05-19 23:00:00,17.882645248988492,8.05594477666273,7.233611291656444,0.047951582568884654
2025-05-20 00:00:00,18.28704913925556,8.024921417332449,7.311829776983405,0.04738171802130128
2025-05-20 01:00:00,18.280874393694628,7.81290520476979,7.288424834112948,0.050520183915539425
2025-05-20 02:00:00,18.72112663695091,6.860968172340948,7.302166347181208,0.040447311297867744
2025-05-20 03:00:00,19.582566561680693,6.822349848161818,7.27096017106256,0.043183911827758895
2025-05-20 04:00:00,19.628589934104216,6.863460967263745,7.270105015783197,0.0378773869017695
2025-05-20 05:00:00,20.44204630567345,6.556089753663436,7.303233395470453,0.0401645494137829
2025-05-20 06:00:00,19.65957142716935,6.655645345033334,7.26298033722777,0.048658146474744805
2025-05-20 07:00:00,20.21918768130434,6.878942022732608,7.271216460105277,0.047604388680654974
2025-05-20 08:00:00,19.915127832990233,6.472183410064708,7.300784607413409,0.043420209520515556
2025-05-20 09:00:00,19.242853785488855,6.93199044941786,7.30868600224579,0.036157244740666984
2025-05-20 10:00:00,19.157156180300788,7.17581360659463,7.323523402913294,0.03384411225462389
2025-05-20 11:00:00,18.573284940931806,7.562935082976985,7.319237962127212,0.032003515036427656
2025-05-20 12:00:00,17.859485864832283,7.7653581107866225,7.374440833432029,0.042039407639437885
2025-05-20 13:00:00,17.299102471534994,7.991535684858723,7.3113939958383165,0.04270515639048999
2025-05-20 14:00:00,17.27975422765292,8.532404268699596,7.331504977322735,0.0391156207071254
2025-05-20 15:00:00,16.75777131391047,8.50061507536221,7.374200923915865,0.03515041475217817
2025-05-20 16:00:00,16.275680387762712,8.520451791536505,7.289198711874277,0.037076965345157274
2025-05-20 17:00:00,16.038889249982294,8.811831950869882,7.338841094692343,0.042067230422101476
2025-05-20 18:00:00,16.16533269923597,9.049833793896022,7.371198744102075,0.042890559795019156
2025-05-20 19:00:00,16.21918259615659,8.98293537414951,7.333747556832835,0.02418157317463081
2025-05-20 20:00:00,16.777440861386786,9.035146034893723,7.386315692818693,0.04261981257221255
2025-05-20 21:00:00,16.24209793855016,8.703393537705155,7.326837264064422,0.02692984324929288
2025-05-20 22:00:00,17.08456548419112,8.57532182452806,7.341826872063893,0.042334644643783455
2025-05-20 23:00:00,17.51711008255574,8.150699078475476,7.432238024953162,0.030280754426720076
2025-05-21 00:00:00,18.074571732694203,7.669162464302834,7.384922447860686,0.03125052793948471
2025-05-21 01:00:00,18.225967839766888,7.644295018914397,7.372074187599191,0.039693145112441125
2025-05-21 02:00:00,18.970335590133732,7.427101154088164,7.386712766741557,0.03495611235811586
2025-05-21 03:00:00,19.4391472962472,7.0448448740228,7.461090078045912,0.02421133866693806
2025-05-21 04:00:00,20.25666723007096,6.399999300377949,7.433188499696019,0.032766210899583904
2025-05-21 05:00:00,20.304621783358993,6.4884313670982365,7.457562053917308,0.0296373478394199
2025-05-21 06:00:00,19.913848933645006,6.5801011921374775,7.4121142857942885,0.03160556816669456
2025-05-21 07:00:00,19.659129079418367,6.62334024948129,7.556180621175921,0.029329700862549834
2025-05-21 08:00:00,19.755049842908033,6.784147635001617,7.517871444215256,0.0261184877775613
2025-05-21 09:00:00,18.818015574174048,6.621981878869965,7.437143106182668,0.02843650940239675
2025-05-21 10:00:00,19.35731953741733,7.388047255938871,7.492816947350052,0.02931114185682063
2025-05-21 11:00:00,18.237834542724936,7.9660873219934105,7.4760199137754695,0.02923631987000772
2025-05-21 12:00:00,18.479515196065524,8.14910328780855,7.473039437234611,0.03242933821511039
2025-05-21 13:00:00,17.69515762259638,8.067741497398886,7.482986809502125,0.024575086865519388
2025-05-21 14:00:00,16.7996936497628,8.421117234688825,7.433991702841327,0.03195518051997908
2025-05-21 15:00:00,16.760888467261438,8.462824614349351,7.492635277561412,0.02460954718582197
2025-05-21 16:00:00,16.167805924761023,8.881234980511891,7.543666101489328,0.03697249769809946
2025-05-21 17:00:00,16.234805719197176,9.021059417659234,7.489894223317734,0.0355270456656994
2025-05-21 18:00:00,16.13123248545901,8.948290882287036,7.542443287451924,0.034450610563952294
2025-05-21 19:00:00,16.00125024865112,8.855506317937854,7.443370408579265,0.025014394322790637
2025-05-21 20:00:00,15.720640771010483,8.753604534758527,7.555360695208398,0.041976222555465646
2025-05-21 21:00:00,16.447768364738337,8.546262330736155,7.53323746734233,0.03054290159545274
2025-05-21 22:00:00,17.040185882016363,8.198130469861459,7.458410878980983,0.051998603216665405
2025-05-21 23:00:00,17.46764700366117,8.339587869212007,7.532731366973652,0.042063224778889526
2025-05-22 00:00:00,17.879208152342496,7.3776732455749645,7.536180263627939,0.03896867514348558
2025-05-22 01:00:00,18.318795093017183,7.627045403867897,7.582408709858776,0.04614362857232998
2025-05-22 02:00:00,19.27497703802276,7.169757481335935,7.553378991837038,0.040039873547184725
2025-05-22 03:00:00,19.083464937062526,7.312978415835189,7.461506302942927,0.03946066864297056
2025-05-22 04:00:00,20.002492996160754,6.647665626981276,7.550618637225235,0.049327717837898355
2025-05-22 05:00:00,19.7531828551529,6.469999487749518,7.523615085687505,0.04517552252467295
2025-05-22 06:00:00,20.31152602353486,6.707275645345926,7.5133375586540545,0.047628510802634264
2025-05-22 07:00:00,19.77259990088817,6.762938372318893,7.512161105104696,0.0471414313493351
2025-05-22 08:00:00,19.92675769858221,6.853784800657676,7.474720231642801,0.04654878495913574
2025-05-22 09:00:00,19.5382050514666,6.754604985433941,7.455531410762227,0.05296471378404716
2025-05-22 10:00:00,18.799036453697525,7.145670581846118,7.533987038926341,0.05712602972990163
2025-05-22 11:00:00,18.52947429391236,7.309677531639033,7.515597053904974,0.049387494691254495
2025-05-22 12:00:00,18.506841061637513,7.694416145550262,7.5376987463279095,0.05263566659407673
2025-05-22 13:00:00,17.588176930952574,7.893729844064274,7.512146153251751,0.055899250146175125
2025-05-22 14:00:00,17.649722789466008,8.678133420433568,7.558466869045548,0.052275125555520253
2025-05-22 15:00:00,16.800203544802905,8.93037433646777,7.418342249933878,0.045770473386982424
2025-05-22 16:00:00,16.384860430443087,8.630448053296778,7.500631449379248,0.05019485479577221
2025-05-22 17:00:00,16.267168026251447,8.849380378418655,7.448558083257738,0.05730525927937854
2025-05-22 18:00:00,15.96466470207761,8.840507795969563,7.530831732724455,0.05341052124780239
2025-05-22 19:00:00,15.838179644863041,8.938712658338739,7.502997985186977,0.04980668471133611
2025-05-22 20:00:00,16.717104175849432,8.579209006511183,7.487641453401339,0.04809901886146579
2025-05-22 21:00:00,16.574989502038026,8.592940458139037,7.493759680255004,0.05079118665655386
2025-05-22 22:00:00,17.350557416257537,8.340841402024378,7.512589439374733,0.058227576594773255
2025-05-22 23:00:00,17.747078731870648,8.319561277950227,7.456626283486981,0.04684155129775688
2025-05-23 00:00:00,17.954711347234035,7.402135492313735,7.4250461302109825,0.038999625024002914
2025-05-23 01:00:00,18.43446852878456,7.335151433310382,7.506626228225683,0.04458908282633548
2025-05-23 02:00:00,18.77765692987421,7.232163722301313,7.352586815274932,0.049152405348582666
2025-05-23 03:00:00,19.327987716581166,6.883865642634814,7.483590453634062,0.04357014576802887
2025-05-23 04:00:00,19.185807025543802,7.088496335437664,7.444761902413648,0.034951060150291535
2025-05-23 05:00:00,19.869059154257425,6.637315975414869,7.462409269344022,0.051013620355025456
2025-05-23 06:00:00,19.826452154319117,7.005605424043179,7.4923771199635825,0.047419645782409404
2025-05-23 07:00:00,19.468948182774444,6.533977089946407,7.401422073909105,0.04684078744048629
2025-05-23 08:00:00,19.405567653724166,6.915402306739711,7.462176817102546,0.035513063470634265
2025-05-23 09:00:00,19.78633974860301,6.680026875800964,7.420060156763318,0.0472986039006032
2025-05-23 10:00:00,18.729599052291952,7.293925281670448,7.375792539646799,0.05117284890733319
2025-05-23 11:00:00,18.407663266101462,7.2061012546506,7.373677396697604,0.04347104476014479
2025-05-23 12:00:00,17.98925062283868,7.7087515805828435,7.31036887623986,0.04045957757499261
2025-05-23 13:00:00,17.607758662489584,8.173669990217153,7.449390336282253,0.03999964002816317
2025-05-23 14:00:00,17.201299772936338,8.44267515108199,7.351236971390366,0.029457610274805875
2025-05-23 15:00:00,16.397016409597686,8.591871033997544,7.411805764871592,0.042080605588728906
2025-05-23 16:00:00,16.306478554663677,9.044471111547944,7.3841843423441516,0.045033570866230346
2025-05-23 17:00:00,16.067867713735716,8.915151469773255,7.3791620954289945,0.041242965420115324
2025-05-23 18:00:00,16.067166363660935,9.090969730487808,7.290306855115835,0.03279256221472907
2025-05-23 19:00:00,16.065764323692253,9.254683735910808,7.283635253723482,0.03190599684268715
2025-05-23 20:00:00,16.307062035108395,9.153369825405672,7.409802967004695,0.03500679695057501
2025-05-23 21:00:00,16.592873478412404,8.545802641203815,7.323371948088055,0.029539172166451168
2025-05-23 22:00:00,16.464269862888276,8.604654272935539,7.340274440895265,0.03583285123269808
2025-05-23 23:00:00,17.059657421720086,8.159211643325541,7.378533526823104,0.029515386006642382
2025-05-24 00:00:00,17.687346922391395,7.670918458052499,7.384195466973809,0.02955512775943968
2025-05-24 01:00:00,18.331033702540307,7.320140614434899,7.267369814737984,0.03742924883589651
2025-05-24 02:00:00,18.516126628096483,7.24817191951721,7.360815843205486,0.03532725422201624
2025-05-24 03:00:00,19.202889357957645,7.026675551113458,7.349484059804933,0.026000760019894258
2025-05-24 04:00:00,19.74782235194237,7.1217849315427335,7.324878949246388,0.027405842978302685
2025-05-24 05:00:00,20.131322242007897,6.381344004834429,7.387173960605666,0.03825767161353038
2025-05-24 06:00:00,19.78599028750623,6.309139053433141,7.333833583068637,0.03292610341867425
2025-05-24 07:00:00,19.805200241161522,6.743257848178471,7.363401254084782,0.03369989695911438
2025-05-24 08:00:00,19.768003157420704,7.095917596796823,7.247778738318516,0.02475821732134973
2025-05-24 09:00:00,19.42578978342353,7.166965694814808,7.22819642634446,0.02779207383996412
2025-05-24 10:00:00,19.808129671713175,7.066848270542917,7.247902196161892,0.027356024314855013
2025-05-24 11:00:00,18.547630520858892,7.289781143923931,7.306324116591953,0.035341177063100956
2025-05-24 12:00:00,17.916397406642783,7.860963539312501,7.271148484599274,0.02608953227509159
2025-05-24 13:00:00,17.228602868914898,7.8035274603892555,7.297669627722472,0.02348600591020024
2025-05-24 14:00:00,16.72299897180549,8.215151778051204,7.306733644508932,0.03783186597298097
2025-05-24 15:00:00,16.987582815290864,8.752895367074661,7.272292055766216,0.0390974704091236
2025-05-24 16:00:00,16.22360569854808,8.969674144483962,7.247136576276225,0.04039790640370192
2025-05-24 17:00:00,15.89378193015379,9.225657087305587,7.220575252977235,0.027542279770572078
2025-05-24 18:00:00,15.595446515964042,9.031476302902078,7.306088072236432,0.032087222788785744
2025-05-24 19:00:00,15.920677328581654,8.821418176351182,7.316162486487035,0.04057703104797903
2025-05-24 20:00:00,15.914521227627777,8.87183173929901,7.2749825104895605,0.044993562923019426
2025-05-24 21:00:00,16.220572924593533,8.6131325231939,7.278865229831479,0.03168641514534801
2025-05-24 22:00:00,17.173402083277498,8.353856595036024,7.339293518123045,0.02957178409147162
2025-05-24 23:00:00,17.728198805343922,8.065094392200594,7.243630542634364,0.04202765447767035
2025-05-25 00:00:00,17.78638341688857,7.860232177817498,7.300927661341536,0.03849928394376698
2025-05-25 01:00:00,18.779786535399847,7.483122856427116,7.27018258771158,0.04152838421080273
2025-05-25 02:00:00,18.8311587204494,7.45032697032034,7.293900134838435,0.048581028344038955
2025-05-25 03:00:00,19.47778394917178,6.864522239738902,7.312734249026459,0.04024978769448059
2025-05-25 04:00:00,19.43302860017775,6.888408619531354,7.286502689532068,0.05509490061436392
2025-05-25 05:00:00,20.10303827100863,6.563356512054672,7.212727645589586,0.041074755368310664
2025-05-25 06:00:00,20.128180569723483,6.959633608922283,7.307622904282101,0.05092878085271129
2025-05-25 07:00:00,20.14979517494377,6.55824563336756,7.260475462424485,0.047480574181886885
2025-05-25 08:00:00,20.233497136896514,6.935515552263541,7.301681400482513,0.05604804654518869
2025-05-25 09:00:00,19.595704902329167,7.008560551193565,7.346197521148323,0.048836605972869755
2025-05-25 10:00:00,18.84647222324646,7.376333259470046,7.419439385282635,0.04961628591733271
2025-05-25 11:00:00,18.43937148981636,7.677305111233184,7.342411998938095,0.05326498172145796
2025-05-25 12:00:00,17.717816977198392,7.7077701817830295,7.383922866899358,0.04377138554631952
2025-05-25 13:00:00,17.18813807046063,8.080739856662545,7.344901114901495,0.04494938826168603
2025-05-25 14:00:00,17.205250925867485,8.248314530449411,7.364854741645671,0.04298239255193506
2025-05-25 15:00:00,16.32749098514394,8.470975965519917,7.38455769150327,0.05033232639030074
2025-05-25 16:00:00,16.40697913389133,9.107827743971605,7.3535874532393,0.04485496105821428
2025-05-25 17:00:00,15.886126447410971,9.140508610631025,7.3455802297622945,0.05571248743785025
2025-05-25 18:00:00,15.786079120908342,9.094490253314813,7.398250824599583,0.06039963335026137
2025-05-25 19:00:00,16.319970291907286,8.775361633097711,7.335363435617853,0.049109265424044646
2025-05-25 20:00:00,16.46893969037247,8.904795668100425,7.357751089969227,0.05554258042879124
2025-05-25 21:00:00,16.417813506288525,8.559880821907347,7.477894189843738,0.05046898821217108
2025-05-25 22:00:00,17.428490128583093,8.38999633605483,7.432239454391562,0.0581261460662415
2025-05-25 23:00:00,17.55985410954441,8.177575798514134,7.403847985036644,0.04156752823494058
2025-05-26 00:00:00,17.9071867858816,7.831162227907064,7.400299310257192,0.04105795369999978
2025-05-26 01:00:00,18.16163181591587,7.3838628390936805,7.40602560892306,0.046679313044587334
2025-05-26 02:00:00,18.722104827397473,7.211699709802372,7.427795646715813,0.041982606176560175
2025-05-26 03:00:00,19.420155498685542,7.101469558725028,7.3858386706812515,0.046794614438846784
2025-05-26 04:00:00,20.044208102343404,6.716609754496457,7.412652803500773,0.036104054719853264
2025-05-26 05:00:00,19.54371329648776,6.759022820987512,7.40254067409027,0.05394966423517217
2025-05-26 06:00:00,19.518378811419616,6.5600630813019425,7.424500393136254,0.04234293105559542
2025-05-26 07:00:00,19.65845752737577,6.533745231195094,7.403224430602734,0.04889585318896994
2025-05-26 08:00:00,19.962341289044275,6.856508148025495,7.502387973942938,0.05301721365827817
2025-05-26 09:00:00,19.47373052281552,7.120174583218882,7.431562375637297,0.04035561865830079
2025-05-26 10:00:00,18.910344034861254,7.564081143268829,7.467537228206066,0.04410739361728142
2025-05-26 11:00:00,18.454100714226698,7.6072478926420555,7.455972512500176,0.03875192577908807
2025-05-26 12:00:00,17.85250337914458,7.96645547873078,7.484654865418604,0.047680052596820593
2025-05-26 13:00:00,17.44754431044581,8.22777141664477,7.475486292378046,0.04306313126053009
2025-05-26 14:00:00,16.98068344536197,8.374709371344744,7.503623092149663,0.03924234402300047
2025-05-26 15:00:00,16.524738847636204,8.667017737403844,7.513849787007247,0.04315254946486565
2025-05-26 16:00:00,15.92976913945253,8.80073160041579,7.485778818858346,0.027181577337448137
2025-05-26 17:00:00,16.01610274569051,8.853164308935966,7.545426061282585,0.03679297017135592
2025-05-26 18:00:00,15.939048934027724,9.070853428793445,7.53259412306446,0.03527903133641438
2025-05-26 19:00:00,16.464319961159067,9.000193857607394,7.456958701179,0.03903005603744255
2025-05-26 20:00:00,15.961118976444164,8.669282678953113,7.4724572546925865,0.030844501223997022
2025-05-26 21:00:00,16.169300066049985,8.491838857436486,7.515320876842552,0.026268185301134273
2025-05-26 22:00:00,16.831229771876735,8.487775531739064,7.53438715600431,0.0367304803934394
2025-05-26 23:00:00,17.590898654352095,8.095204786372062,7.485642925090125,0.03255361497215064
2025-05-27 00:00:00,18.49620200423675,7.551632135896257,7.5257702823713775,0.0350455535626983
2025-05-27 01:00:00,18.602148404370183,7.1550660725039235,7.581131647752336,0.039982217864180894
2025-05-27 02:00:00,19.165776963486657,7.091675736727647,7.56286679394872,0.02199836550527179
2025-05-27 03:00:00,19.131942367405628,6.793061142391677,7.548230676508003,0.03956409366503525
2025-05-27 04:00:00,19.81916676398733,6.852176826542156,7.529430576599982,0.03673882518166173
2025-05-27 05:00:00,19.76979528815489,6.551726989904273,7.514022618559263,0.02747115944224895
2025-05-27 06:00:00,20.01869294362826,6.686724483197508,7.561728077807217,0.03468096981207209
2025-05-27 07:00:00,20.529407182189544,6.895855124888223,7.483084373466102,0.03638247784395896
2025-05-27 08:00:00,19.539699233746077,6.728871797620659,7.496675634142079,0.027442057822893495
2025-05-27 09:00:00,19.160130489826894,7.128784001462286,7.5507210435691015,0.021635182219476426
2025-05-27 10:00:00,19.110417737207477,7.14148809856061,7.519919711979201,0.03410456730669532
2025-05-27 11:00:00,18.664466653993582,7.588315774098756,7.49663054656481,0.03476497793100373
2025-05-27 12:00:00,18.130790958875988,7.458353022528284,7.475373007587397,0.034529711668855566
2025-05-27 13:00:00,17.44611109359988,8.249830756179337,7.494499293508421,0.034940379081855065
2025-05-27 14:00:00,17.227431608019984,8.11357461647158,7.518099467065046,0.03409955715930216
2025-05-27 15:00:00,16.585310932668143,8.307098934088478,7.566560717284809,0.03794573484957372
2025-05-27 16:00:00,16.14339626603809,8.805928325074078,7.447041803715747,0.03146153058231972
2025-05-27 17:00:00,16.450301430242508,9.11027562527591,7.537503771311364,0.03110245361599519
2025-05-27 18:00:00,15.821031273992551,9.100586857307459,7.504143656050036,0.031432167861755796
2025-05-27 19:00:00,15.79666682913074,8.87571729341716,7.503886645696914,0.036459739217451416
2025-05-27 20:00:00,16.182932137130805,8.500085455278155,7.498500350206933,0.041804695559764835
2025-05-27 21:00:00,16.81036154580848,8.708433167616407,7.537714050265866,0.03124514471969375
2025-05-27 22:00:00,17.47691116936155,8.437654555994884,7.416334705524489,0.03668928701926453
2025-05-27 23:00:00,17.227704936222715,8.002855951368492,7.467731822381837,0.039991441540312145
2025-05-28 00:00:00,17.989473692288108,7.721692793066303,7.494033196384633,0.032437246546329804
2025-05-28 01:00:00,18.58168997098604,7.327704083317105,7.500841803928768,0.03676269225658226
2025-05-28 02:00:00,19.185868111128766,7.559854944132812,7.44817294946923,0.0467260269974042
2025-05-28 03:00:00,19.32224507566828,6.855882340726079,7.449334626178524,0.04005818707313636
2025-05-28 04:00:00,19.785264568581425,6.628379766335898,7.415564489520974,0.04274673853215414
2025-05-28 05:00:00,19.491422239260334,6.498080882137159,7.423367870818646,0.03875976255554897
2025-05-28 06:00:00,19.57317438447744,6.5262228872390216,7.465298510763303,0.04184720787005379
2025-05-28 07:00:00,20.098851738824635,6.305551242956678,7.397069391074794,0.03532424098488764
2025-05-28 08:00:00,19.863383597684933,6.913879177102835,7.5006591351392915,0.04705214992924255
2025-05-28 09:00:00,19.544318105737574,6.658258184571653,7.4000262781073,0.04387570133162386
2025-05-28 10:00:00,19.04326562925942,7.257427488813679,7.3696354514321385,0.049211909739399144
2025-05-28 11:00:00,19.244054946572664,7.132090534303778,7.411456244426116,0.0515764200010741
2025-05-28 12:00:00,17.68646340590733,7.631838361015752,7.389339356830692,0.04148090647351637
2025-05-28 13:00:00,17.050676497055235,8.26084678839305,7.367537057974795,0.05098534177639627
2025-05-28 14:00:00,16.908598218553795,8.504397962921702,7.40479913459529,0.04444072976344517
2025-05-28 15:00:00,16.47451964715872,8.398623690452103,7.350922553048032,0.0471674242351863
2025-05-28 16:00:00,16.01613025918822,8.860562737250861,7.383734930452183,0.045140850933666446
2025-05-28 17:00:00,16.179107963875314,8.9267528399427,7.268153788676811,0.04656884074025082
2025-05-28 18:00:00,15.681357601680588,9.067313427004317,7.3380551712492945,0.04449697970088567
2025-05-28 19:00:00,16.51077185919776,9.054699105703033,7.339774521602375,0.05350242522196335
2025-05-28 20:00:00,16.378141326358417,9.276710455791548,7.3655114765788685,0.051429717211306694
2025-05-28 21:00:00,16.54808156742952,8.83694294626725,7.370704791614889,0.045592188878977126
2025-05-28 22:00:00,16.999366147862002,8.303994943436756,7.277917032811504,0.049718760153638165
2025-05-28 23:00:00,17.326063204134858,8.193518125703198,7.373903929031128,0.05621126941594611
2025-05-29 00:00:00,17.463230153877387,7.943499512536497,7.3662948804806305,0.04996219654445719
2025-05-29 01:00:00,18.42240875270109,7.5760456066716175,7.32469521361665,0.048400736819128085
2025-05-29 02:00:00,19.16577058741485,7.246137372850368,7.248910310557256,0.04634945979040362
2025-05-29 03:00:00,19.30834911533807,7.0076016309906475,7.320634680606667,0.04641951976808287
2025-05-29 04:00:00,20.006770685384197,6.891837214212038,7.313565102351812,0.03755570212321391
2025-05-29 05:00:00,20.146234652388554,6.486589104878924,7.321041826047954,0.039726290381494535
2025-05-29 06:00:00,19.82158332130574,6.541232578598732,7.295796904228879,0.034361079604683445
2025-05-29 07:00:00,20.119105991226338,6.270682178917308,7.334029057198259,0.04709940988026179
2025-05-29 08:00:00,19.710158683143913,6.692640930886314,7.2731416871694154,0.04487750604427707
2025-05-29 09:00:00,19.251968301824796,6.972628100794315,7.321306927329858,0.037764284741670935
2025-05-29 10:00:00,18.825225901795868,7.105239968940879,7.301639705384197,0.03786465942795035
2025-05-29 11:00:00,19.30572694993406,7.556812911979083,7.259332802644745,0.03753490834487124
2025-05-29 12:00:00,18.11696666967052,7.727821357956296,7.235844708276733,0.044106187961977183
2025-05-29 13:00:00,17.483485646704725,8.229005793899796,7.231299782857993,0.04204091524932724
2025-05-29 14:00:00,17.100082806500865,8.701409316572668,7.296656817168468,0.03517613918453219
2025-05-29 15:00:00,16.483387928298075,8.951641904720903,7.209759609681151,0.03038517517484612
2025-05-29 16:00:00,16.54347654318728,8.786457562951103,7.231125455653911,0.04062643703112581
2025-05-29 17:00:00,15.604719037168348,8.787296182813696,7.209823188184814,0.028802073316996808
2025-05-29 18:00:00,15.805854222441948,8.949370371000967,7.317838280839111,0.025916324942899183
2025-05-29 19:00:00,16.002417097043356,9.084099917650088,7.286633229727089,0.027557646645708936
2025-05-29 20:00:00,16.561964847046827,8.858318190720915,7.278592774180148,0.02883801692582652
2025-05-29 21:00:00,16.95635798460382,8.720332751422282,7.276949299135951,0.042861552043329545
2025-05-29 22:00:00,17.033377868005864,8.236367896800289,7.292117010031712,0.03674018148980114
2025-05-29 23:00:00,16.991783555227425,8.262844610465178,7.274714100502999,0.028437714413103422
2025-05-30 00:00:00,18.13811010326127,7.643458898234995,7.215099741422563,0.03173809878172864
2025-05-30 01:00:00,18.487534977121392,7.5933400861139,7.346861633381574,0.034322494717814324
2025-05-30 02:00:00,18.827821407019538,6.970118932659991,7.290887021482656,0.018680155772483532
2025-05-30 03:00:00,19.307811197583536,6.671807666501612,7.271950218058913,0.03339619191605825
2025-05-30 04:00:00,19.855034734799126,6.7768512832913785,7.3190446761299475,0.028332979484539954
2025-05-30 05:00:00,19.89977034752106,6.275715758636312,7.274114010769846,0.032911581385260416
2025-05-30 06:00:00,19.703761996664152,6.523568456283771,7.328496594461555,0.02951750737832911
2025-05-30 07:00:00,20.20342812987694,6.752673318156888,7.335149701061185,0.027473031652601503
2025-05-30 08:00:00,19.719991973925428,7.004866846654973,7.345159653673608,0.030810449132707498
2025-05-30 09:00:00,19.082120698815835,7.171057980203658,7.302817550175925,0.017244377957358805
2025-05-30 10:00:00,18.80552064408947,6.991065151334684,7.293820784158142,0.029352351945451657
2025-05-30 11:00:00,18.088125479531477,7.560529841118189,7.323573302600209,0.03757815338737196
2025-05-30 12:00:00,17.959221593593693,7.925053632567659,7.379155932265594,0.03421726364014932
2025-05-30 13:00:00,17.55879104408091,7.921471197779559,7.379270358744895,0.03368097557758382
2025-05-30 14:00:00,16.752153128181174,8.536053868314285,7.323384719750184,0.027739680509003033
2025-05-30 15:00:00,16.898711855367566,8.768320890974934,7.270818254016714,0.0326103224625247
2025-05-30 16:00:00,15.983292189636126,8.685993891419068,7.322778215663126,0.032011357450600866
2025-05-30 17:00:00,16.07145217677271,8.959276599593707,7.311433137980014,0.04085590783217284
2025-05-30 18:00:00,15.972268271565829,8.885402179640764,7.35478506250099,0.03931887135324118
2025-05-30 19:00:00,16.344325798147516,9.16983743885715,7.369669694677101,0.04527327715726685
2025-05-30 20:00:00,16.738683250002634,8.84104261713393,7.468920583557379,0.048242758276659484
2025-05-30 21:00:00,16.517791719046567,8.889276692395828,7.344899480428956,0.040765277300471435
2025-05-30 22:00:00,16.396170725633706,8.613293279774675,7.42714735949817,0.03763516400229883
2025-05-30 23:00:00,17.593211846759374,8.143961167744234,7.396794998107028,0.029838248917732537
2025-05-31 00:00:00,17.95001564068495,8.018453313168846,7.386108624545831,0.032706557441554485
2025-05-31 01:00:00,18.534744984738193,7.478436257818704,7.382427124807353,0.047595671617680316
2025-05-31 02:00:00,18.976382273738707,7.0351655915474955,7.427930097278301,0.04926945225894075
2025-05-31 03:00:00,19.093779569003562,7.447791228042597,7.487638443526522,0.044415937358337224
2025-05-31 04:00:00,19.839986467584488,6.695916548640751,7.467589144368795,0.04428568905376576
2025-05-31 05:00:00,20.003263926162795,6.453102487773404,7.403792636396725,0.038399956883590554
2025-05-31 06:00:00,19.74162890724413,6.44091159942811,7.4383673081998465,0.03748397932633145
2025-05-31 07:00:00,19.85819630486003,6.815008212387682,7.44811021090027,0.05159726670211069
2025-05-31 08:00:00,19.769904501118354,6.776781646278065,7.508428759264807,0.04487364559593663
2025-05-31 09:00:00,19.354633489535782,6.995430547913234,7.4447871827863015,0.04370014718730916
2025-05-31 10:00:00,18.968099010965044,7.270571340000506,7.433973875683085,0.042115541549846196
2025-05-31 11:00:00,18.592527822079322,7.532683526024805,7.438710047364726,0.046869675859645916
2025-05-31 12:00:00,18.228599160951834,7.811911396741848,7.417852905797833,0.03978371349910592
2025-05-31 13:00:00,17.473476105795797,8.469540469471006,7.39710665399354,0.049555093170468356
2025-05-31 14:00:00,16.968231225563535,8.305447729737237,7.4857517841021695,0.04731283273414101
2025-05-31 15:00:00,16.384417524623085,8.805302737208683,7.51186068270116,0.05332238277045815
2025-05-31 16:00:00,16.282341816713803,9.104590145758669,7.476400018532009,0.04421068080508786
2025-05-31 17:00:00,15.87655984683855,9.310482358055513,7.518486434775058,0.048563999913562264
2025-05-31 18:00:00,15.620485339348477,9.066187313197332,7.516037485386143,0.05501864520439251
2025-05-31 19:00:00,15.92970384598747,9.077182285235834,7.5196558280279815,0.04473936301452441
2025-05-31 20:00:00,15.761308211300703,9.061579033325511,7.527415187635361,0.056090776509110485
2025-05-31 21:00:00,16.90872637376976,8.824902907181423,7.507446479428227,0.043190847096056056
2025-05-31 22:00:00,16.927107077317093,8.395798618034306,7.531493598799748,0.04637414351222853
2025-05-31 23:00:00,17.236908490512274,8.293070842253076,7.511667459885869,0.05251905842107489
2025-06-01 00:00:00,17.83856008157589,7.854432647029094,7.518097843670395,0.042264562752758125
2025-06-01 01:00:00,18.31267807273241,7.377099658743067,7.624121822794242,0.04518149100879837
2025-06-01 02:00:00,19.188176609701486,6.950093475418944,7.511799020111591,0.04943616288759467
2025-06-01 03:00:00,19.775288865190806,6.806748363686521,7.544512808277667,0.052321217969483566
2025-06-01 04:00:00,19.542540217708414,7.036119859681309,7.5493928504682515,0.05321562554231965
2025-06-01 05:00:00,19.83210814282546,6.539112442343915,7.476342289576522,0.03779408644724823
2025-06-01 06:00:00,20.005880729740497,6.826982891764364,7.566815541760518,0.041506487194728096
2025-06-01 07:00:00,19.76944200962978,6.706237690051541,7.6129120945767355,0.041969106617617144
2025-06-01 08:00:00,19.794705779716825,6.734249034733974,7.562396987358095,0.049288147913159525
2025-06-01 09:00:00,19.465990089360538,7.163773271311756,7.47650607424638,0.0370687089039899
2025-06-01 10:00:00,18.74036086552973,7.001375683774104,7.51603316259842,0.045625424737694875
2025-06-01 11:00:00,18.5781160315096,7.40843350604793,7.563839966244123,0.03852683315573255
2025-06-01 12:00:00,17.393634269461703,7.436356685466732,7.521494096988436,0.04641682829044383
2025-06-01 13:00:00,17.298492317780376,8.02615229026842,7.507235463057233,0.0378059679968059
2025-06-01 14:00:00,16.704600102262233,8.60108301749586,7.561882563582926,0.03290465930957873
2025-06-01 15:00:00,16.668838214224905,8.487862584139272,7.45009272169535,0.041940058660018355
2025-06-01 16:00:00,16.358898435397023,8.88898890285445,7.481358312992686,0.03240008796652378
2025-06-01 17:00:00,15.904135224960532,8.80381528152672,7.488931148180796,0.032686084187896175
2025-06-01 18:00:00,16.22197953199603,9.215027786364397,7.528438602493216,0.03269882247126112
2025-06-01 19:00:00,15.963151055899319,8.8605860866517,7.485704103748025,0.0316378882748785
2025-06-01 20:00:00,16.24875178040369,9.118253283961495,7.443092156002586,0.035144011443550636
2025-06-01 21:00:00,16.974591344442118,8.620353648874133,7.515449462695195,0.03808924003181131
2025-06-01 22:00:00,16.524228875946083,8.580585208659096,7.421572058152239,0.032109325390460935
2025-06-01 23:00:00,17.530203446448088,8.097888627306814,7.421011674935042,0.034600003541958434
2025-06-02 00:00:00,18.03495509896484,7.612857307088785,7.528180179354577,0.03181824734538569
2025-06-02 01:00:00,18.353740810289842,7.44470773026759,7.473776202925067,0.03884209969972413
2025-06-02 02:00:00,18.670418062026055,6.88281856366237,7.497971315286039,0.037629571335131715
2025-06-02 03:00:00,19.181785109847322,6.684346486985467,7.513640419085693,0.029579296681708868
2025-06-02 04:00:00,19.81681528246573,6.863154870893859,7.441831665110029,0.038903958622404616
2025-06-02 05:00:00,19.80201460646847,6.749125216505852,7.434623611703276,0.02560141382969658
2025-06-02 06:00:00,20.01052877744436,6.831731918487976,7.39159253650865,0.025333394836308296
2025-06-02 07:00:00,19.680852645884688,6.512633532444085,7.359346541812211,0.03337676107632522
2025-06-02 08:00:00,19.672890532188593,6.638097028688691,7.52751549460172,0.03247585416669316
2025-06-02 09:00:00,19.47467367544414,7.163077873255147,7.467375253670252,0.033038812931338105
2025-06-02 10:00:00,19.216269949715183,7.051241688100243,7.457374707292981,0.02741200088702016
2025-06-02 11:00:00,18.79296335788481,7.089813760141986,7.405924450552087,0.026101055589473822
2025-06-02 12:00:00,17.617319254613605,7.792967558676594,7.355901547382494,0.03131916951784168
2025-06-02 13:00:00,17.308014519131834,8.462268744353738,7.421690735718633,0.028779409965599356
2025-06-02 14:00:00,16.839004685347152,8.624481748672904,7.329158498021114,0.03158057771384858
2025-06-02 15:00:00,16.870297332597282,8.740063853209392,7.383170274999008,0.03846662169130109
2025-06-02 16:00:00,16.10945121568639,8.812911974670186,7.445608789604619,0.03329872003623097
2025-06-02 17:00:00,16.02873823714331,9.015031032005956,7.3520145633670175,0.04068766406449522
2025-06-02 18:00:00,16.634218983753122,9.079763880078389,7.385503871495109,0.034440441485119065
2025-06-02 19:00:00,16.104147167120384,9.115374333010614,7.32419447566331,0.033642369433191543
2025-06-02 20:00:00,16.01309151639202,8.876211077320464,7.279461415351098,0.040813477509464305
2025-06-02 21:00:00,16.35055706502692,8.667460346519563,7.334272116779203,0.037377746927512584
2025-06-02 22:00:00,16.839950257531765,8.36590304954145,7.357240018291314,0.042307420201082885
2025-06-02 23:00:00,17.35381600506956,8.396306537264218,7.291843777711022,0.03520693343179978
2025-06-03 00:00:00,17.841304989649743,8.364853922757838,7.345016473278791,0.03261894640524711
2025-06-03 01:00:00,18.506000127047198,7.226189451597115,7.387559796951435,0.047833437495796306
2025-06-03 02:00:00,18.75243170624613,7.124913062411401,7.320457258192981,0.04372680253936764
2025-06-03 03:00:00,19.674436274960303,6.688148962917724,7.27639449500002,0.03662982018689714
2025-06-03 04:00:00,19.609092926153277,7.067660071700357,7.334233216090275,0.04461073185499968
2025-06-03 05:00:00,19.94446561235886,6.751288886887662,7.311734932925455,0.04495040022303659
2025-06-03 06:00:00,20.200418430058864,6.472119068219714,7.365911909980779,0.04797312591070753
2025-06-03 07:00:00,19.785091287780066,6.364017449203739,7.275605979521864,0.0569340396809251
2025-06-03 08:00:00,19.473019650643177,6.7208765782823185,7.309892238882214,0.05167473765169528
2025-06-03 09:00:00,19.47526587790379,7.327090496787982,7.3144052856416435,0.036096525697201655
2025-06-03 10:00:00,19.3118465682144,7.193076021673121,7.2825085889068335,0.04526856695464342
2025-06-03 11:00:00,18.582010735511712,7.491041312490721,7.1963690918475285,0.051235896003401664
2025-06-03 12:00:00,18.04725420645146,7.876501799887451,7.264517863218987,0.040491347841844716
2025-06-03 13:00:00,17.5532123334815,8.116943395069532,7.299803662153875,0.05274268245297647
2025-06-03 14:00:00,16.59373714719195,8.017858953319166,7.290940056546955,0.0486683220078937
2025-06-03 15:00:00,16.537648441729445,8.494876062537035,7.300272169472944,0.05022276583251629
2025-06-03 16:00:00,15.902165023777373,8.943904675602983,7.293670076359984,0.05430642944993018
2025-06-03 17:00:00,15.943959105011452,8.994708570837942,7.211697329100371,0.04872526545199346
2025-06-03 18:00:00,15.977999343108191,8.972011492986834,7.306205486432708,0.051922842736739167
2025-06-03 19:00:00,15.615998276883586,9.009569598435665,7.242177371211555,0.04469895076213915
2025-06-03 20:00:00,16.23883475361222,8.793267004960667,7.235198991877713,0.047193586964450016
2025-06-03 21:00:00,16.39941774569023,8.596167423264905,7.213196515466292,0.053444385363876204
2025-06-03 22:00:00,17.083914855456538,8.573652270895124,7.281670570151012,0.05107765643528947
2025-06-03 23:00:00,18.11963686663633,7.979598755785558,7.135952348085811,0.03767395662675061
2025-06-04 00:00:00,18.48062511417444,7.3518247396399765,7.385343719179775,0.04720928040591998
2025-06-04 01:00:00,18.609504162719986,7.571230290354426,7.275152337643686,0.05255144663459431
2025-06-04 02:00:00,18.697800343964353,7.3192154814656165,7.238223075775547,0.05139384175084024
2025-06-04 03:00:00,19.84878374679738,7.014739866364583,7.266108071216479,0.048315304457040444
2025-06-04 04:00:00,19.764493209222717,6.792836184514939,7.249098193289233,0.04528912631353498
2025-06-04 05:00:00,19.63982564000057,6.680396635931054,7.259751120076437,0.04733752446901095
2025-06-04 06:00:00,20.25462439232177,6.624436945887797,7.3113900616385745,0.04551677458744086
2025-06-04 07:00:00,19.872429421023256,6.4962592003446336,7.275112732956981,0.05002487776001283
2025-06-04 08:00:00,19.513713274488012,6.780882066553846,7.375926764197149,0.04492540899935176
2025-06-04 09:00:00,19.906635501485884,6.787773127351095,7.295102260002945,0.050031087668230986
2025-06-04 10:00:00,19.01332172547516,6.986656358784539,7.333935037669101,0.04661475999534017
2025-06-04 11:00:00,18.629948444910905,7.379056044515213,7.309060444859021,0.03863452465737054
2025-06-04 12:00:00,17.66427636653224,7.8994172500473026,7.355817141879716,0.036014044206152306
2025-06-04 13:00:00,17.586539706030045,8.138245268445598,7.324123952727401,0.03404614928778271
2025-06-04 14:00:00,16.9643356579153,8.20190527143174,7.3410448701617295,0.040299659164545074
2025-06-04 15:00:00,16.602094317442337,8.333510165101423,7.338298637572953,0.02596421009403315
2025-06-04 16:00:00,16.597658602781745,8.886525810784622,7.356958864344462,0.03331265516649286
2025-06-04 17:00:00,16.0134359681951,9.084522286198714,7.424466142995028,0.037681397585429585
2025-06-04 18:00:00,15.896863506332705,9.120033693500911,7.381574644346953,0.030584931564734692
2025-06-04 19:00:00,15.81232005408257,9.170707934631293,7.349730474263571,0.020281746022034485
2025-06-04 20:00:00,16.5147867777273,8.580423990376612,7.394358578074246,0.02684395322239875
2025-06-04 21:00:00,16.589524413295653,8.7351145387696,7.325008709525208,0.037740970211187795
2025-06-04 22:00:00,17.354050317493762,8.257603267401114,7.374020478938391,0.03789860347477495
2025-06-04 23:00:00,17.035571475782135,8.305837650825701,7.422382596188905,0.03626506054177946
2025-06-05 00:00:00,17.69489831699271,7.60230481212228,7.4001145525297245,0.036191077872689756
2025-06-05 01:00:00,18.472234405494294,7.243088170723743,7.439044611780091,0.02992472146334967
2025-06-05 02:00:00,18.997822145947787,7.456705442384223,7.44295802332034,0.028977734630110687
2025-06-05 03:00:00,19.193122668300948,6.671970523427796,7.42381826618729,0.028332744956335244
2025-06-05 04:00:00,19.900434000074227,6.627680695696564,7.419767091728797,0.029439627697704137
2025-06-05 05:00:00,19.641499942890906,6.5622385200304025,7.493729486336426,0.02434935992128735
2025-06-05 06:00:00,19.8515663272687,6.945596231063608,7.393211862651705,0.03583952830962
2025-06-05 07:00:00,19.938131767607935,6.636424370946013,7.5151595404573905,0.02298725393267002
2025-06-05 08:00:00,19.73762372731671,7.027584383902863,7.4442673079475465,0.034936464291179595
2025-06-05 09:00:00,19.352494649651625,6.9010836224285965,7.404926348506933,0.032796145523251066
2025-06-05 10:00:00,18.981845827716676,7.491220576286556,7.467337001044113,0.024125465702170876
2025-06-05 11:00:00,18.417051587651997,7.542683057940087,7.520944245526452,0.028163921241888865
2025-06-05 12:00:00,18.032658037687437,7.8032396637565835,7.492571764590813,0.03407505059105182
2025-06-05 13:00:00,17.28396086869117,8.462609209973218,7.474812700068006,0.03450365700777135
2025-06-05 14:00:00,17.145338873610626,8.516942709504283,7.458736242222992,0.03248831819991026
2025-06-05 15:00:00,17.004972091803932,8.617982141521095,7.50908325644252,0.03849794096423691
2025-06-05 16:00:00,16.850216130353225,8.800343385321566,7.486450429100078,0.042024977574715655
2025-06-05 17:00:00,15.801287784090366,8.697037622995843,7.4853830085620645,0.025241193759034834
2025-06-05 18:00:00,16.16353563954919,8.963198093951062,7.495216269699776,0.03463310051360469
2025-06-05 19:00:00,16.49207992666131,8.942092618440471,7.5513525302079625,0.036558633062760075
2025-06-05 20:00:00,16.050136443274035,8.90520340846288,7.531864465953708,0.038203168489150764
2025-06-05 21:00:00,16.64829743674319,8.73574972393961,7.520422112050556,0.03583906959044095
2025-06-05 22:00:00,16.764624041159177,8.370520894042567,7.3913847459116315,0.03762431071855584
2025-06-05 23:00:00,16.983966278465406,8.04347768691928,7.486478955959619,0.03603233274143582
2025-06-06 00:00:00,17.87818585615273,8.006563754262997,7.500627984700452,0.036897496787587074
2025-06-06 01:00:00,18.664438052239824,7.434469166496657,7.537393711585081,0.03251936595827841
2025-06-06 02:00:00,19.030673834379108,6.918089952722787,7.528692621371607,0.04140844591967099
2025-06-06 03:00:00,19.710656205974992,6.982437215464524,7.473994336618454,0.04068068299820915
2025-06-06 04:00:00,19.683728074551055,6.710055342412812,7.481448519849888,0.05047523181272772
2025-06-06 05:00:00,19.57796677901525,6.51960801568171,7.472272544283793,0.03689134078961785
2025-06-06 06:00:00,20.007324664162816,6.531139860805885,7.507807888657472,0.044963164429444
2025-06-06 07:00:00,19.953639190026646,6.4967757845423275,7.510173171167764,0.04581454890446427
2025-06-06 08:00:00,19.441820222468433,6.5918445547761735,7.541399560691376,0.04310663461728629
2025-06-06 09:00:00,19.40720299840204,6.898809603570716,7.519272126567649,0.04759122150614542
2025-06-06 10:00:00,19.038607238736926,7.021318329662437,7.55083933979411,0.03960150116746459
2025-06-06 11:00:00,18.47222102181909,7.378145403472706,7.478914364935349,0.04929944371017395
2025-06-06 12:00:00,17.917534502165314,7.896453819571223,7.5825861526773295,0.03842848064524784
2025-06-06 13:00:00,17.49686656790783,8.073529480033015,7.517931228075595,0.05747997449854515
2025-06-06 14:00:00,16.971385780867084,8.676172973513474,7.542187790358042,0.03932720381000565
2025-06-06 15:00:00,16.41057927883288,8.480186394876823,7.445454416581715,0.041874437894099045
2025-06-06 16:00:00,16.229801239935536,8.89291415869219,7.500791101103003,0.05786203789671994
2025-06-06 17:00:00,15.790223218075205,8.903774759660458,7.530199921115037,0.0504772703171197
2025-06-06 18:00:00,16.450148970024383,8.863856274124306,7.528466366730789,0.04580767564855092
2025-06-06 19:00:00,16.033974399202243,8.99788895335333,7.495616423301325,0.04516644912177969
2025-06-06 20:00:00,16.132069500012243,8.73208381656728,7.4755063079625685,0.04699775137950812
2025-06-06 21:00:00,16.597063715242474,8.662485440626714,7.475860675585254,0.0402289438305259
2025-06-06 22:00:00,17.218997349046067,8.633712049932688,7.489896027342412,0.03928504482563738
2025-06-06 23:00:00,17.248665237067282,7.934565985611178,7.51262949077902,0.052094520889535624
2025-06-07 00:00:00,17.854762247090758,7.857602016624687,7.4335933353147885,0.03838361222142979
2025-06-07 01:00:00,18.4238893405054,7.482642371931848,7.440686315981022,0.05217016514316945
2025-06-07 02:00:00,18.677372652410213,7.509281790460961,7.474145939752461,0.04736057498997569
2025-06-07 03:00:00,19.47977277535805,6.824399503970848,7.515224062967457,0.04104162971598799
2025-06-07 04:00:00,19.589139483306564,6.54446214756423,7.4812690287438715,0.04240983636175746
2025-06-07 05:00:00,20.137015693757704,6.763636772400107,7.4500999523844955,0.04403696732983136
2025-06-07 06:00:00,20.59938485217035,6.379279030898017,7.406603230823728,0.04796225348560934
2025-06-07 07:00:00,20.008307742159698,6.217499985399365,7.438064241112803,0.05279997184421391
2025-06-07 08:00:00,19.56261988594753,6.6989898783053725,7.410516436538105,0.0475148534397981
2025-06-07 09:00:00,19.267061288212403,7.20957393283286,7.337070751868403,0.05513925636102667
2025-06-07 10:00:00,18.72176010908011,7.389673043574422,7.4587837342032195,0.036750551347480606
2025-06-07 11:00:00,18.45892280880907,7.497908346199201,7.455182683203188,0.04166892077973728
2025-06-07 12:00:00,18.33751342982823,7.82461974020357,7.468092648448234,0.045647665972574324
2025-06-07 13:00:00,17.6588030872894,8.246052296746136,7.411611402148136,0.03616428738273908
2025-06-07 14:00:00,17.143052553440278,8.273702318824625,7.325068184080325,0.03789210309832215
2025-06-07 15:00:00,16.693069733092084,9.088632093341994,7.302905383747056,0.031512753340100785
2025-06-07 16:00:00,16.027268605999396,8.89557742872949,7.39533739722526,0.03612366794133275
2025-06-07 17:00:00,16.326292567145483,8.988291884831975,7.437115981489635,0.03641525620307067
2025-06-07 18:00:00,15.80352622135386,8.998101974150472,7.318311641809144,0.029246000714991144
2025-06-07 19:00:00,16.1522823489114,9.354590664391274,7.394498618683499,0.020490942589937323
2025-06-07 20:00:00,16.260742686094957,8.855554096955629,7.382747972060007,0.035541847773160926
2025-06-07 21:00:00,16.635098168113394,8.820023591102796,7.372852309990504,0.02662098774372385
2025-06-07 22:00:00,16.623707302257042,8.27445346597884,7.314683696305262,0.03158482885125708
2025-06-07 23:00:00,17.86846734751522,7.786645603756197,7.295990689691758,0.033267797262120036
2025-06-08 00:00:00,18.036601906416763,7.7409211383274545,7.296506443781025,0.037259097011924744
2025-06-08 01:00:00,18.81076830594796,7.680405109396563,7.349244329762572,0.03223301830635122
2025-06-08 02:00:00,19.273950451697008,7.263147467691735,7.260787193689385,0.03316059461743084
2025-06-08 03:00:00,19.30720187584106,6.919941437332404,7.30871688740731,0.03021258390021448
2025-06-08 04:00:00,20.228347819652083,6.816719681523843,7.378309721245049,0.018942906076162634
2025-06-08 05:00:00,20.459263157265507,6.831774044856962,7.297759994214526,0.03166541948957481
2025-06-08 06:00:00,19.629017419969617,6.484232717152579,7.232493335114595,0.037550439299798885
2025-06-08 07:00:00,19.749253251149383,6.713319443741859,7.234894294762766,0.024315360169270855
2025-06-08 08:00:00,19.75877089914705,7.0496996030367605,7.268977128503414,0.03397060603312382
2025-06-08 09:00:00,19.09880369545433,7.047573946836053,7.328491526722789,0.03394132818888131
2025-06-08 10:00:00,19.323337970415245,7.146605748254425,7.3028897700259225,0.026977329722408988
2025-06-08 11:00:00,18.82347699689146,7.658484200316227,7.350330592058052,0.02666696710678817
2025-06-08 12:00:00,18.0404617858531,7.565430390183664,7.231528010999184,0.020661185964596825
2025-06-08 13:00:00,17.24728479254397,8.042081756624603,7.243408868508789,0.03258889747802058
2025-06-08 14:00:00,16.76815411879056,8.781600098160325,7.321939410991997,0.04068385698623857
2025-06-08 15:00:00,16.50552224771068,8.612777968200552,7.216772573082835,0.03613728516853507
2025-06-08 16:00:00,16.334897356354357,8.815370399625252,7.306013534188503,0.03854013108331501
2025-06-08 17:00:00,16.024043550157092,8.821238632648235,7.22824137136534,0.024385692734115887
2025-06-08 18:00:00,16.31421535223106,9.06468584078864,7.279289468220265,0.032575103913281264
2025-06-08 19:00:00,16.002978167290497,9.116003006767892,7.327454358788761,0.036782754989831606
2025-06-08 20:00:00,16.413170357855087,8.606408432115051,7.323421189521832,0.02644710494680766
2025-06-08 21:00:00,16.907604633383713,8.920911501114471,7.298727308510072,0.03951278933143364
2025-06-08 22:00:00,17.003233121076118,8.553841833307741,7.213852539127782,0.04626080493753897
2025-06-08 23:00:00,17.42751386732508,7.979360253352908,7.282542887598453,0.04399722829952567
2025-06-09 00:00:00,18.47002077767666,7.68078373185554,7.281358857869374,0.04497660041845246
2025-06-09 01:00:00,18.41853440949142,7.765402210299284,7.284958552327314,0.036323059327397246
2025-06-09 02:00:00,19.02687623818291,7.294144253249885,7.30694513382299,0.04707907823491069
2025-06-09 03:00:00,20.108296163695783,7.143700515335045,7.3085176798320015,0.04584096368798405
2025-06-09 04:00:00,19.531333124304233,6.820991735290462,7.266557083087201,0.05311244533671129
2025-06-09 05:00:00,20.009352785220994,6.6115908608968335,7.330537296180899,0.04821310323249006
2025-06-09 06:00:00,19.976115614448698,6.599253698546205,7.279510251236913,0.04684975537254372
2025-06-09 07:00:00,19.839947587079592,6.50945360719518,7.356490261823426,0.046840954222730505
2025-06-09 08:00:00,19.48099684222829,6.624001214878183,7.3363445843952775,0.04910896637256819
2025-06-09 09:00:00,19.762264365800455,7.030126820748489,7.311006468490579,0.05446956940194214
2025-06-09 10:00:00,19.159445274321254,7.305409122149884,7.297444730175558,0.04723835857999024
2025-06-09 11:00:00,18.834637378026166,7.743747881163508,7.289464384943822,0.05133463512006159
2025-06-09 12:00:00,17.877780133716048,7.827229232747222,7.288188930646952,0.04341556486582893
2025-06-09 13:00:00,17.9322321531844,8.414968097130142,7.313576781647432,0.047487418315523146
2025-06-09 14:00:00,16.62948398445155,8.561304632112225,7.356035898785506,0.04620582373731479
2025-06-09 15:00:00,16.71875725255653,8.862320621289983,7.376648746867563,0.05206228745755807
2025-06-09 16:00:00,16.264352183846935,9.010558444767696,7.353363484575612,0.04358872479163598
2025-06-09 17:00:00,16.170893459498778,9.196558950373461,7.36675735197232,0.05203712624147635
2025-06-09 18:00:00,16.33789218119037,8.930889545527197,7.288978951783794,0.04411272525597017
2025-06-09 19:00:00,16.273916902141554,8.861220738315712,7.434044437813246,0.0541658783506846
2025-06-09 20:00:00,16.088662004587786,8.967331475051996,7.377969073100216,0.0441437432688021
2025-06-09 21:00:00,16.61754999067284,8.52212052668963,7.439982620731614,0.040988220049161264
2025-06-09 22:00:00,16.98190896627936,8.363842726470104,7.407741063730308,0.04968998963123802
2025-06-09 23:00:00,17.362973870734926,8.029024956322111,7.358082792872016,0.04411123183977987
2025-06-10 00:00:00,18.222182582910463,7.819060200535055,7.381508476163466,0.0471286237739169
2025-06-10 01:00:00,18.044395673896844,7.258239574636858,7.445444014779298,0.04701929535441697
2025-06-10 02:00:00,19.178085372959906,7.44686388714521,7.494000388212432,0.04921450130083907
2025-06-10 03:00:00,18.94240510128548,7.075973252867142,7.398551856578801,0.04229735225310767
2025-06-10 04:00:00,19.62381994162887,6.533200806377215,7.403844486326743,0.04812963834060712
2025-06-10 05:00:00,19.89567570091934,6.497483083040374,7.536694016962483,0.051456620153508235
2025-06-10 06:00:00,19.78202194634718,6.495070736383116,7.448919072477488,0.04814403168584917
2025-06-10 07:00:00,19.738491363730674,6.617241447875016,7.452288292715476,0.044084294194553
2025-06-10 08:00:00,20.11506671331701,6.806910839632831,7.432296347566633,0.05043301262311024
2025-06-10 09:00:00,19.371948335613016,6.6706100423879064,7.488571652013104,0.03235035916706243
2025-06-10 10:00:00,19.268903379764296,7.221856761846642,7.520101524056134,0.04716763659575339
2025-06-10 11:00:00,18.465320332699225,7.432692728456576,7.459819280683997,0.03545512250948927
2025-06-10 12:00:00,18.11284267697948,7.6793065511563805,7.385953827787582,0.046360714507680215
2025-06-10 13:00:00,17.825930065844283,8.422073170019498,7.483063212021826,0.039697788269642646
2025-06-10 14:00:00,16.790893292874166,8.672069971126936,7.4773656151451275,0.046711945685675056
2025-06-10 15:00:00,16.143846679626293,8.813640040102332,7.468872603023532,0.038861542155023965
2025-06-10 16:00:00,16.561119030822788,8.630232731614191,7.459221671232066,0.03639828189198838
2025-06-10 17:00:00,16.049772450130913,9.156416083780872,7.507431773701803,0.038764080087806345
2025-06-10 18:00:00,15.844431592034706,8.972845057246465,7.4454386121559715,0.02865856597892543
2025-06-10 19:00:00,15.839889890032204,9.042719185798333,7.536402991270944,0.03452600711967879
2025-06-10 20:00:00,16.385423756780956,8.680281783568374,7.45846745546314,0.02942408106417347
2025-06-10 21:00:00,16.9634474980221,8.686193836646462,7.545586462092845,0.02725368013456573
2025-06-10 22:00:00,16.67176864154367,8.231949134463086,7.514659846206388,0.025767651090969956
2025-06-10 23:00:00,17.701348614704894,7.883963233601591,7.544770496587037,0.030512050085401556
2025-06-11 00:00:00,18.015443961686795,7.573297049969064,7.508331873805889,0.03754191394125777
2025-06-11 01:00:00,18.779885041020776,7.22543384141306,7.5309904377143315,0.0342917503663529
2025-06-11 02:00:00,18.57033418262533,7.190887104970806,7.485628191409245,0.035186436762386086
2025-06-11 03:00:00,19.591000420887816,7.243223031712656,7.508242881261085,0.028336658864249634
2025-06-11 04:00:00,19.571062617515818,6.9856845945308805,7.426730721407865,0.02855211878430739
2025-06-11 05:00:00,19.744966053306914,6.600342077091298,7.519812540844742,0.0325198329626708
2025-06-11 06:00:00,20.00410620728986,6.567317618243979,7.589323761928988,0.025565954310520597
2025-06-11 07:00:00,19.896905586510236,6.730493594306856,7.525879104420563,0.029602659438434775
2025-06-11 08:00:00,19.817119297818447,6.6632884822636695,7.551778533901014,0.0320529211284564
2025-06-11 09:00:00,19.42913615375318,6.9542739899698764,7.54119647707173,0.03537144574058231
2025-06-11 10:00:00,18.80927286286598,7.180712331757059,7.528596656522888,0.028249848450831092
2025-06-11 11:00:00,18.59160698378705,7.381841636198682,7.566851479229948,0.0382821061943335
2025-06-11 12:00:00,18.31340161964425,8.145234988843857,7.566611857376032,0.032945704787088574
2025-06-11 13:00:00,17.991764229855505,8.173687222773538,7.539528742343809,0.03139953512105001
2025-06-11 14:00:00,17.07521419592023,8.392869229733297,7.558339160318086,0.0253425187585304
2025-06-11 15:00:00,16.73000459905102,8.795846203137108,7.573131812306689,0.027728785356108697
2025-06-11 16:00:00,16.150178187222473,8.85194033985425,7.543424630974767,0.040338413165691346
2025-06-11 17:00:00,15.97392512050625,8.943122211332977,7.557262220995505,0.04349858392397979
2025-06-11 18:00:00,15.65595892486507,9.323558469725011,7.493034133781108,0.03038934861866882
2025-06-11 19:00:00,16.048040276678318,8.811064893990222,7.477714730237097,0.034368451876401786
2025-06-11 20:00:00,16.145919140690122,8.636825857378446,7.514348607427568,0.0347554206176618
2025-06-11 21:00:00,16.708806891174845,8.880987020560923,7.482717787740486,0.030348690856143806
2025-06-11 22:00:00,17.120408425293633,8.438481586436458,7.423915717818906,0.034017472448442845
2025-06-11 23:00:00,17.65979125507202,8.02082374541726,7.503352556516898,0.041768263898226216
2025-06-12 00:00:00,18.02840778443677,7.974848359821734,7.496661541318029,0.04097652589923237
2025-06-12 01:00:00,18.79833213117215,7.669256909592632,7.446399643571489,0.043129535424723246
2025-06-12 02:00:00,18.635990001552766,7.3826632624108575,7.502136043584743,0.04532823621630387
2025-06-12 03:00:00,19.904787670851046,7.028877983235019,7.474006098765672,0.03289556313523793
2025-06-12 04:00:00,19.93674314076386,7.04998087734265,7.44763803128729,0.03773950276240871
2025-06-12 05:00:00,19.850853528907017,6.837602283591078,7.430178531157362,0.04062941924608172
2025-06-12 06:00:00,19.909031021685873,6.554082928753108,7.491512401497501,0.05019880602120688
2025-06-12 07:00:00,19.875254032880882,6.70649207626574,7.457250126933812,0.05423895754334745
2025-06-12 08:00:00,19.57582457367012,6.369735223462847,7.426601519800601,0.035896650354782136
2025-06-12 09:00:00,19.199219605047606,7.011544439735243,7.471021750648456,0.04990262794292082
2025-06-12 10:00:00,18.718365019413643,7.074610748383957,7.38829249363525,0.05012942300608192
2025-06-12 11:00:00,18.514406258940063,7.481955551196987,7.426116579192257,0.03700057752032636
2025-06-12 12:00:00,18.09064502625711,7.9494246934678365,7.381684852689545,0.04165793195827914
2025-06-12 13:00:00,17.12161907928934,8.46612661186652,7.395699066678456,0.04677438656588507
2025-06-12 14:00:00,16.845990664619922,8.228303933923126,7.295317814728403,0.04424283754232289
2025-06-12 15:00:00,16.63102323254639,8.435233885308582,7.408150708835293,0.05469097123343675
2025-06-12 16:00:00,16.32934587559348,8.666483570819972,7.4184791320299235,0.0479747523307803
2025-06-12 17:00:00,16.522252621704407,9.314947898657627,7.392653466433743,0.05032931420607933
2025-06-12 18:00:00,16.100863586943024,8.97930662754054,7.414246568216512,0.05233085989126554
2025-06-12 19:00:00,16.285020830005372,8.945893124529707,7.386312473044012,0.05080054329345323
2025-06-12 20:00:00,16.42367281055488,8.71860302125399,7.404781787322634,0.04649820025618538
2025-06-12 21:00:00,15.913438198444618,8.58274818252912,7.3294384361062175,0.03878517340594897
2025-06-12 22:00:00,16.670302416744285,8.59154027822834,7.3631822216879526,0.05251316499552708
2025-06-12 23:00:00,17.374714045586412,7.82027478593894,7.264910569222218,0.043467663479626266
2025-06-13 00:00:00,17.502460066530084,8.068785673287733,7.361897188848468,0.039526417874291314
2025-06-13 01:00:00,18.486471367439798,7.256242379607661,7.360658038879175,0.05506302198236047
2025-06-13 02:00:00,19.65518726120342,7.378989209897487,7.306235275826621,0.0494737471879308
2025-06-13 03:00:00,19.32918867808754,7.37802692218505,7.346745879268052,0.034675433769021366
2025-06-13 04:00:00,19.75561551710346,6.879039859350133,7.3096664629823405,0.049705061128453576
2025-06-13 05:00:00,20.024436069689795,6.6701200242792265,7.367119330035299,0.05148358980660582
2025-06-13 06:00:00,19.833654446004086,6.7979295376738955,7.232305378393144,0.05042794991626183
2025-06-13 07:00:00,19.968999004272792,6.436247562301662,7.265388571014987,0.05247316489479987
2025-06-13 08:00:00,19.858086028848742,6.55900672140197,7.242123410955276,0.04224110093336592
2025-06-13 09:00:00,19.06024704383798,6.858675192442224,7.222493750594982,0.0463258325068028
2025-06-13 10:00:00,19.003218997645643,7.189819054506702,7.268056451911168,0.04434516854725335
2025-06-13 11:00:00,18.383683068501032,7.653768083814539,7.284596488008389,0.036926354622380426
2025-06-13 12:00:00,17.483792827785983,7.804968503958122,7.249064172067421,0.037810853183643085
2025-06-13 13:00:00,17.449982840155428,8.514244374988987,7.283012398610923,0.043221317862889776
2025-06-13 14:00:00,17.0945735988026,8.282432712635282,7.341115605571859,0.043025811068132344
2025-06-13 15:00:00,17.337853513543486,8.617286914912993,7.269608037725658,0.04566474966010018
2025-06-13 16:00:00,16.2485167423619,8.750197775897433,7.265718780469077,0.04595221937463628
2025-06-13 17:00:00,15.926023052651226,8.87884122294756,7.273912855032961,0.0381242928892422
2025-06-13 18:00:00,15.538753557567853,9.225774968974982,7.281308422475031,0.03839020439456159
2025-06-13 19:00:00,15.769519284793345,8.940506581342817,7.257214773039721,0.04137536026199491
2025-06-13 20:00:00,16.411754422632548,8.75090120524444,7.328478819819936,0.029300461205592678
2025-06-13 21:00:00,16.611907890249004,8.659441763922187,7.215047940619237,0.042307645651960386
2025-06-13 22:00:00,16.940344588141357,8.318299188946034,7.244700848748346,0.03128724950369194
2025-06-13 23:00:00,17.308245113292372,8.053918624171489,7.246479845239227,0.02618838342236084
2025-06-14 00:00:00,18.02791567758151,7.800653413779979,7.27344333653864,0.028358916149508803
2025-06-14 01:00:00,18.346669858378487,7.662512826864475,7.306768482895599,0.03463749989741259
2025-06-14 02:00:00,18.625220166684812,7.409481135868771,7.247638890698109,0.03836119771295933
2025-06-14 03:00:00,19.260455036690566,7.168493379408475,7.248848472713067,0.034593461246069684
2025-06-14 04:00:00,19.434799771478474,6.877812454272887,7.356623907841669,0.032487112894751695
2025-06-14 05:00:00,19.885910248478833,6.7337426766189905,7.268977324945682,0.03792904187850492
2025-06-14 06:00:00,19.900152054647478,6.743912010700228,7.279974063221995,0.034593817267771665
2025-06-14 07:00:00,19.829936684112045,6.417837810335556,7.312133319608431,0.027311464813902397
2025-06-14 08:00:00,19.656802141388674,6.692915395087109,7.287294385377264,0.03264797009349959
2025-06-14 09:00:00,19.15257722728145,6.811677583061514,7.236387181926164,0.031518694270029075
2025-06-14 10:00:00,19.057709445606715,6.824906263515313,7.290624173287045,0.03869521282212801
2025-06-14 11:00:00,18.75351175031438,7.279410273654694,7.315436366903949,0.017614834034706588
2025-06-14 12:00:00,17.960766930223233,7.9305824199089345,7.246580355179019,0.03316932534599792
2025-06-14 13:00:00,17.295924679180708,7.9079490775158705,7.371832153257448,0.04077214268982631
2025-06-14 14:00:00,17.043782784877177,8.3552097570071,7.39020066443877,0.047895875380117275
2025-06-14 15:00:00,16.414347427063195,8.589747166042272,7.324718716098528,0.03262946265899614
2025-06-14 16:00:00,16.933945378938954,8.805608452854235,7.332394209986169,0.02540542887227077
2025-06-14 17:00:00,16.30027872930245,8.833924187419656,7.310637158522902,0.03199913694349425
2025-06-14 18:00:00,16.065529858459417,8.863086879278972,7.408826892603435,0.022736051838370967
2025-06-14 19:00:00,16.061646912086434,8.984357960768747,7.335190765466566,0.0320575758724265
2025-06-14 20:00:00,16.129789246710512,8.595513725936987,7.412212606463778,0.022823974731622655
2025-06-14 21:00:00,15.950641864135358,8.663516124647133,7.354400902037789,0.040899648333449994
2025-06-14 22:00:00,16.912854567989413,8.034179973340471,7.328441343588912,0.03423192463922128
2025-06-14 23:00:00,17.797330151027367,8.104893514260032,7.366878175421243,0.04214075062864448
2025-06-15 00:00:00,17.84816211095439,8.002717583385254,7.3998035104179785,0.04142018689786161
2025-06-15 01:00:00,18.859366604556428,7.44533624014889,7.4111402702451326,0.04662484230740132
2025-06-15 02:00:00,19.188730959897406,7.338446286651668,7.480796194543288,0.040144809840397595
2025-06-15 03:00:00,20.091868065520558,6.914214516182542,7.405974988449015,0.03962793899351683
2025-06-15 04:00:00,19.883829505995553,6.829329157616906,7.410202955641865,0.04111008923466204
2025-06-15 05:00:00,19.746417995378042,6.7645658533561495,7.414432361188715,0.04463031161473911
2025-06-15 06:00:00,20.13313775213743,6.817020781283364,7.4151232734044,0.04540711711888816
2025-06-15 07:00:00,19.885906769266686,6.689197023713696,7.438466711297467,0.044851942576231214
2025-06-15 08:00:00,19.627944151661275,7.007633879800379,7.462423576004261,0.05089984558970212
2025-06-15 09:00:00,19.235076463469543,6.75706336101255,7.5325029246005455,0.041153279034005154
2025-06-15 10:00:00,19.0727801736566,7.479963529186207,7.479258411468219,0.05082660306660464
2025-06-15 11:00:00,18.35428944903746,7.507130567888004,7.528925010174042,0.05520473231926229
2025-06-15 12:00:00,18.117422487690806,7.793326095796541,7.467958346546712,0.05481124889236078
2025-06-15 13:00:00,17.49178847885194,8.2452080584723,7.433033057698143,0.048213341555654696
2025-06-15 14:00:00,16.87857565416423,8.3574724953689,7.461847821273539,0.04389186905300886
2025-06-15 15:00:00,16.775323032322532,8.70597460219829,7.454189846752933,0.047717491800158045
2025-06-15 16:00:00,16.239293159024186,9.204369157469968,7.452622780670169,0.04733352997928944
2025-06-15 17:00:00,16.194390521599658,9.094939523632315,7.502740538898061,0.05022650306530814
2025-06-15 18:00:00,16.09802416596701,8.964454238129836,7.568603866900673,0.047263517043158745
2025-06-15 19:00:00,16.234107564388292,8.820067000560652,7.582084100168718,0.0517325487018963
2025-06-15 20:00:00,16.47257062707643,9.258279615205543,7.549294950034247,0.04643669743447294
2025-06-15 21:00:00,16.984437015269226,8.654570769073212,7.457409333063077,0.05271409213915921
2025-06-15 22:00:00,16.85449454732545,8.208897820501841,7.504792367951862,0.040004468294106865
2025-06-15 23:00:00,17.573986188039157,8.393936296456163,7.5020103282969375,0.045669229349299734
2025-06-16 00:00:00,18.213801002440587,7.816470615183675,7.469293802194128,0.04801622015594376
2025-06-16 01:00:00,18.56033286602094,7.694309018838145,7.487506490908782,0.05413095856607456
2025-06-16 02:00:00,19.31874100057791,7.140034727142597,7.51202284740992,0.04914458441877973
2025-06-16 03:00:00,19.445761971336342,6.879920717519903,7.462710159371611,0.049462147401756536
2025-06-16 04:00:00,19.705880947392558,6.9111504011584675,7.490957279191019,0.05412031585991612
2025-06-16 05:00:00,19.799796935958515,6.7307881353243175,7.516658743192922,0.04989111183608029
2025-06-16 06:00:00,19.924335541410652,6.778717571572535,7.485123516131672,0.040532714934714185
2025-06-16 07:00:00,20.29371955245161,6.642501483203259,7.506514597402306,0.042064263985246146
2025-06-16 08:00:00,19.981424304522058,6.752306915322397,7.5284300312549775,0.04845586206976021
2025-06-16 09:00:00,19.22834344040208,7.045214454601854,7.594690489350722,0.04466738075265102
2025-06-16 10:00:00,19.3611269318761,6.95028855010558,7.498598377907458,0.0432087222693897
2025-06-16 11:00:00,18.30982232523444,7.230971592009684,7.478065528349438,0.04483223192221265
2025-06-16 12:00:00,17.879414463616413,7.822334720647754,7.557382656025317,0.047943746632325
2025-06-16 13:00:00,17.639460962179417,8.05069060216218,7.530628568734243,0.03930818595001947
2025-06-16 14:00:00,17.26054953407351,7.955852415439375,7.488914867387173,0.03115671924092838
2025-06-16 15:00:00,16.750262363051956,8.784633858757616,7.556146156569062,0.037886873461934464
2025-06-16 16:00:00,16.40910210978755,8.9761809292798,7.454851857387004,0.034051091697516515
2025-06-16 17:00:00,16.153233327937535,8.928428307938876,7.51095921853261,0.03689007359912284
2025-06-16 18:00:00,15.882371728274888,9.179590712296475,7.506864171717096,0.04248468548545631
2025-06-16 19:00:00,15.925639330264422,8.827409752697,7.541488276664871,0.03432411290332767
2025-06-16 20:00:00,16.257177124715756,8.857823243327248,7.477119180030912,0.041728379884816806
2025-06-16 21:00:00,16.29390052920106,8.514825736470273,7.460374186432331,0.028910275915989235
2025-06-16 22:00:00,17.169188592710505,8.472981410568334,7.504349510285472,0.04481603535286346
2025-06-16 23:00:00,17.1734144184436,8.019970726222596,7.477871786338272,0.03342374782463895
2025-06-17 00:00:00,17.82315632455954,7.883321539515627,7.504986322179249,0.028743657410663866
2025-06-17 01:00:00,18.743137266101964,7.520386530133587,7.501587868855396,0.02599070087740092
2025-06-17 02:00:00,19.34935374091022,7.067807216067644,7.499903192166964,0.03230999272883171
2025-06-17 03:00:00,19.242258540904984,7.0997661042499765,7.413967967697694,0.033533590540014035
2025-06-17 04:00:00,19.44700279473922,6.7948785755292205,7.544287512159181,0.03128503073272044
2025-06-17 05:00:00,19.91428071418062,6.550238184701117,7.461614655144204,0.03181669558745182
2025-06-17 06:00:00,19.753507692321765,6.249363771430057,7.386118051194696,0.028840932595380304
2025-06-17 07:00:00,20.17163418029456,6.540576272350072,7.437282934063305,0.026141584202107125
2025-06-17 08:00:00,19.856130628468506,7.012501991523587,7.474431407369309,0.025633530839901254
2025-06-17 09:00:00,19.474001220539904,6.8396738984330865,7.468544323889148,0.037666003119171274
2025-06-17 10:00:00,19.093359734209358,7.0400849197309805,7.496628820622674,0.03188600864618231
2025-06-17 11:00:00,18.634754892644974,7.385111655920265,7.404763125719373,0.03481083771279833
2025-06-17 12:00:00,18.05478705124269,8.105967931901928,7.4036283246773325,0.029050213261029346
2025-06-17 13:00:00,17.739209344216,8.012649069996673,7.366846798181489,0.03028661199045636
2025-06-17 14:00:00,17.21342895423934,8.265056747153984,7.38892210083675,0.03121702992419146
2025-06-17 15:00:00,16.63486350756756,8.905598884512623,7.386616199530734,0.030402164852333248
2025-06-17 16:00:00,16.51188401651053,9.107702916020958,7.406031602237952,0.02845288065570769
2025-06-17 17:00:00,15.353987998219932,8.922460341157075,7.383835184056432,0.03775818155915391
2025-06-17 18:00:00,16.1318624710676,9.09302355469592,7.390378665161948,0.040676251230853264
2025-06-17 19:00:00,15.954300057223493,8.712407414146897,7.3766233975875615,0.03959985726057544
2025-06-17 20:00:00,16.038491194507458,8.90304614530639,7.301181134046796,0.036120332500026865
2025-06-17 21:00:00,16.95290487831183,8.688186926080034,7.279351030823951,0.038137269441103926
2025-06-17 22:00:00,17.309132758872913,8.650559798742982,7.296177934619785,0.04176180707166854
2025-06-17 23:00:00,17.43107177928974,8.121413317859563,7.347256533310256,0.0399545032317251
2025-06-18 00:00:00,18.200733913440484,7.863648832715069,7.251128141101571,0.03041721253927085
2025-06-18 01:00:00,18.360962771609625,7.3563868396984455,7.281234309123935,0.03813680302637613
2025-06-18 02:00:00,18.804633697753516,6.999826456846568,7.405965634924576,0.046928429617934586
2025-06-18 03:00:00,19.63964995303639,6.726961085144717,7.25990273451521,0.049801629345491115
2025-06-18 04:00:00,19.45190591793118,6.819562206960563,7.300009261686055,0.047556213245207646
2025-06-18 05:00:00,19.820063117837265,6.578105828036049,7.214015527167466,0.040924010629833
2025-06-18 06:00:00,19.730164910970778,6.600414422481247,7.342795880733321,0.04221253823720317
2025-06-18 07:00:00,20.358611302937312,6.743273903988365,7.331482323912357,0.0464478471914017
2025-06-18 08:00:00,19.83186835616899,6.795063797942411,7.235501173814259,0.046982915821937365
2025-06-18 09:00:00,19.744916453105173,7.213819374476464,7.335859212744344,0.05699768541352166
2025-06-18 10:00:00,18.813488610303818,7.2587263745356045,7.290605974554518,0.04452360383416104
2025-06-18 11:00:00,18.406219454797153,7.504487194258979,7.31614246537717,0.05167525470748064
2025-06-18 12:00:00,17.76066705162116,7.803861053997178,7.334508547596265,0.04783966512600817
2025-06-18 13:00:00,17.41536555942012,8.078715874179897,7.30572727951863,0.050214512654917685
2025-06-18 14:00:00,17.273570683729464,8.361532922545775,7.213738674286128,0.050396568431155885
2025-06-18 15:00:00,16.600766039575877,8.657238224717231,7.277974522662184,0.041415438321196596
2025-06-18 16:00:00,16.20671234110071,8.916587053932377,7.253832668950144,0.05030825923855263
2025-06-18 17:00:00,16.02427016708851,9.074756155546941,7.34728897529116,0.0599986813692297
2025-06-18 18:00:00,15.867707221488219,9.057517623803944,7.321085395161438,0.05470249149110886
2025-06-18 19:00:00,16.01787920220435,8.526923480141948,7.3211090491197925,0.04591218219621842
2025-06-18 20:00:00,16.286841514776988,8.905246070160915,7.198597954815695,0.04890302009187401
2025-06-18 21:00:00,16.384743746580316,8.72088804639516,7.268536240848243,0.05163283246585632
2025-06-18 22:00:00,17.07463715206041,8.36675465074189,7.193628701331015,0.05110163968694882
2025-06-18 23:00:00,17.790507622665864,8.170752832780305,7.310027462262497,0.049635892690549036
2025-06-19 00:00:00,17.87577814359722,7.634563434962004,7.300082466592584,0.054411152967473286
2025-06-19 01:00:00,18.526337496714255,7.403693228866423,7.265832930267024,0.05226215317689553
2025-06-19 02:00:00,19.599116246707993,7.104666059054361,7.246864013734717,0.048081348896810275
2025-06-19 03:00:00,19.28066067604707,7.388386528999234,7.321252113798557,0.04182003677680136
2025-06-19 04:00:00,19.701230103336403,6.964751118882462,7.260218251311087,0.04186267272335528
2025-06-19 05:00:00,20.03342800729612,6.586436136596095,7.329247683079325,0.056253183168047394
2025-06-19 06:00:00,19.974938585253035,6.813939086207682,7.303150637796939,0.039762958922590776
2025-06-19 07:00:00,20.056323303487453,6.855364432263022,7.331447125369981,0.04650168564223696
2025-06-19 08:00:00,19.51236834599002,6.636362685477349,7.3346630396377295,0.042359484885999645
2025-06-19 09:00:00,19.722948763843238,6.922603878913951,7.349483287931382,0.04497222268614342
2025-06-19 10:00:00,19.13024179898472,7.030721463036737,7.236759013624609,0.04392543708428086
2025-06-19 11:00:00,18.49166030120481,7.138465499867549,7.32597641269466,0.05145625582889865
2025-06-19 12:00:00,17.95498775550955,7.781448269834575,7.28848897596236,0.030383610778007247
2025-06-19 13:00:00,17.469429347932476,8.202864290050735,7.293986145893368,0.04441213796695205
2025-06-19 14:00:00,16.601579726573842,8.492592558188326,7.315836693905295,0.04257861290176863
2025-06-19 15:00:00,16.715110453297115,8.80017799570493,7.3308617261005296,0.0385236633085472
2025-06-19 16:00:00,16.40114138229456,9.104123297857365,7.340530162723434,0.03763394324486776
2025-06-19 17:00:00,16.000306668542006,9.022469261144401,7.38217581333271,0.022857694306487465
2025-06-19 18:00:00,15.775305394970763,9.064880852055653,7.3469361686483,0.032326030825540364
2025-06-19 19:00:00,15.50351056704843,8.884878657278893,7.384413601651134,0.033588483128801076
2025-06-19 20:00:00,16.71167834144192,8.829155149894989,7.391008656019519,0.03715542100606265
2025-06-19 21:00:00,16.599476968471432,8.570239070095077,7.390953019656116,0.03695754367686719
2025-06-19 22:00:00,17.106962799110615,8.412914806114959,7.428779058542144,0.027178977139399006
2025-06-19 23:00:00,17.66230683195788,8.18144020310863,7.404506435765109,0.03435581509855874
2025-06-20 00:00:00,17.81982035207846,7.759926056750748,7.3903480858693555,0.032493589668568905
2025-06-20 01:00:00,18.62728887636663,7.434386752951067,7.430709427288927,0.03296930475056851
2025-06-20 02:00:00,18.845939421348255,6.982619377613831,7.472182467652878,0.028976306841451555
2025-06-20 03:00:00,19.513920339996723,7.023392653407077,7.391727231900183,0.028776265074435547
2025-06-20 04:00:00,20.066677227658843,7.013157253306393,7.423253803137865,0.026100301021541136
2025-06-20 05:00:00,20.223897416762995,6.643114201612504,7.4308980449148,0.0326192088029361
2025-06-20 06:00:00,19.29785207618895,6.487873433352309,7.499310187724167,0.034100792767741236
2025-06-20 07:00:00,20.36190941144645,6.691274368643049,7.423964249692791,0.03179889144952915
2025-06-20 08:00:00,20.01649886676063,6.615619125702658,7.490598723687902,0.030104759525146702
2025-06-20 09:00:00,19.31809842230581,7.188865713890235,7.440164324537091,0.03237390799248685
2025-06-20 10:00:00,18.81592767705999,7.233864452313385,7.454046777395017,0.03193403472670198
2025-06-20 11:00:00,18.2698268787617,7.48049079014016,7.412584505406803,0.036972530771462724
2025-06-20 12:00:00,17.603418979217672,7.816016660361859,7.495669841727276,0.035004360275747964
2025-06-20 13:00:00,17.682887025754457,8.434485685376332,7.448981520955313,0.028427211081838648
2025-06-20 14:00:00,17.21530372230893,8.261261440244919,7.540196660426996,0.031986878414650234
2025-06-20 15:00:00,16.726863374448374,8.759078777208074,7.45238421571689,0.0266359047488174
2025-06-20 16:00:00,16.403058730192416,8.4424712166715,7.530691215813902,0.0361673424823701
2025-06-20 17:00:00,16.608680809283527,8.6200303402256,7.495319511009333,0.03733576266572291
2025-06-20 18:00:00,16.102429052246087,9.104722177083595,7.52473470183553,0.03730113293291468
2025-06-20 19:00:00,15.747545041092955,8.708954926418542,7.470139060778107,0.03728208883480632
2025-06-20 20:00:00,16.051896796335946,8.821191954939202,7.5223530952085405,0.045398816604516064
2025-06-20 21:00:00,16.923658905261938,8.520270275616864,7.546326971745293,0.04728249135508146
2025-06-20 22:00:00,16.99557659006662,8.059658094371345,7.5078458555237555,0.03816352712421183
2025-06-20 23:00:00,16.947342454534684,8.05846391842295,7.560877109597361,0.04164874360282263
2025-06-21 00:00:00,18.17506950201987,7.38584389175273,7.520126952541898,0.034662105320596735
2025-06-21 01:00:00,18.71353311053498,7.4776630095413354,7.5608985377514895,0.04797275046254326
2025-06-21 02:00:00,18.81834471082499,7.235612459308817,7.553839029368255,0.04226461027379522
2025-06-21 03:00:00,19.517985306532893,7.035843809241187,7.496211624798034,0.04444585594274208
2025-06-21 04:00:00,19.326820212812255,6.780259674313403,7.556211511151358,0.04771647056907965
2025-06-21 05:00:00,19.851135189950806,6.6399095222025775,7.522129836887978,0.0522015586232024
2025-06-21 06:00:00,20.17294434082928,6.8616365661765455,7.610116197219721,0.03681546495565745
2025-06-21 07:00:00,19.884828646076656,6.748648269035413,7.502532997526329,0.04292409377485979
2025-06-21 08:00:00,19.796037783233942,6.654738476277556,7.4952266927784965,0.04369614894764027
2025-06-21 09:00:00,19.126337821883453,6.990345281149179,7.568496979145668,0.04332457609039524
2025-06-21 10:00:00,18.96137153047808,7.19805518352747,7.442237447824839,0.04417594478165283
2025-06-21 11:00:00,18.574061294516607,7.679231633760338,7.5182664334382086,0.05310910187747886
2025-06-21 12:00:00,17.627973266587023,7.958958160410394,7.4908639561038655,0.04198083791510782
2025-06-21 13:00:00,17.435835133076026,8.290194688777563,7.551333149358813,0.04920697887381207
2025-06-21 14:00:00,17.401297400737594,8.461712626577716,7.538219003866399,0.0519729370164609
2025-06-21 15:00:00,16.668373199604705,8.582173794519033,7.497329753136442,0.0541937220560028
2025-06-21 16:00:00,15.958489587439223,8.480459145718525,7.435072616908033,0.0481416367511543
2025-06-21 17:00:00,15.802835286868536,8.790922768090876,7.545444396954299,0.050387001364661635
2025-06-21 18:00:00,16.505896958950352,8.921721534682016,7.487811452444124,0.04565260370818883
2025-06-21 19:00:00,16.65247557552415,8.917074587640528,7.551838546127621,0.05456486107332553
2025-06-21 20:00:00,16.61073198642456,8.864469382876354,7.5357916454591365,0.038819086842421385
2025-06-21 21:00:00,16.43108448622004,8.833952050851384,7.466434165341087,0.04534243538350581
2025-06-21 22:00:00,16.95074907234491,8.592061044931391,7.4642091231673975,0.0448050780530207
2025-06-21 23:00:00,17.001509472036837,8.038071033637607,7.451706002296514,0.04165188996401145
2025-06-22 00:00:00,17.680040503198402,8.179274769929087,7.37254475767987,0.04931435137667122
2025-06-22 01:00:00,18.497199102087684,7.64932895703724,7.434660974951823,0.05055691739092695
2025-06-22 02:00:00,19.02644768768105,7.147310665906071,7.560051001783497,0.04116586076731373
2025-06-22 03:00:00,19.39536401973529,7.104182186991422,7.418932469817798,0.04503993189886531
2025-06-22 04:00:00,19.636471937723496,6.919535039329917,7.430986326629016,0.041943402232444534
2025-06-22 05:00:00,19.97813386932539,6.601442205245649,7.44073813235671,0.03836251822925487
2025-06-22 06:00:00,20.088776200262284,6.495589667847474,7.546349525899537,0.04616933274983543
2025-06-22 07:00:00,19.808673641765296,6.672545740190541,7.387512364311755,0.04598723239140896
2025-06-22 08:00:00,19.523065865132494,6.841701922503372,7.394669444355471,0.048825102572969833
2025-06-22 09:00:00,19.42133692113317,6.87585476633714,7.416791386585653,0.04032465968005592
2025-06-22 10:00:00,19.001478172757274,7.406054422111804,7.433362634226902,0.03658343596539335
2025-06-22 11:00:00,18.209745978365824,7.491302325540873,7.381578070540396,0.042196964099201546
2025-06-22 12:00:00,17.73362206028442,7.8936552540459015,7.402175603608018,0.03740179651664365
2025-06-22 13:00:00,17.66149690443577,8.037206085362405,7.445774020569876,0.04706045366371375
2025-06-22 14:00:00,17.145059111759718,8.379623027514166,7.40592027537466,0.040720779260752425
2025-06-22 15:00:00,16.75147536751287,8.90621686085446,7.366306341881885,0.03076208340422694
2025-06-22 16:00:00,16.188666466330087,8.508473278429115,7.4076456981919305,0.03505804527007169
2025-06-22 17:00:00,16.287730085350162,8.952710430502698,7.342424998624552,0.04076856524725094
2025-06-22 18:00:00,16.182499586195885,8.992608741635458,7.283475746730443,0.041146117102831496
2025-06-22 19:00:00,15.861164334984863,9.239319841939421,7.388536424891046,0.0247501456047483
2025-06-22 20:00:00,16.04144917975924,8.724649000586556,7.337593404370567,0.03833408252978528
2025-06-22 21:00:00,16.764287327499538,8.666669537192389,7.3071088730353715,0.03927366841372404
2025-06-22 22:00:00,17.089372069294377,8.42856883663754,7.274562135316235,0.033381860469463384
2025-06-22 23:00:00,17.4439487488591,8.247629711059043,7.350424981979457,0.029357150350026468
2025-06-23 00:00:00,18.08625550116693,7.827879343968589,7.361551858774589,0.029604390929216556
2025-06-23 01:00:00,18.70365400878078,7.4246427871337195,7.346104726559454,0.03859950076497491
2025-06-23 02:00:00,18.636024137335642,7.351860079106151,7.382719373539492,0.03583394261243423
2025-06-23 03:00:00,19.229431668606118,7.107913412223694,7.283850146498825,0.02539356312764543
2025-06-23 04:00:00,19.722755612954796,6.887204717897136,7.313616866905647,0.03294728232570787
2025-06-23 05:00:00,20.019296184541147,6.661778020928599,7.356359764547756,0.021479156055554956
2025-06-23 06:00:00,20.101240569068473,6.821773390485368,7.241681483148609,0.026141192814862855
2025-06-23 07:00:00,20.228271360409778,6.655296642482389,7.312675926268688,0.016686321455622707
2025-06-23 08:00:00,19.75967611498,6.716994131827249,7.324427588887568,0.037894770290633525
2025-06-23 09:00:00,19.36893610114891,6.8909563064867125,7.288734523988981,0.03390908573515711
2025-06-23 10:00:00,18.94425511120997,7.198071429546399,7.334867408230347,0.030198716710225094
2025-06-23 11:00:00,18.710794410563686,7.669959498757694,7.3057476438501965,0.030606733122410267
2025-06-23 12:00:00,17.83838587808347,8.048599161698931,7.321409156548571,0.028993869600474405
2025-06-23 13:00:00,17.988267577835266,8.00253439183583,7.39436952290039,0.03381989225386152
2025-06-23 14:00:00,16.897318756910575,8.479241143844266,7.296456143542392,0.030451785564433585
2025-06-23 15:00:00,16.72193665774612,8.642108074657607,7.331743258220887,0.028573689672676855
2025-06-23 16:00:00,15.99289969013056,9.059904871261852,7.298928110576244,0.03224416785339564
2025-06-23 17:00:00,16.254504486640872,9.041446263651661,7.325777843340668,0.03949774728471712
2025-06-23 18:00:00,16.20799027546958,9.23717543883058,7.293194983158565,0.030732485669069016
2025-06-23 19:00:00,16.248959034174437,8.910931951292358,7.27099967749714,0.02856406106343256
2025-06-23 20:00:00,16.561337132314943,8.397891830640479,7.247989888068399,0.051888296496868914
2025-06-23 21:00:00,16.428541613273076,8.471539311920077,7.316995600696354,0.029870276822296822
2025-06-23 22:00:00,16.98931084822206,8.552090289181892,7.340167979158599,0.03704957411859532
2025-06-23 23:00:00,17.51185880611798,8.274007410597486,7.307574933595438,0.041458295086716015
2025-06-24 00:00:00,18.23694667135164,7.713558852677276,7.320321312142645,0.039940924894654416
2025-06-24 01:00:00,19.056784117401143,7.374261880987755,7.245621283200528,0.04405045610550412
2025-06-24 02:00:00,18.56259728546701,7.244767387106069,7.282756873316445,0.04722168708611827
2025-06-24 03:00:00,19.462049431909012,7.050717307719093,7.292522867213164,0.04421674773504696
2025-06-24 04:00:00,19.241959594648634,6.657574413699883,7.293044763292831,0.04182669237811925
2025-06-24 05:00:00,19.607767455947425,6.487645231796437,7.279988087121665,0.042542543464182445
2025-06-24 06:00:00,19.769943243713975,7.094041856734601,7.282838554937069,0.04171355028108535
2025-06-24 07:00:00,19.58260883013838,6.9460374696262335,7.28211972052977,0.04402003743316641
2025-06-24 08:00:00,19.60559703987419,6.802340594806947,7.25618257523612,0.043025396263253794
2025-06-24 09:00:00,19.637182592049978,7.158676224406766,7.3312240836877125,0.04799390991255707
2025-06-24 10:00:00,19.31012068234712,7.36098342310454,7.300376138624882,0.04116713823132173
2025-06-24 11:00:00,18.86496849367393,7.784431404138122,7.310132904409357,0.054375539135592815
2025-06-24 12:00:00,17.41964205901174,7.673650467442956,7.279899377372439,0.049851802987729704
2025-06-24 13:00:00,17.662019774350014,8.307720279216115,7.331372918695077,0.048479552178438474
2025-06-24 14:00:00,16.19975773577248,8.288935345606255,7.333281159868472,0.049995048616871936
2025-06-24 15:00:00,16.271757884059898,8.946094399022325,7.341658697404752,0.052310447802023326
2025-06-24 16:00:00,16.340302033317478,8.780592163863538,7.263976551063634,0.05080170580637509
2025-06-24 17:00:00,15.815248546673995,8.690974387197032,7.344755870949618,0.04797650505314818
2025-06-24 18:00:00,16.212949909641033,9.036348564797244,7.331684285271207,0.052622736503338645
2025-06-24 19:00:00,16.704217312498834,8.913182487080455,7.414905899793461,0.04408345966943322
2025-06-24 20:00:00,16.77075115168732,8.80691837582427,7.394178759963002,0.04392859567462904
2025-06-24 21:00:00,16.493383019543455,8.720545091197444,7.366295667122777,0.05249571715534847
2025-06-24 22:00:00,16.622201791920034,8.512069391652254,7.4054806129239354,0.05914369325620999
2025-06-24 23:00:00,17.38624214942199,8.184708337665748,7.461907535977726,0.045424579178410106
2025-06-25 00:00:00,18.28465906893772,8.214719619060316,7.450461210866184,0.04932994474398811
2025-06-25 01:00:00,18.600442742584953,7.324851050877243,7.404918004242255,0.046799264006603385
2025-06-25 02:00:00,19.08976350248134,7.143834190299583,7.4233186028516185,0.04215843529629247
2025-06-25 03:00:00,19.689617770580103,6.651209624532404,7.435357933946547,0.04459453918165627
2025-06-25 04:00:00,19.844261251336214,6.9348363680343645,7.446898195862319,0.03762973659200452
2025-06-25 05:00:00,20.219237960336077,6.743857686072636,7.480449807446738,0.046996897452099784
2025-06-25 06:00:00,19.93169952957855,6.7394486286806785,7.426522451347198,0.05153523795713883
2025-06-25 07:00:00,20.23577984737326,6.885803558893987,7.450953793880012,0.0446694652023402
2025-06-25 08:00:00,19.64611352439543,6.761950787983841,7.408299971146757,0.04589344244291359
2025-06-25 09:00:00,19.756793937340877,6.874535215112841,7.435517686988277,0.04358095682276645
2025-06-25 10:00:00,18.806839968845143,7.2887826115504195,7.47602931333662,0.04806836592420272
2025-06-25 11:00:00,18.450593598539427,7.71988067084032,7.441121717215569,0.034445928550395834
2025-06-25 12:00:00,18.114474492839154,7.8705017754391555,7.4266453948129065,0.034119898346924894
2025-06-25 13:00:00,17.365496253342748,8.054111905972773,7.470092889876303,0.04648906511911512
2025-06-25 14:00:00,16.707308897295253,8.695211477459441,7.442747398313928,0.027333060498250204
2025-06-25 15:00:00,16.521416942317355,8.86217588977322,7.583318104969833,0.028892028822470477
2025-06-25 16:00:00,16.522985741431672,8.984347973084624,7.451509694545667,0.03160643578157763
2025-06-25 17:00:00,16.164328475677653,8.9593417172758,7.492809804513134,0.03501413217923956
2025-06-25 18:00:00,15.715799069349721,9.231160690234702,7.533835356276529,0.037149098897097256
2025-06-25 19:00:00,16.103084649600454,8.793603915502121,7.435777072562854,0.039575147118699604
2025-06-25 20:00:00,16.118015876016063,8.702382585566099,7.537034245450282,0.023844132263789033
2025-06-25 21:00:00,16.727859880748305,8.509312150988654,7.504137428954676,0.03284891451556699
2025-06-25 22:00:00,17.090536442997415,8.599658065077326,7.512599566101822,0.03768401630808266
2025-06-25 23:00:00,18.0000611907339,8.010203934599254,7.509209483927238,0.02686675844029949
2025-06-26 00:00:00,18.1525839623285,7.5391992475826015,7.530557531361355,0.0323915607470522
2025-06-26 01:00:00,18.50256485753317,7.718552990643008,7.55180860672494,0.03143462822158594
2025-06-26 02:00:00,18.95933401119832,7.625041075420003,7.490266008556684,0.030256520174647597
2025-06-26 03:00:00,19.577433317675357,7.178346319976333,7.495349394788299,0.037106601238938226
2025-06-26 04:00:00,19.58787206667557,6.91706104715318,7.497050385574978,0.03916169168308045
2025-06-26 05:00:00,20.48191151576126,6.4673793224175835,7.487642927157279,0.02918413387053593
2025-06-26 06:00:00,19.87173084989181,6.569779448982408,7.49309087898527,0.03358840912826129
2025-06-26 07:00:00,19.727365781506787,6.8014500089206225,7.586101703550262,0.037414554259870295
2025-06-26 08:00:00,19.40965511942683,7.070493493899364,7.501900785306336,0.02964792223047367
2025-06-26 09:00:00,19.50940183460038,6.961209834130589,7.4983827335374365,0.02876302977983016
2025-06-26 10:00:00,19.17866891068184,7.300591966176303,7.613384912940763,0.039339389160131355
2025-06-26 11:00:00,18.2635288962513,7.664925381468681,7.493841066170441,0.032019292041497525
2025-06-26 12:00:00,17.68107567651318,7.74711331852509,7.529734106958615,0.03333838758066937
2025-06-26 13:00:00,17.136976006139253,8.565427697315029,7.516392267291427,0.029981261793407824
2025-06-26 14:00:00,17.00693654067618,8.355001615481598,7.541827615861444,0.040995087988910696
2025-06-26 15:00:00,16.79773922734982,8.942978957016415,7.469173646671019,0.03013564991923719
2025-06-26 16:00:00,16.17919962466943,8.734545552744459,7.5062950743634795,0.024693101436319094
2025-06-26 17:00:00,16.097502804825222,8.866948868591711,7.5214263796118255,0.024525385249494863
2025-06-26 18:00:00,16.261270643806625,9.063852979101375,7.5190345046174265,0.03488000440348268
2025-06-26 19:00:00,16.441653348397622,8.666790373758353,7.454751790129308,0.040764258099645644
2025-06-26 20:00:00,16.116244669110984,8.85207188598619,7.513721341292413,0.039839812602330556
2025-06-26 21:00:00,16.29240452427519,8.59164242161534,7.537300165090287,0.0397568270360341
2025-06-26 22:00:00,17.18185385023765,8.566999064363475,7.497627117078248,0.038665372943695556
2025-06-26 23:00:00,17.83808262978047,8.414112069823057,7.403025495517788,0.039948723695663754
2025-06-27 00:00:00,17.94887885607761,7.780892130992344,7.485611858371504,0.03830338262457958
2025-06-27 01:00:00,18.406322713977847,7.610585086621093,7.441011818053956,0.04494074046299774
2025-06-27 02:00:00,19.285887866848206,7.403421141594065,7.477468113705475,0.03574365657921245
2025-06-27 03:00:00,19.46490315451164,7.469038274060153,7.366699240233278,0.03994025384591125
2025-06-27 04:00:00,19.89279642362698,6.618354932556395,7.450995305806359,0.04445288733182236
2025-06-27 05:00:00,19.534678541770305,6.5965563083784735,7.419456194038421,0.03519467882525096
2025-06-27 06:00:00,19.679487558383553,6.482921249610013,7.459376534906345,0.04218993207936381
2025-06-27 07:00:00,19.813265572354275,6.518041314883781,7.446746930131654,0.04876248988777549
2025-06-27 08:00:00,20.23839786918167,6.930739453348798,7.43058125010914,0.0497809802788191
2025-06-27 09:00:00,19.168232932546537,6.751300199374783,7.392408032863116,0.05155293996557325
2025-06-27 10:00:00,18.420083540211014,7.205219404831332,7.349920898473632,0.04423809786515996
2025-06-27 11:00:00,18.218846891672435,7.978277994118349,7.370315780162325,0.05063354068728112
2025-06-27 12:00:00,17.602672364260428,7.862862357891344,7.3687522217837085,0.049082859151076956
2025-06-27 13:00:00,17.341863993515673,8.393957969176741,7.327516020564152,0.04759600901065752
2025-06-27 14:00:00,17.032691077445744,8.673897404234081,7.348429818106153,0.05536426313971204
2025-06-27 15:00:00,16.880758661567082,8.51926674540519,7.382089658088798,0.044838404413814564
2025-06-27 16:00:00,16.375977167408045,8.707693264172486,7.349930412753219,0.049833170381787265
2025-06-27 17:00:00,15.839188095702474,9.08547406933436,7.451274098609234,0.04872721588945084
2025-06-27 18:00:00,15.624326085780945,9.106382518419643,7.222100066335233,0.04753223733177898
2025-06-27 19:00:00,16.247342539808358,8.833294397068398,7.311761766458745,0.048385650841114944
2025-06-27 20:00:00,16.198510175877672,8.877437869473205,7.355944185488574,0.047292434563643675
2025-06-27 21:00:00,16.629486941602103,8.955757219076686,7.312027882461477,0.04942205779170989
2025-06-27 22:00:00,17.14978128029455,8.119581420466233,7.315056315114706,0.05207503138525665
2025-06-27 23:00:00,17.05926610229498,8.201897193607982,7.304435026973802,0.05419848028030682
2025-06-28 00:00:00,18.033651303743795,7.562625364088984,7.302973564004962,0.04754955256940218
2025-06-28 01:00:00,18.421604026881685,7.246144375263649,7.3209718786137765,0.05599548690371242
2025-06-28 02:00:00,18.623287767300138,7.089466875574182,7.294085717405514,0.037721995888842244
2025-06-28 03:00:00,19.538014506613965,6.6579074104248805,7.2651640302078535,0.04111880699790804
2025-06-28 04:00:00,19.6418053028686,6.469845419946096,7.313259199417364,0.0492405508513247
2025-06-28 05:00:00,19.938359560128827,6.805056029365043,7.241861669075995,0.04412546582432251
2025-06-28 06:00:00,20.281016256946604,6.600775075521875,7.359821468780611,0.04118807624291183
2025-06-28 07:00:00,19.945739261371262,6.515027534406797,7.266535132080672,0.05188161184203109
2025-06-28 08:00:00,19.447353968805835,6.4473145417982485,7.272184170737688,0.03886195631002142
2025-06-28 09:00:00,19.53325264270792,7.045127807773291,7.2973734599334055,0.043892648089501704
2025-06-28 10:00:00,19.296885605404295,7.259424466049572,7.3396490635660925,0.04425982601178386
2025-06-28 11:00:00,18.285607644467326,7.660576172452678,7.227313194974313,0.040439653035076
2025-06-28 12:00:00,17.72593087749286,7.552929672902125,7.280610528076046,0.03533784763339588
2025-06-28 13:00:00,17.48766113074731,8.090305315662608,7.378212880700074,0.04446366002930129
2025-06-28 14:00:00,17.322622392431757,8.485804751211603,7.320160181911703,0.03831975049876142
2025-06-28 15:00:00,17.01646423175696,8.700316361452737,7.269423653879678,0.03809543592905536
2025-06-28 16:00:00,15.950801010783714,8.926442416091719,7.245384526897973,0.026702557960805787
2025-06-28 17:00:00,16.155852481396106,8.956695269350938,7.2918223632438695,0.03903901781080783
2025-06-28 18:00:00,16.148154441845328,9.21324654248423,7.3567727220251316,0.037072360963885366
2025-06-28 19:00:00,16.146468404297686,9.18933436806806,7.254947741501814,0.033664656028281614
2025-06-28 20:00:00,16.68962540540851,9.063127140711792,7.3081584722383806,0.034600742610173284
2025-06-28 21:00:00,16.78362994418016,8.567156620827296,7.33749897690961,0.040984768203324654
2025-06-28 22:00:00,17.312888460569738,8.448319190103621,7.268869840169642,0.024970079147343578
2025-06-28 23:00:00,17.32640263699232,7.896354576437839,7.261700476133035,0.02846187721537493
2025-06-29 00:00:00,18.138493995753578,7.812353534827889,7.24839402967501,0.035307387444853795
2025-06-29 01:00:00,18.03752739145192,7.670781692183866,7.279710230333117,0.041152338035493556
2025-06-29 02:00:00,19.200917731012417,6.960424894682428,7.281852742544747,0.033505268138053386
2025-06-29 03:00:00,19.406703584983653,6.6197670969110645,7.347016478871797,0.03160673683851863
2025-06-29 04:00:00,19.85123405710014,6.73669870623475,7.226644955652178,0.029561238462317115
2025-06-29 05:00:00,20.000464714163986,6.525357124997327,7.264233743106277,0.03809334550238902
2025-06-29 06:00:00,19.957841652896754,6.478278311532517,7.31870382274408,0.02841495282561337
2025-06-29 07:00:00,19.703837660294443,6.821562043289289,7.2783812086807815,0.0297293174347232
2025-06-29 08:00:00,19.827946477267833,6.81986772591014,7.3356901514712325,0.03159490878518708
2025-06-29 09:00:00,19.19161784643436,6.932149227968993,7.370812912313606,0.02093573268312655
2025-06-29 10:00:00,18.86249828768708,7.219039820459165,7.260888936968139,0.025715240568858683
2025-06-29 11:00:00,18.703045326626686,7.430005194953874,7.358813313998965,0.033408944350917825
2025-06-29 12:00:00,18.295295640115143,7.710780286030868,7.364077381449255,0.028718824993163368
2025-06-29 13:00:00,17.348684086690035,8.295770328066817,7.306201556054712,0.033571996905570216
2025-06-29 14:00:00,16.703527049451484,8.389123086334008,7.408322312819301,0.03546442332546017
2025-06-29 15:00:00,16.691310714606185,8.418950073148604,7.372294819072749,0.03780016540950669
2025-06-29 16:00:00,16.39515713065247,8.688029825388298,7.339934745575653,0.032833962529014236
2025-06-29 17:00:00,15.802112368434635,9.124798011521136,7.366097730780578,0.0391941919677204
2025-06-29 18:00:00,15.821455890911874,9.078256501954446,7.316181968446915,0.03525230622614291
2025-06-29 19:00:00,16.32853207849214,8.775150555973795,7.332726885496402,0.036462134015008495
2025-06-29 20:00:00,16.662359789693255,8.706591755140417,7.332044504749579,0.04020262214359084
2025-06-29 21:00:00,16.63179787435722,8.46478452276994,7.42323543200658,0.03280586434289199
2025-06-29 22:00:00,17.24248912695197,8.533196364809143,7.399272683805113,0.04388946718798383
2025-06-29 23:00:00,17.60644443272016,8.164262363988527,7.409649062684089,0.05349616862058987
